endpoint,url_path,profile,profile_name,owner_merchant,event_types
0,/0,A,merchant_backend,A0000,payment.authorized|payment.captured|payment.failed|refund.created|refund.settled|payout.paid|dispute.opened|dispute.won|dispute.lost|subscription.renewed|subscription.cancelled
1,/1,A,merchant_backend,A0001,payment.authorized|payment.captured|payment.failed|refund.created|refund.settled|payout.paid|dispute.opened|dispute.won|dispute.lost|subscription.renewed|subscription.cancelled
2,/2,A,merchant_backend,A0002,payment.authorized|payment.captured|payment.failed|refund.created|refund.settled|payout.paid|dispute.opened|dispute.won|dispute.lost|subscription.renewed|subscription.cancelled
3,/3,A,merchant_backend,A0003,payment.authorized|payment.captured|payment.failed|refund.created|refund.settled|payout.paid|dispute.opened|dispute.won|dispute.lost|subscription.renewed|subscription.cancelled
4,/4,A,merchant_backend,A0004,payment.authorized|payment.captured|payment.failed|refund.created|refund.settled|payout.paid|dispute.opened|dispute.won|dispute.lost|subscription.renewed|subscription.cancelled
5,/5,A,merchant_backend,A0005,payment.authorized|payment.captured|payment.failed|refund.created|refund.settled|payout.paid|dispute.opened|dispute.won|dispute.lost|subscription.renewed|subscription.cancelled
6,/6,A,merchant_backend,A0006,payment.authorized|payment.captured|payment.failed|refund.created|refund.settled|payout.paid|dispute.opened|dispute.won|dispute.lost|subscription.renewed|subscription.cancelled
7,/7,A,merchant_backend,A0007,payment.authorized|payment.captured|payment.failed|refund.created|refund.settled|payout.paid|dispute.opened|dispute.won|dispute.lost|subscription.renewed|subscription.cancelled
8,/8,A,merchant_backend,A0008,payment.authorized|payment.captured|payment.failed|refund.created|refund.settled|payout.paid|dispute.opened|dispute.won|dispute.lost|subscription.renewed|subscription.cancelled
9,/9,A,merchant_backend,A0009,payment.authorized|payment.captured|payment.failed|refund.created|refund.settled|payout.paid|dispute.opened|dispute.won|dispute.lost|subscription.renewed|subscription.cancelled
10,/10,A,merchant_backend,A0010,payment.authorized|payment.captured|payment.failed|refund.created|refund.settled|payout.paid|dispute.opened|dispute.won|dispute.lost|subscription.renewed|subscription.cancelled
11,/11,A,merchant_backend,A0011,payment.authorized|payment.captured|payment.failed|refund.created|refund.settled|payout.paid|dispute.opened|dispute.won|dispute.lost|subscription.renewed|subscription.cancelled
12,/12,A,merchant_backend,A0012,payment.authorized|payment.captured|payment.failed|refund.created|refund.settled|payout.paid|dispute.opened|dispute.won|dispute.lost|subscription.renewed|subscription.cancelled
13,/13,A,merchant_backend,A0013,payment.authorized|payment.captured|payment.failed|refund.created|refund.settled|payout.paid|dispute.opened|dispute.won|dispute.lost|subscription.renewed|subscription.cancelled
14,/14,A,merchant_backend,A0014,payment.authorized|payment.captured|payment.failed|refund.created|refund.settled|payout.paid|dispute.opened|dispute.won|dispute.lost|subscription.renewed|subscription.cancelled
15,/15,A,merchant_backend,A0015,payment.authorized|payment.captured|payment.failed|refund.created|refund.settled|payout.paid|dispute.opened|dispute.won|dispute.lost|subscription.renewed|subscription.cancelled
16,/16,A,merchant_backend,A0016,payment.authorized|payment.captured|payment.failed|refund.created|refund.settled|payout.paid|dispute.opened|dispute.won|dispute.lost|subscription.renewed|subscription.cancelled
17,/17,A,merchant_backend,A0017,payment.authorized|payment.captured|payment.failed|refund.created|refund.settled|payout.paid|dispute.opened|dispute.won|dispute.lost|subscription.renewed|subscription.cancelled
18,/18,A,merchant_backend,A0018,payment.authorized|payment.captured|payment.failed|refund.created|refund.settled|payout.paid|dispute.opened|dispute.won|dispute.lost|subscription.renewed|subscription.cancelled
19,/19,A,merchant_backend,A0019,payment.authorized|payment.captured|payment.failed|refund.created|refund.settled|payout.paid|dispute.opened|dispute.won|dispute.lost|subscription.renewed|subscription.cancelled
20,/20,A,merchant_backend,A0020,payment.authorized|payment.captured|payment.failed|refund.created|refund.settled|payout.paid|dispute.opened|dispute.won|dispute.lost|subscription.renewed|subscription.cancelled
21,/21,A,merchant_backend,A0021,payment.authorized|payment.captured|payment.failed|refund.created|refund.settled|payout.paid|dispute.opened|dispute.won|dispute.lost|subscription.renewed|subscription.cancelled
22,/22,A,merchant_backend,A0022,payment.authorized|payment.captured|payment.failed|refund.created|refund.settled|payout.paid|dispute.opened|dispute.won|dispute.lost|subscription.renewed|subscription.cancelled
23,/23,A,merchant_backend,A0023,payment.authorized|payment.captured|payment.failed|refund.created|refund.settled|payout.paid|dispute.opened|dispute.won|dispute.lost|subscription.renewed|subscription.cancelled
24,/24,A,merchant_backend,A0024,payment.authorized|payment.captured|payment.failed|refund.created|refund.settled|payout.paid|dispute.opened|dispute.won|dispute.lost|subscription.renewed|subscription.cancelled
25,/25,A,merchant_backend,A0025,payment.authorized|payment.captured|payment.failed|refund.created|refund.settled|payout.paid|dispute.opened|dispute.won|dispute.lost|subscription.renewed|subscription.cancelled
26,/26,A,merchant_backend,A0026,payment.authorized|payment.captured|payment.failed|refund.created|refund.settled|payout.paid|dispute.opened|dispute.won|dispute.lost|subscription.renewed|subscription.cancelled
27,/27,A,merchant_backend,A0027,payment.authorized|payment.captured|payment.failed|refund.created|refund.settled|payout.paid|dispute.opened|dispute.won|dispute.lost|subscription.renewed|subscription.cancelled
28,/28,A,merchant_backend,A0028,payment.authorized|payment.captured|payment.failed|refund.created|refund.settled|payout.paid|dispute.opened|dispute.won|dispute.lost|subscription.renewed|subscription.cancelled
29,/29,A,merchant_backend,A0029,payment.authorized|payment.captured|payment.failed|refund.created|refund.settled|payout.paid|dispute.opened|dispute.won|dispute.lost|subscription.renewed|subscription.cancelled
30,/30,A,merchant_backend,A0030,payment.authorized|payment.captured|payment.failed|refund.created|refund.settled|payout.paid|dispute.opened|dispute.won|dispute.lost|subscription.renewed|subscription.cancelled
31,/31,A,merchant_backend,A0031,payment.authorized|payment.captured|payment.failed|refund.created|refund.settled|payout.paid|dispute.opened|dispute.won|dispute.lost|subscription.renewed|subscription.cancelled
32,/32,A,merchant_backend,A0032,payment.authorized|payment.captured|payment.failed|refund.created|refund.settled|payout.paid|dispute.opened|dispute.won|dispute.lost|subscription.renewed|subscription.cancelled
33,/33,A,merchant_backend,A0033,payment.authorized|payment.captured|payment.failed|refund.created|refund.settled|payout.paid|dispute.opened|dispute.won|dispute.lost|subscription.renewed|subscription.cancelled
34,/34,A,merchant_backend,A0034,payment.authorized|payment.captured|payment.failed|refund.created|refund.settled|payout.paid|dispute.opened|dispute.won|dispute.lost|subscription.renewed|subscription.cancelled
35,/35,A,merchant_backend,A0035,payment.authorized|payment.captured|payment.failed|refund.created|refund.settled|payout.paid|dispute.opened|dispute.won|dispute.lost|subscription.renewed|subscription.cancelled
36,/36,A,merchant_backend,A0036,payment.authorized|payment.captured|payment.failed|refund.created|refund.settled|payout.paid|dispute.opened|dispute.won|dispute.lost|subscription.renewed|subscription.cancelled
37,/37,A,merchant_backend,A0037,payment.authorized|payment.captured|payment.failed|refund.created|refund.settled|payout.paid|dispute.opened|dispute.won|dispute.lost|subscription.renewed|subscription.cancelled
38,/38,A,merchant_backend,A0038,payment.authorized|payment.captured|payment.failed|refund.created|refund.settled|payout.paid|dispute.opened|dispute.won|dispute.lost|subscription.renewed|subscription.cancelled
39,/39,A,merchant_backend,A0039,payment.authorized|payment.captured|payment.failed|refund.created|refund.settled|payout.paid|dispute.opened|dispute.won|dispute.lost|subscription.renewed|subscription.cancelled
40,/40,A,merchant_backend,A0040,payment.authorized|payment.captured|payment.failed|refund.created|refund.settled|payout.paid|dispute.opened|dispute.won|dispute.lost|subscription.renewed|subscription.cancelled
41,/41,A,merchant_backend,A0041,payment.authorized|payment.captured|payment.failed|refund.created|refund.settled|payout.paid|dispute.opened|dispute.won|dispute.lost|subscription.renewed|subscription.cancelled
42,/42,A,merchant_backend,A0042,payment.authorized|payment.captured|payment.failed|refund.created|refund.settled|payout.paid|dispute.opened|dispute.won|dispute.lost|subscription.renewed|subscription.cancelled
43,/43,A,merchant_backend,A0043,payment.authorized|payment.captured|payment.failed|refund.created|refund.settled|payout.paid|dispute.opened|dispute.won|dispute.lost|subscription.renewed|subscription.cancelled
44,/44,A,merchant_backend,A0044,payment.authorized|payment.captured|payment.failed|refund.created|refund.settled|payout.paid|dispute.opened|dispute.won|dispute.lost|subscription.renewed|subscription.cancelled
45,/45,A,merchant_backend,A0045,payment.authorized|payment.captured|payment.failed|refund.created|refund.settled|payout.paid|dispute.opened|dispute.won|dispute.lost|subscription.renewed|subscription.cancelled
46,/46,A,merchant_backend,A0046,payment.authorized|payment.captured|payment.failed|refund.created|refund.settled|payout.paid|dispute.opened|dispute.won|dispute.lost|subscription.renewed|subscription.cancelled
47,/47,A,merchant_backend,A0047,payment.authorized|payment.captured|payment.failed|refund.created|refund.settled|payout.paid|dispute.opened|dispute.won|dispute.lost|subscription.renewed|subscription.cancelled
48,/48,A,merchant_backend,A0048,payment.authorized|payment.captured|payment.failed|refund.created|refund.settled|payout.paid|dispute.opened|dispute.won|dispute.lost|subscription.renewed|subscription.cancelled
49,/49,A,merchant_backend,A0049,payment.authorized|payment.captured|payment.failed|refund.created|refund.settled|payout.paid|dispute.opened|dispute.won|dispute.lost|subscription.renewed|subscription.cancelled
50,/50,A,merchant_backend,A0050,payment.authorized|payment.captured|payment.failed|refund.created|refund.settled|payout.paid|dispute.opened|dispute.won|dispute.lost|subscription.renewed|subscription.cancelled
51,/51,A,merchant_backend,A0051,payment.authorized|payment.captured|payment.failed|refund.created|refund.settled|payout.paid|dispute.opened|dispute.won|dispute.lost|subscription.renewed|subscription.cancelled
52,/52,A,merchant_backend,A0052,payment.authorized|payment.captured|payment.failed|refund.created|refund.settled|payout.paid|dispute.opened|dispute.won|dispute.lost|subscription.renewed|subscription.cancelled
53,/53,A,merchant_backend,A0053,payment.authorized|payment.captured|payment.failed|refund.created|refund.settled|payout.paid|dispute.opened|dispute.won|dispute.lost|subscription.renewed|subscription.cancelled
54,/54,A,merchant_backend,A0054,payment.authorized|payment.captured|payment.failed|refund.created|refund.settled|payout.paid|dispute.opened|dispute.won|dispute.lost|subscription.renewed|subscription.cancelled
55,/55,A,merchant_backend,A0055,payment.authorized|payment.captured|payment.failed|refund.created|refund.settled|payout.paid|dispute.opened|dispute.won|dispute.lost|subscription.renewed|subscription.cancelled
56,/56,A,merchant_backend,A0056,payment.authorized|payment.captured|payment.failed|refund.created|refund.settled|payout.paid|dispute.opened|dispute.won|dispute.lost|subscription.renewed|subscription.cancelled
57,/57,A,merchant_backend,A0057,payment.authorized|payment.captured|payment.failed|refund.created|refund.settled|payout.paid|dispute.opened|dispute.won|dispute.lost|subscription.renewed|subscription.cancelled
58,/58,A,merchant_backend,A0058,payment.authorized|payment.captured|payment.failed|refund.created|refund.settled|payout.paid|dispute.opened|dispute.won|dispute.lost|subscription.renewed|subscription.cancelled
59,/59,A,merchant_backend,A0059,payment.authorized|payment.captured|payment.failed|refund.created|refund.settled|payout.paid|dispute.opened|dispute.won|dispute.lost|subscription.renewed|subscription.cancelled
60,/60,A,merchant_backend,A0060,payment.authorized|payment.captured|payment.failed|refund.created|refund.settled|payout.paid|dispute.opened|dispute.won|dispute.lost|subscription.renewed|subscription.cancelled
61,/61,A,merchant_backend,A0061,payment.authorized|payment.captured|payment.failed|refund.created|refund.settled|payout.paid|dispute.opened|dispute.won|dispute.lost|subscription.renewed|subscription.cancelled
62,/62,A,merchant_backend,A0062,payment.authorized|payment.captured|payment.failed|refund.created|refund.settled|payout.paid|dispute.opened|dispute.won|dispute.lost|subscription.renewed|subscription.cancelled
63,/63,A,merchant_backend,A0063,payment.authorized|payment.captured|payment.failed|refund.created|refund.settled|payout.paid|dispute.opened|dispute.won|dispute.lost|subscription.renewed|subscription.cancelled
64,/64,A,merchant_backend,A0064,payment.authorized|payment.captured|payment.failed|refund.created|refund.settled|payout.paid|dispute.opened|dispute.won|dispute.lost|subscription.renewed|subscription.cancelled
65,/65,A,merchant_backend,A0065,payment.authorized|payment.captured|payment.failed|refund.created|refund.settled|payout.paid|dispute.opened|dispute.won|dispute.lost|subscription.renewed|subscription.cancelled
66,/66,A,merchant_backend,A0066,payment.authorized|payment.captured|payment.failed|refund.created|refund.settled|payout.paid|dispute.opened|dispute.won|dispute.lost|subscription.renewed|subscription.cancelled
67,/67,A,merchant_backend,A0067,payment.authorized|payment.captured|payment.failed|refund.created|refund.settled|payout.paid|dispute.opened|dispute.won|dispute.lost|subscription.renewed|subscription.cancelled
68,/68,A,merchant_backend,A0068,payment.authorized|payment.captured|payment.failed|refund.created|refund.settled|payout.paid|dispute.opened|dispute.won|dispute.lost|subscription.renewed|subscription.cancelled
69,/69,A,merchant_backend,A0069,payment.authorized|payment.captured|payment.failed|refund.created|refund.settled|payout.paid|dispute.opened|dispute.won|dispute.lost|subscription.renewed|subscription.cancelled
70,/70,A,merchant_backend,A0070,payment.authorized|payment.captured|payment.failed|refund.created|refund.settled|payout.paid|dispute.opened|dispute.won|dispute.lost|subscription.renewed|subscription.cancelled
71,/71,A,merchant_backend,A0071,payment.authorized|payment.captured|payment.failed|refund.created|refund.settled|payout.paid|dispute.opened|dispute.won|dispute.lost|subscription.renewed|subscription.cancelled
72,/72,A,merchant_backend,A0072,payment.authorized|payment.captured|payment.failed|refund.created|refund.settled|payout.paid|dispute.opened|dispute.won|dispute.lost|subscription.renewed|subscription.cancelled
73,/73,A,merchant_backend,A0073,payment.authorized|payment.captured|payment.failed|refund.created|refund.settled|payout.paid|dispute.opened|dispute.won|dispute.lost|subscription.renewed|subscription.cancelled
74,/74,A,merchant_backend,A0074,payment.authorized|payment.captured|payment.failed|refund.created|refund.settled|payout.paid|dispute.opened|dispute.won|dispute.lost|subscription.renewed|subscription.cancelled
75,/75,A,merchant_backend,A0075,payment.authorized|payment.captured|payment.failed|refund.created|refund.settled|payout.paid|dispute.opened|dispute.won|dispute.lost|subscription.renewed|subscription.cancelled
76,/76,A,merchant_backend,A0076,payment.authorized|payment.captured|payment.failed|refund.created|refund.settled|payout.paid|dispute.opened|dispute.won|dispute.lost|subscription.renewed|subscription.cancelled
77,/77,A,merchant_backend,A0077,payment.authorized|payment.captured|payment.failed|refund.created|refund.settled|payout.paid|dispute.opened|dispute.won|dispute.lost|subscription.renewed|subscription.cancelled
78,/78,A,merchant_backend,A0078,payment.authorized|payment.captured|payment.failed|refund.created|refund.settled|payout.paid|dispute.opened|dispute.won|dispute.lost|subscription.renewed|subscription.cancelled
79,/79,A,merchant_backend,A0079,payment.authorized|payment.captured|payment.failed|refund.created|refund.settled|payout.paid|dispute.opened|dispute.won|dispute.lost|subscription.renewed|subscription.cancelled
80,/80,A,merchant_backend,A0080,payment.authorized|payment.captured|payment.failed|refund.created|refund.settled|payout.paid|dispute.opened|dispute.won|dispute.lost|subscription.renewed|subscription.cancelled
81,/81,A,merchant_backend,A0081,payment.authorized|payment.captured|payment.failed|refund.created|refund.settled|payout.paid|dispute.opened|dispute.won|dispute.lost|subscription.renewed|subscription.cancelled
82,/82,A,merchant_backend,A0082,payment.authorized|payment.captured|payment.failed|refund.created|refund.settled|payout.paid|dispute.opened|dispute.won|dispute.lost|subscription.renewed|subscription.cancelled
83,/83,A,merchant_backend,A0083,payment.authorized|payment.captured|payment.failed|refund.created|refund.settled|payout.paid|dispute.opened|dispute.won|dispute.lost|subscription.renewed|subscription.cancelled
84,/84,A,merchant_backend,A0084,payment.authorized|payment.captured|payment.failed|refund.created|refund.settled|payout.paid|dispute.opened|dispute.won|dispute.lost|subscription.renewed|subscription.cancelled
85,/85,A,merchant_backend,A0085,payment.authorized|payment.captured|payment.failed|refund.created|refund.settled|payout.paid|dispute.opened|dispute.won|dispute.lost|subscription.renewed|subscription.cancelled
86,/86,A,merchant_backend,A0086,payment.authorized|payment.captured|payment.failed|refund.created|refund.settled|payout.paid|dispute.opened|dispute.won|dispute.lost|subscription.renewed|subscription.cancelled
87,/87,A,merchant_backend,A0087,payment.authorized|payment.captured|payment.failed|refund.created|refund.settled|payout.paid|dispute.opened|dispute.won|dispute.lost|subscription.renewed|subscription.cancelled
88,/88,A,merchant_backend,A0088,payment.authorized|payment.captured|payment.failed|refund.created|refund.settled|payout.paid|dispute.opened|dispute.won|dispute.lost|subscription.renewed|subscription.cancelled
89,/89,A,merchant_backend,A0089,payment.authorized|payment.captured|payment.failed|refund.created|refund.settled|payout.paid|dispute.opened|dispute.won|dispute.lost|subscription.renewed|subscription.cancelled
90,/90,A,merchant_backend,A0090,payment.authorized|payment.captured|payment.failed|refund.created|refund.settled|payout.paid|dispute.opened|dispute.won|dispute.lost|subscription.renewed|subscription.cancelled
91,/91,A,merchant_backend,A0091,payment.authorized|payment.captured|payment.failed|refund.created|refund.settled|payout.paid|dispute.opened|dispute.won|dispute.lost|subscription.renewed|subscription.cancelled
92,/92,A,merchant_backend,A0092,payment.authorized|payment.captured|payment.failed|refund.created|refund.settled|payout.paid|dispute.opened|dispute.won|dispute.lost|subscription.renewed|subscription.cancelled
93,/93,A,merchant_backend,A0093,payment.authorized|payment.captured|payment.failed|refund.created|refund.settled|payout.paid|dispute.opened|dispute.won|dispute.lost|subscription.renewed|subscription.cancelled
94,/94,A,merchant_backend,A0094,payment.authorized|payment.captured|payment.failed|refund.created|refund.settled|payout.paid|dispute.opened|dispute.won|dispute.lost|subscription.renewed|subscription.cancelled
95,/95,A,merchant_backend,A0095,payment.authorized|payment.captured|payment.failed|refund.created|refund.settled|payout.paid|dispute.opened|dispute.won|dispute.lost|subscription.renewed|subscription.cancelled
96,/96,A,merchant_backend,A0096,payment.authorized|payment.captured|payment.failed|refund.created|refund.settled|payout.paid|dispute.opened|dispute.won|dispute.lost|subscription.renewed|subscription.cancelled
97,/97,A,merchant_backend,A0097,payment.authorized|payment.captured|payment.failed|refund.created|refund.settled|payout.paid|dispute.opened|dispute.won|dispute.lost|subscription.renewed|subscription.cancelled
98,/98,A,merchant_backend,A0098,payment.authorized|payment.captured|payment.failed|refund.created|refund.settled|payout.paid|dispute.opened|dispute.won|dispute.lost|subscription.renewed|subscription.cancelled
99,/99,A,merchant_backend,A0099,payment.authorized|payment.captured|payment.failed|refund.created|refund.settled|payout.paid|dispute.opened|dispute.won|dispute.lost|subscription.renewed|subscription.cancelled
100,/100,A,merchant_backend,A0100,payment.authorized|payment.captured|payment.failed|refund.created|refund.settled|payout.paid|dispute.opened|dispute.won|dispute.lost|subscription.renewed|subscription.cancelled
101,/101,A,merchant_backend,A0101,payment.authorized|payment.captured|payment.failed|refund.created|refund.settled|payout.paid|dispute.opened|dispute.won|dispute.lost|subscription.renewed|subscription.cancelled
102,/102,A,merchant_backend,A0102,payment.authorized|payment.captured|payment.failed|refund.created|refund.settled|payout.paid|dispute.opened|dispute.won|dispute.lost|subscription.renewed|subscription.cancelled
103,/103,A,merchant_backend,A0103,payment.authorized|payment.captured|payment.failed|refund.created|refund.settled|payout.paid|dispute.opened|dispute.won|dispute.lost|subscription.renewed|subscription.cancelled
104,/104,A,merchant_backend,A0104,payment.authorized|payment.captured|payment.failed|refund.created|refund.settled|payout.paid|dispute.opened|dispute.won|dispute.lost|subscription.renewed|subscription.cancelled
105,/105,A,merchant_backend,A0105,payment.authorized|payment.captured|payment.failed|refund.created|refund.settled|payout.paid|dispute.opened|dispute.won|dispute.lost|subscription.renewed|subscription.cancelled
106,/106,A,merchant_backend,A0106,payment.authorized|payment.captured|payment.failed|refund.created|refund.settled|payout.paid|dispute.opened|dispute.won|dispute.lost|subscription.renewed|subscription.cancelled
107,/107,A,merchant_backend,A0107,payment.authorized|payment.captured|payment.failed|refund.created|refund.settled|payout.paid|dispute.opened|dispute.won|dispute.lost|subscription.renewed|subscription.cancelled
108,/108,A,merchant_backend,A0108,payment.authorized|payment.captured|payment.failed|refund.created|refund.settled|payout.paid|dispute.opened|dispute.won|dispute.lost|subscription.renewed|subscription.cancelled
109,/109,A,merchant_backend,A0109,payment.authorized|payment.captured|payment.failed|refund.created|refund.settled|payout.paid|dispute.opened|dispute.won|dispute.lost|subscription.renewed|subscription.cancelled
110,/110,A,merchant_backend,A0110,payment.authorized|payment.captured|payment.failed|refund.created|refund.settled|payout.paid|dispute.opened|dispute.won|dispute.lost|subscription.renewed|subscription.cancelled
111,/111,A,merchant_backend,A0111,payment.authorized|payment.captured|payment.failed|refund.created|refund.settled|payout.paid|dispute.opened|dispute.won|dispute.lost|subscription.renewed|subscription.cancelled
112,/112,A,merchant_backend,A0112,payment.authorized|payment.captured|payment.failed|refund.created|refund.settled|payout.paid|dispute.opened|dispute.won|dispute.lost|subscription.renewed|subscription.cancelled
113,/113,A,merchant_backend,A0113,payment.authorized|payment.captured|payment.failed|refund.created|refund.settled|payout.paid|dispute.opened|dispute.won|dispute.lost|subscription.renewed|subscription.cancelled
114,/114,A,merchant_backend,A0114,payment.authorized|payment.captured|payment.failed|refund.created|refund.settled|payout.paid|dispute.opened|dispute.won|dispute.lost|subscription.renewed|subscription.cancelled
115,/115,A,merchant_backend,A0115,payment.authorized|payment.captured|payment.failed|refund.created|refund.settled|payout.paid|dispute.opened|dispute.won|dispute.lost|subscription.renewed|subscription.cancelled
116,/116,A,merchant_backend,A0116,payment.authorized|payment.captured|payment.failed|refund.created|refund.settled|payout.paid|dispute.opened|dispute.won|dispute.lost|subscription.renewed|subscription.cancelled
117,/117,A,merchant_backend,A0117,payment.authorized|payment.captured|payment.failed|refund.created|refund.settled|payout.paid|dispute.opened|dispute.won|dispute.lost|subscription.renewed|subscription.cancelled
118,/118,A,merchant_backend,A0118,payment.authorized|payment.captured|payment.failed|refund.created|refund.settled|payout.paid|dispute.opened|dispute.won|dispute.lost|subscription.renewed|subscription.cancelled
119,/119,A,merchant_backend,A0119,payment.authorized|payment.captured|payment.failed|refund.created|refund.settled|payout.paid|dispute.opened|dispute.won|dispute.lost|subscription.renewed|subscription.cancelled
120,/120,A,merchant_backend,A0120,payment.authorized|payment.captured|payment.failed|refund.created|refund.settled|payout.paid|dispute.opened|dispute.won|dispute.lost|subscription.renewed|subscription.cancelled
121,/121,A,merchant_backend,A0121,payment.authorized|payment.captured|payment.failed|refund.created|refund.settled|payout.paid|dispute.opened|dispute.won|dispute.lost|subscription.renewed|subscription.cancelled
122,/122,A,merchant_backend,A0122,payment.authorized|payment.captured|payment.failed|refund.created|refund.settled|payout.paid|dispute.opened|dispute.won|dispute.lost|subscription.renewed|subscription.cancelled
123,/123,A,merchant_backend,A0123,payment.authorized|payment.captured|payment.failed|refund.created|refund.settled|payout.paid|dispute.opened|dispute.won|dispute.lost|subscription.renewed|subscription.cancelled
124,/124,A,merchant_backend,A0124,payment.authorized|payment.captured|payment.failed|refund.created|refund.settled|payout.paid|dispute.opened|dispute.won|dispute.lost|subscription.renewed|subscription.cancelled
125,/125,A,merchant_backend,A0125,payment.authorized|payment.captured|payment.failed|refund.created|refund.settled|payout.paid|dispute.opened|dispute.won|dispute.lost|subscription.renewed|subscription.cancelled
126,/126,A,merchant_backend,A0126,payment.authorized|payment.captured|payment.failed|refund.created|refund.settled|payout.paid|dispute.opened|dispute.won|dispute.lost|subscription.renewed|subscription.cancelled
127,/127,A,merchant_backend,A0127,payment.authorized|payment.captured|payment.failed|refund.created|refund.settled|payout.paid|dispute.opened|dispute.won|dispute.lost|subscription.renewed|subscription.cancelled
128,/128,A,merchant_backend,A0128,payment.authorized|payment.captured|payment.failed|refund.created|refund.settled|payout.paid|dispute.opened|dispute.won|dispute.lost|subscription.renewed|subscription.cancelled
129,/129,A,merchant_backend,A0129,payment.authorized|payment.captured|payment.failed|refund.created|refund.settled|payout.paid|dispute.opened|dispute.won|dispute.lost|subscription.renewed|subscription.cancelled
130,/130,A,merchant_backend,A0130,payment.authorized|payment.captured|payment.failed|refund.created|refund.settled|payout.paid|dispute.opened|dispute.won|dispute.lost|subscription.renewed|subscription.cancelled
131,/131,A,merchant_backend,A0131,payment.authorized|payment.captured|payment.failed|refund.created|refund.settled|payout.paid|dispute.opened|dispute.won|dispute.lost|subscription.renewed|subscription.cancelled
132,/132,A,merchant_backend,A0132,payment.authorized|payment.captured|payment.failed|refund.created|refund.settled|payout.paid|dispute.opened|dispute.won|dispute.lost|subscription.renewed|subscription.cancelled
133,/133,A,merchant_backend,A0133,payment.authorized|payment.captured|payment.failed|refund.created|refund.settled|payout.paid|dispute.opened|dispute.won|dispute.lost|subscription.renewed|subscription.cancelled
134,/134,A,merchant_backend,A0134,payment.authorized|payment.captured|payment.failed|refund.created|refund.settled|payout.paid|dispute.opened|dispute.won|dispute.lost|subscription.renewed|subscription.cancelled
135,/135,A,merchant_backend,A0135,payment.authorized|payment.captured|payment.failed|refund.created|refund.settled|payout.paid|dispute.opened|dispute.won|dispute.lost|subscription.renewed|subscription.cancelled
136,/136,A,merchant_backend,A0136,payment.authorized|payment.captured|payment.failed|refund.created|refund.settled|payout.paid|dispute.opened|dispute.won|dispute.lost|subscription.renewed|subscription.cancelled
137,/137,A,merchant_backend,A0137,payment.authorized|payment.captured|payment.failed|refund.created|refund.settled|payout.paid|dispute.opened|dispute.won|dispute.lost|subscription.renewed|subscription.cancelled
138,/138,A,merchant_backend,A0138,payment.authorized|payment.captured|payment.failed|refund.created|refund.settled|payout.paid|dispute.opened|dispute.won|dispute.lost|subscription.renewed|subscription.cancelled
139,/139,A,merchant_backend,A0139,payment.authorized|payment.captured|payment.failed|refund.created|refund.settled|payout.paid|dispute.opened|dispute.won|dispute.lost|subscription.renewed|subscription.cancelled
140,/140,A,merchant_backend,A0140,payment.authorized|payment.captured|payment.failed|refund.created|refund.settled|payout.paid|dispute.opened|dispute.won|dispute.lost|subscription.renewed|subscription.cancelled
141,/141,A,merchant_backend,A0141,payment.authorized|payment.captured|payment.failed|refund.created|refund.settled|payout.paid|dispute.opened|dispute.won|dispute.lost|subscription.renewed|subscription.cancelled
142,/142,A,merchant_backend,A0142,payment.authorized|payment.captured|payment.failed|refund.created|refund.settled|payout.paid|dispute.opened|dispute.won|dispute.lost|subscription.renewed|subscription.cancelled
143,/143,A,merchant_backend,A0143,payment.authorized|payment.captured|payment.failed|refund.created|refund.settled|payout.paid|dispute.opened|dispute.won|dispute.lost|subscription.renewed|subscription.cancelled
144,/144,A,merchant_backend,A0144,payment.authorized|payment.captured|payment.failed|refund.created|refund.settled|payout.paid|dispute.opened|dispute.won|dispute.lost|subscription.renewed|subscription.cancelled
145,/145,A,merchant_backend,A0145,payment.authorized|payment.captured|payment.failed|refund.created|refund.settled|payout.paid|dispute.opened|dispute.won|dispute.lost|subscription.renewed|subscription.cancelled
146,/146,A,merchant_backend,A0146,payment.authorized|payment.captured|payment.failed|refund.created|refund.settled|payout.paid|dispute.opened|dispute.won|dispute.lost|subscription.renewed|subscription.cancelled
147,/147,A,merchant_backend,A0147,payment.authorized|payment.captured|payment.failed|refund.created|refund.settled|payout.paid|dispute.opened|dispute.won|dispute.lost|subscription.renewed|subscription.cancelled
148,/148,A,merchant_backend,A0148,payment.authorized|payment.captured|payment.failed|refund.created|refund.settled|payout.paid|dispute.opened|dispute.won|dispute.lost|subscription.renewed|subscription.cancelled
149,/149,A,merchant_backend,A0149,payment.authorized|payment.captured|payment.failed|refund.created|refund.settled|payout.paid|dispute.opened|dispute.won|dispute.lost|subscription.renewed|subscription.cancelled
150,/150,A,merchant_backend,A0150,payment.authorized|payment.captured|payment.failed|refund.created|refund.settled|payout.paid|dispute.opened|dispute.won|dispute.lost|subscription.renewed|subscription.cancelled
151,/151,A,merchant_backend,A0151,payment.authorized|payment.captured|payment.failed|refund.created|refund.settled|payout.paid|dispute.opened|dispute.won|dispute.lost|subscription.renewed|subscription.cancelled
152,/152,A,merchant_backend,A0152,payment.authorized|payment.captured|payment.failed|refund.created|refund.settled|payout.paid|dispute.opened|dispute.won|dispute.lost|subscription.renewed|subscription.cancelled
153,/153,A,merchant_backend,A0153,payment.authorized|payment.captured|payment.failed|refund.created|refund.settled|payout.paid|dispute.opened|dispute.won|dispute.lost|subscription.renewed|subscription.cancelled
154,/154,A,merchant_backend,A0154,payment.authorized|payment.captured|payment.failed|refund.created|refund.settled|payout.paid|dispute.opened|dispute.won|dispute.lost|subscription.renewed|subscription.cancelled
155,/155,A,merchant_backend,A0155,payment.authorized|payment.captured|payment.failed|refund.created|refund.settled|payout.paid|dispute.opened|dispute.won|dispute.lost|subscription.renewed|subscription.cancelled
156,/156,A,merchant_backend,A0156,payment.authorized|payment.captured|payment.failed|refund.created|refund.settled|payout.paid|dispute.opened|dispute.won|dispute.lost|subscription.renewed|subscription.cancelled
157,/157,A,merchant_backend,A0157,payment.authorized|payment.captured|payment.failed|refund.created|refund.settled|payout.paid|dispute.opened|dispute.won|dispute.lost|subscription.renewed|subscription.cancelled
158,/158,A,merchant_backend,A0158,payment.authorized|payment.captured|payment.failed|refund.created|refund.settled|payout.paid|dispute.opened|dispute.won|dispute.lost|subscription.renewed|subscription.cancelled
159,/159,A,merchant_backend,A0159,payment.authorized|payment.captured|payment.failed|refund.created|refund.settled|payout.paid|dispute.opened|dispute.won|dispute.lost|subscription.renewed|subscription.cancelled
160,/160,A,merchant_backend,A0160,payment.authorized|payment.captured|payment.failed|refund.created|refund.settled|payout.paid|dispute.opened|dispute.won|dispute.lost|subscription.renewed|subscription.cancelled
161,/161,A,merchant_backend,A0161,payment.authorized|payment.captured|payment.failed|refund.created|refund.settled|payout.paid|dispute.opened|dispute.won|dispute.lost|subscription.renewed|subscription.cancelled
162,/162,A,merchant_backend,A0162,payment.authorized|payment.captured|payment.failed|refund.created|refund.settled|payout.paid|dispute.opened|dispute.won|dispute.lost|subscription.renewed|subscription.cancelled
163,/163,A,merchant_backend,A0163,payment.authorized|payment.captured|payment.failed|refund.created|refund.settled|payout.paid|dispute.opened|dispute.won|dispute.lost|subscription.renewed|subscription.cancelled
164,/164,A,merchant_backend,A0164,payment.authorized|payment.captured|payment.failed|refund.created|refund.settled|payout.paid|dispute.opened|dispute.won|dispute.lost|subscription.renewed|subscription.cancelled
165,/165,A,merchant_backend,A0165,payment.authorized|payment.captured|payment.failed|refund.created|refund.settled|payout.paid|dispute.opened|dispute.won|dispute.lost|subscription.renewed|subscription.cancelled
166,/166,A,merchant_backend,A0166,payment.authorized|payment.captured|payment.failed|refund.created|refund.settled|payout.paid|dispute.opened|dispute.won|dispute.lost|subscription.renewed|subscription.cancelled
167,/167,A,merchant_backend,A0167,payment.authorized|payment.captured|payment.failed|refund.created|refund.settled|payout.paid|dispute.opened|dispute.won|dispute.lost|subscription.renewed|subscription.cancelled
168,/168,A,merchant_backend,A0168,payment.authorized|payment.captured|payment.failed|refund.created|refund.settled|payout.paid|dispute.opened|dispute.won|dispute.lost|subscription.renewed|subscription.cancelled
169,/169,A,merchant_backend,A0169,payment.authorized|payment.captured|payment.failed|refund.created|refund.settled|payout.paid|dispute.opened|dispute.won|dispute.lost|subscription.renewed|subscription.cancelled
170,/170,A,merchant_backend,A0170,payment.authorized|payment.captured|payment.failed|refund.created|refund.settled|payout.paid|dispute.opened|dispute.won|dispute.lost|subscription.renewed|subscription.cancelled
171,/171,A,merchant_backend,A0171,payment.authorized|payment.captured|payment.failed|refund.created|refund.settled|payout.paid|dispute.opened|dispute.won|dispute.lost|subscription.renewed|subscription.cancelled
172,/172,A,merchant_backend,A0172,payment.authorized|payment.captured|payment.failed|refund.created|refund.settled|payout.paid|dispute.opened|dispute.won|dispute.lost|subscription.renewed|subscription.cancelled
173,/173,A,merchant_backend,A0173,payment.authorized|payment.captured|payment.failed|refund.created|refund.settled|payout.paid|dispute.opened|dispute.won|dispute.lost|subscription.renewed|subscription.cancelled
174,/174,A,merchant_backend,A0174,payment.authorized|payment.captured|payment.failed|refund.created|refund.settled|payout.paid|dispute.opened|dispute.won|dispute.lost|subscription.renewed|subscription.cancelled
175,/175,A,merchant_backend,A0175,payment.authorized|payment.captured|payment.failed|refund.created|refund.settled|payout.paid|dispute.opened|dispute.won|dispute.lost|subscription.renewed|subscription.cancelled
176,/176,A,merchant_backend,A0176,payment.authorized|payment.captured|payment.failed|refund.created|refund.settled|payout.paid|dispute.opened|dispute.won|dispute.lost|subscription.renewed|subscription.cancelled
177,/177,A,merchant_backend,A0177,payment.authorized|payment.captured|payment.failed|refund.created|refund.settled|payout.paid|dispute.opened|dispute.won|dispute.lost|subscription.renewed|subscription.cancelled
178,/178,A,merchant_backend,A0178,payment.authorized|payment.captured|payment.failed|refund.created|refund.settled|payout.paid|dispute.opened|dispute.won|dispute.lost|subscription.renewed|subscription.cancelled
179,/179,A,merchant_backend,A0179,payment.authorized|payment.captured|payment.failed|refund.created|refund.settled|payout.paid|dispute.opened|dispute.won|dispute.lost|subscription.renewed|subscription.cancelled
180,/180,A,merchant_backend,A0180,payment.authorized|payment.captured|payment.failed|refund.created|refund.settled|payout.paid|dispute.opened|dispute.won|dispute.lost|subscription.renewed|subscription.cancelled
181,/181,A,merchant_backend,A0181,payment.authorized|payment.captured|payment.failed|refund.created|refund.settled|payout.paid|dispute.opened|dispute.won|dispute.lost|subscription.renewed|subscription.cancelled
182,/182,A,merchant_backend,A0182,payment.authorized|payment.captured|payment.failed|refund.created|refund.settled|payout.paid|dispute.opened|dispute.won|dispute.lost|subscription.renewed|subscription.cancelled
183,/183,A,merchant_backend,A0183,payment.authorized|payment.captured|payment.failed|refund.created|refund.settled|payout.paid|dispute.opened|dispute.won|dispute.lost|subscription.renewed|subscription.cancelled
184,/184,A,merchant_backend,A0184,payment.authorized|payment.captured|payment.failed|refund.created|refund.settled|payout.paid|dispute.opened|dispute.won|dispute.lost|subscription.renewed|subscription.cancelled
185,/185,A,merchant_backend,A0185,payment.authorized|payment.captured|payment.failed|refund.created|refund.settled|payout.paid|dispute.opened|dispute.won|dispute.lost|subscription.renewed|subscription.cancelled
186,/186,A,merchant_backend,A0186,payment.authorized|payment.captured|payment.failed|refund.created|refund.settled|payout.paid|dispute.opened|dispute.won|dispute.lost|subscription.renewed|subscription.cancelled
187,/187,A,merchant_backend,A0187,payment.authorized|payment.captured|payment.failed|refund.created|refund.settled|payout.paid|dispute.opened|dispute.won|dispute.lost|subscription.renewed|subscription.cancelled
188,/188,A,merchant_backend,A0188,payment.authorized|payment.captured|payment.failed|refund.created|refund.settled|payout.paid|dispute.opened|dispute.won|dispute.lost|subscription.renewed|subscription.cancelled
189,/189,A,merchant_backend,A0189,payment.authorized|payment.captured|payment.failed|refund.created|refund.settled|payout.paid|dispute.opened|dispute.won|dispute.lost|subscription.renewed|subscription.cancelled
190,/190,A,merchant_backend,A0190,payment.authorized|payment.captured|payment.failed|refund.created|refund.settled|payout.paid|dispute.opened|dispute.won|dispute.lost|subscription.renewed|subscription.cancelled
191,/191,A,merchant_backend,A0191,payment.authorized|payment.captured|payment.failed|refund.created|refund.settled|payout.paid|dispute.opened|dispute.won|dispute.lost|subscription.renewed|subscription.cancelled
192,/192,A,merchant_backend,A0192,payment.authorized|payment.captured|payment.failed|refund.created|refund.settled|payout.paid|dispute.opened|dispute.won|dispute.lost|subscription.renewed|subscription.cancelled
193,/193,A,merchant_backend,A0193,payment.authorized|payment.captured|payment.failed|refund.created|refund.settled|payout.paid|dispute.opened|dispute.won|dispute.lost|subscription.renewed|subscription.cancelled
194,/194,A,merchant_backend,A0194,payment.authorized|payment.captured|payment.failed|refund.created|refund.settled|payout.paid|dispute.opened|dispute.won|dispute.lost|subscription.renewed|subscription.cancelled
195,/195,A,merchant_backend,A0195,payment.authorized|payment.captured|payment.failed|refund.created|refund.settled|payout.paid|dispute.opened|dispute.won|dispute.lost|subscription.renewed|subscription.cancelled
196,/196,A,merchant_backend,A0196,payment.authorized|payment.captured|payment.failed|refund.created|refund.settled|payout.paid|dispute.opened|dispute.won|dispute.lost|subscription.renewed|subscription.cancelled
197,/197,A,merchant_backend,A0197,payment.authorized|payment.captured|payment.failed|refund.created|refund.settled|payout.paid|dispute.opened|dispute.won|dispute.lost|subscription.renewed|subscription.cancelled
198,/198,A,merchant_backend,A0198,payment.authorized|payment.captured|payment.failed|refund.created|refund.settled|payout.paid|dispute.opened|dispute.won|dispute.lost|subscription.renewed|subscription.cancelled
199,/199,A,merchant_backend,A0199,payment.authorized|payment.captured|payment.failed|refund.created|refund.settled|payout.paid|dispute.opened|dispute.won|dispute.lost|subscription.renewed|subscription.cancelled
200,/200,A,merchant_backend,A0200,payment.authorized|payment.captured|payment.failed|refund.created|refund.settled|payout.paid|dispute.opened|dispute.won|dispute.lost|subscription.renewed|subscription.cancelled
201,/201,A,merchant_backend,A0201,payment.authorized|payment.captured|payment.failed|refund.created|refund.settled|payout.paid|dispute.opened|dispute.won|dispute.lost|subscription.renewed|subscription.cancelled
202,/202,A,merchant_backend,A0202,payment.authorized|payment.captured|payment.failed|refund.created|refund.settled|payout.paid|dispute.opened|dispute.won|dispute.lost|subscription.renewed|subscription.cancelled
203,/203,A,merchant_backend,A0203,payment.authorized|payment.captured|payment.failed|refund.created|refund.settled|payout.paid|dispute.opened|dispute.won|dispute.lost|subscription.renewed|subscription.cancelled
204,/204,A,merchant_backend,A0204,payment.authorized|payment.captured|payment.failed|refund.created|refund.settled|payout.paid|dispute.opened|dispute.won|dispute.lost|subscription.renewed|subscription.cancelled
205,/205,A,merchant_backend,A0205,payment.authorized|payment.captured|payment.failed|refund.created|refund.settled|payout.paid|dispute.opened|dispute.won|dispute.lost|subscription.renewed|subscription.cancelled
206,/206,A,merchant_backend,A0206,payment.authorized|payment.captured|payment.failed|refund.created|refund.settled|payout.paid|dispute.opened|dispute.won|dispute.lost|subscription.renewed|subscription.cancelled
207,/207,A,merchant_backend,A0207,payment.authorized|payment.captured|payment.failed|refund.created|refund.settled|payout.paid|dispute.opened|dispute.won|dispute.lost|subscription.renewed|subscription.cancelled
208,/208,A,merchant_backend,A0208,payment.authorized|payment.captured|payment.failed|refund.created|refund.settled|payout.paid|dispute.opened|dispute.won|dispute.lost|subscription.renewed|subscription.cancelled
209,/209,A,merchant_backend,A0209,payment.authorized|payment.captured|payment.failed|refund.created|refund.settled|payout.paid|dispute.opened|dispute.won|dispute.lost|subscription.renewed|subscription.cancelled
210,/210,A,merchant_backend,A0210,payment.authorized|payment.captured|payment.failed|refund.created|refund.settled|payout.paid|dispute.opened|dispute.won|dispute.lost|subscription.renewed|subscription.cancelled
211,/211,A,merchant_backend,A0211,payment.authorized|payment.captured|payment.failed|refund.created|refund.settled|payout.paid|dispute.opened|dispute.won|dispute.lost|subscription.renewed|subscription.cancelled
212,/212,A,merchant_backend,A0212,payment.authorized|payment.captured|payment.failed|refund.created|refund.settled|payout.paid|dispute.opened|dispute.won|dispute.lost|subscription.renewed|subscription.cancelled
213,/213,A,merchant_backend,A0213,payment.authorized|payment.captured|payment.failed|refund.created|refund.settled|payout.paid|dispute.opened|dispute.won|dispute.lost|subscription.renewed|subscription.cancelled
214,/214,A,merchant_backend,A0214,payment.authorized|payment.captured|payment.failed|refund.created|refund.settled|payout.paid|dispute.opened|dispute.won|dispute.lost|subscription.renewed|subscription.cancelled
215,/215,A,merchant_backend,A0215,payment.authorized|payment.captured|payment.failed|refund.created|refund.settled|payout.paid|dispute.opened|dispute.won|dispute.lost|subscription.renewed|subscription.cancelled
216,/216,A,merchant_backend,A0216,payment.authorized|payment.captured|payment.failed|refund.created|refund.settled|payout.paid|dispute.opened|dispute.won|dispute.lost|subscription.renewed|subscription.cancelled
217,/217,A,merchant_backend,A0217,payment.authorized|payment.captured|payment.failed|refund.created|refund.settled|payout.paid|dispute.opened|dispute.won|dispute.lost|subscription.renewed|subscription.cancelled
218,/218,A,merchant_backend,A0218,payment.authorized|payment.captured|payment.failed|refund.created|refund.settled|payout.paid|dispute.opened|dispute.won|dispute.lost|subscription.renewed|subscription.cancelled
219,/219,A,merchant_backend,A0219,payment.authorized|payment.captured|payment.failed|refund.created|refund.settled|payout.paid|dispute.opened|dispute.won|dispute.lost|subscription.renewed|subscription.cancelled
220,/220,A,merchant_backend,A0220,payment.authorized|payment.captured|payment.failed|refund.created|refund.settled|payout.paid|dispute.opened|dispute.won|dispute.lost|subscription.renewed|subscription.cancelled
221,/221,A,merchant_backend,A0221,payment.authorized|payment.captured|payment.failed|refund.created|refund.settled|payout.paid|dispute.opened|dispute.won|dispute.lost|subscription.renewed|subscription.cancelled
222,/222,A,merchant_backend,A0222,payment.authorized|payment.captured|payment.failed|refund.created|refund.settled|payout.paid|dispute.opened|dispute.won|dispute.lost|subscription.renewed|subscription.cancelled
223,/223,A,merchant_backend,A0223,payment.authorized|payment.captured|payment.failed|refund.created|refund.settled|payout.paid|dispute.opened|dispute.won|dispute.lost|subscription.renewed|subscription.cancelled
224,/224,A,merchant_backend,A0224,payment.authorized|payment.captured|payment.failed|refund.created|refund.settled|payout.paid|dispute.opened|dispute.won|dispute.lost|subscription.renewed|subscription.cancelled
225,/225,A,merchant_backend,A0225,payment.authorized|payment.captured|payment.failed|refund.created|refund.settled|payout.paid|dispute.opened|dispute.won|dispute.lost|subscription.renewed|subscription.cancelled
226,/226,A,merchant_backend,A0226,payment.authorized|payment.captured|payment.failed|refund.created|refund.settled|payout.paid|dispute.opened|dispute.won|dispute.lost|subscription.renewed|subscription.cancelled
227,/227,A,merchant_backend,A0227,payment.authorized|payment.captured|payment.failed|refund.created|refund.settled|payout.paid|dispute.opened|dispute.won|dispute.lost|subscription.renewed|subscription.cancelled
228,/228,A,merchant_backend,A0228,payment.authorized|payment.captured|payment.failed|refund.created|refund.settled|payout.paid|dispute.opened|dispute.won|dispute.lost|subscription.renewed|subscription.cancelled
229,/229,A,merchant_backend,A0229,payment.authorized|payment.captured|payment.failed|refund.created|refund.settled|payout.paid|dispute.opened|dispute.won|dispute.lost|subscription.renewed|subscription.cancelled
230,/230,A,merchant_backend,A0230,payment.authorized|payment.captured|payment.failed|refund.created|refund.settled|payout.paid|dispute.opened|dispute.won|dispute.lost|subscription.renewed|subscription.cancelled
231,/231,A,merchant_backend,A0231,payment.authorized|payment.captured|payment.failed|refund.created|refund.settled|payout.paid|dispute.opened|dispute.won|dispute.lost|subscription.renewed|subscription.cancelled
232,/232,A,merchant_backend,A0232,payment.authorized|payment.captured|payment.failed|refund.created|refund.settled|payout.paid|dispute.opened|dispute.won|dispute.lost|subscription.renewed|subscription.cancelled
233,/233,A,merchant_backend,A0233,payment.authorized|payment.captured|payment.failed|refund.created|refund.settled|payout.paid|dispute.opened|dispute.won|dispute.lost|subscription.renewed|subscription.cancelled
234,/234,A,merchant_backend,A0234,payment.authorized|payment.captured|payment.failed|refund.created|refund.settled|payout.paid|dispute.opened|dispute.won|dispute.lost|subscription.renewed|subscription.cancelled
235,/235,A,merchant_backend,A0235,payment.authorized|payment.captured|payment.failed|refund.created|refund.settled|payout.paid|dispute.opened|dispute.won|dispute.lost|subscription.renewed|subscription.cancelled
236,/236,A,merchant_backend,A0236,payment.authorized|payment.captured|payment.failed|refund.created|refund.settled|payout.paid|dispute.opened|dispute.won|dispute.lost|subscription.renewed|subscription.cancelled
237,/237,A,merchant_backend,A0237,payment.authorized|payment.captured|payment.failed|refund.created|refund.settled|payout.paid|dispute.opened|dispute.won|dispute.lost|subscription.renewed|subscription.cancelled
238,/238,A,merchant_backend,A0238,payment.authorized|payment.captured|payment.failed|refund.created|refund.settled|payout.paid|dispute.opened|dispute.won|dispute.lost|subscription.renewed|subscription.cancelled
239,/239,A,merchant_backend,A0239,payment.authorized|payment.captured|payment.failed|refund.created|refund.settled|payout.paid|dispute.opened|dispute.won|dispute.lost|subscription.renewed|subscription.cancelled
240,/240,A,merchant_backend,A0240,payment.authorized|payment.captured|payment.failed|refund.created|refund.settled|payout.paid|dispute.opened|dispute.won|dispute.lost|subscription.renewed|subscription.cancelled
241,/241,A,merchant_backend,A0241,payment.authorized|payment.captured|payment.failed|refund.created|refund.settled|payout.paid|dispute.opened|dispute.won|dispute.lost|subscription.renewed|subscription.cancelled
242,/242,A,merchant_backend,A0242,payment.authorized|payment.captured|payment.failed|refund.created|refund.settled|payout.paid|dispute.opened|dispute.won|dispute.lost|subscription.renewed|subscription.cancelled
243,/243,A,merchant_backend,A0243,payment.authorized|payment.captured|payment.failed|refund.created|refund.settled|payout.paid|dispute.opened|dispute.won|dispute.lost|subscription.renewed|subscription.cancelled
244,/244,A,merchant_backend,A0244,payment.authorized|payment.captured|payment.failed|refund.created|refund.settled|payout.paid|dispute.opened|dispute.won|dispute.lost|subscription.renewed|subscription.cancelled
245,/245,A,merchant_backend,A0245,payment.authorized|payment.captured|payment.failed|refund.created|refund.settled|payout.paid|dispute.opened|dispute.won|dispute.lost|subscription.renewed|subscription.cancelled
246,/246,A,merchant_backend,A0246,payment.authorized|payment.captured|payment.failed|refund.created|refund.settled|payout.paid|dispute.opened|dispute.won|dispute.lost|subscription.renewed|subscription.cancelled
247,/247,A,merchant_backend,A0247,payment.authorized|payment.captured|payment.failed|refund.created|refund.settled|payout.paid|dispute.opened|dispute.won|dispute.lost|subscription.renewed|subscription.cancelled
248,/248,A,merchant_backend,A0248,payment.authorized|payment.captured|payment.failed|refund.created|refund.settled|payout.paid|dispute.opened|dispute.won|dispute.lost|subscription.renewed|subscription.cancelled
249,/249,A,merchant_backend,A0249,payment.authorized|payment.captured|payment.failed|refund.created|refund.settled|payout.paid|dispute.opened|dispute.won|dispute.lost|subscription.renewed|subscription.cancelled
250,/250,A,merchant_backend,A0250,payment.authorized|payment.captured|payment.failed|refund.created|refund.settled|payout.paid|dispute.opened|dispute.won|dispute.lost|subscription.renewed|subscription.cancelled
251,/251,A,merchant_backend,A0251,payment.authorized|payment.captured|payment.failed|refund.created|refund.settled|payout.paid|dispute.opened|dispute.won|dispute.lost|subscription.renewed|subscription.cancelled
252,/252,A,merchant_backend,A0252,payment.authorized|payment.captured|payment.failed|refund.created|refund.settled|payout.paid|dispute.opened|dispute.won|dispute.lost|subscription.renewed|subscription.cancelled
253,/253,A,merchant_backend,A0253,payment.authorized|payment.captured|payment.failed|refund.created|refund.settled|payout.paid|dispute.opened|dispute.won|dispute.lost|subscription.renewed|subscription.cancelled
254,/254,A,merchant_backend,A0254,payment.authorized|payment.captured|payment.failed|refund.created|refund.settled|payout.paid|dispute.opened|dispute.won|dispute.lost|subscription.renewed|subscription.cancelled
255,/255,A,merchant_backend,A0255,payment.authorized|payment.captured|payment.failed|refund.created|refund.settled|payout.paid|dispute.opened|dispute.won|dispute.lost|subscription.renewed|subscription.cancelled
256,/256,A,merchant_backend,A0256,payment.authorized|payment.captured|payment.failed|refund.created|refund.settled|payout.paid|dispute.opened|dispute.won|dispute.lost|subscription.renewed|subscription.cancelled
257,/257,A,merchant_backend,A0257,payment.authorized|payment.captured|payment.failed|refund.created|refund.settled|payout.paid|dispute.opened|dispute.won|dispute.lost|subscription.renewed|subscription.cancelled
258,/258,A,merchant_backend,A0258,payment.authorized|payment.captured|payment.failed|refund.created|refund.settled|payout.paid|dispute.opened|dispute.won|dispute.lost|subscription.renewed|subscription.cancelled
259,/259,A,merchant_backend,A0259,payment.authorized|payment.captured|payment.failed|refund.created|refund.settled|payout.paid|dispute.opened|dispute.won|dispute.lost|subscription.renewed|subscription.cancelled
260,/260,A,merchant_backend,A0260,payment.authorized|payment.captured|payment.failed|refund.created|refund.settled|payout.paid|dispute.opened|dispute.won|dispute.lost|subscription.renewed|subscription.cancelled
261,/261,A,merchant_backend,A0261,payment.authorized|payment.captured|payment.failed|refund.created|refund.settled|payout.paid|dispute.opened|dispute.won|dispute.lost|subscription.renewed|subscription.cancelled
262,/262,A,merchant_backend,A0262,payment.authorized|payment.captured|payment.failed|refund.created|refund.settled|payout.paid|dispute.opened|dispute.won|dispute.lost|subscription.renewed|subscription.cancelled
263,/263,A,merchant_backend,A0263,payment.authorized|payment.captured|payment.failed|refund.created|refund.settled|payout.paid|dispute.opened|dispute.won|dispute.lost|subscription.renewed|subscription.cancelled
264,/264,A,merchant_backend,A0264,payment.authorized|payment.captured|payment.failed|refund.created|refund.settled|payout.paid|dispute.opened|dispute.won|dispute.lost|subscription.renewed|subscription.cancelled
265,/265,A,merchant_backend,A0265,payment.authorized|payment.captured|payment.failed|refund.created|refund.settled|payout.paid|dispute.opened|dispute.won|dispute.lost|subscription.renewed|subscription.cancelled
266,/266,A,merchant_backend,A0266,payment.authorized|payment.captured|payment.failed|refund.created|refund.settled|payout.paid|dispute.opened|dispute.won|dispute.lost|subscription.renewed|subscription.cancelled
267,/267,A,merchant_backend,A0267,payment.authorized|payment.captured|payment.failed|refund.created|refund.settled|payout.paid|dispute.opened|dispute.won|dispute.lost|subscription.renewed|subscription.cancelled
268,/268,A,merchant_backend,A0268,payment.authorized|payment.captured|payment.failed|refund.created|refund.settled|payout.paid|dispute.opened|dispute.won|dispute.lost|subscription.renewed|subscription.cancelled
269,/269,A,merchant_backend,A0269,payment.authorized|payment.captured|payment.failed|refund.created|refund.settled|payout.paid|dispute.opened|dispute.won|dispute.lost|subscription.renewed|subscription.cancelled
270,/270,A,merchant_backend,A0270,payment.authorized|payment.captured|payment.failed|refund.created|refund.settled|payout.paid|dispute.opened|dispute.won|dispute.lost|subscription.renewed|subscription.cancelled
271,/271,A,merchant_backend,A0271,payment.authorized|payment.captured|payment.failed|refund.created|refund.settled|payout.paid|dispute.opened|dispute.won|dispute.lost|subscription.renewed|subscription.cancelled
272,/272,A,merchant_backend,A0272,payment.authorized|payment.captured|payment.failed|refund.created|refund.settled|payout.paid|dispute.opened|dispute.won|dispute.lost|subscription.renewed|subscription.cancelled
273,/273,A,merchant_backend,A0273,payment.authorized|payment.captured|payment.failed|refund.created|refund.settled|payout.paid|dispute.opened|dispute.won|dispute.lost|subscription.renewed|subscription.cancelled
274,/274,A,merchant_backend,A0274,payment.authorized|payment.captured|payment.failed|refund.created|refund.settled|payout.paid|dispute.opened|dispute.won|dispute.lost|subscription.renewed|subscription.cancelled
275,/275,A,merchant_backend,A0275,payment.authorized|payment.captured|payment.failed|refund.created|refund.settled|payout.paid|dispute.opened|dispute.won|dispute.lost|subscription.renewed|subscription.cancelled
276,/276,A,merchant_backend,A0276,payment.authorized|payment.captured|payment.failed|refund.created|refund.settled|payout.paid|dispute.opened|dispute.won|dispute.lost|subscription.renewed|subscription.cancelled
277,/277,A,merchant_backend,A0277,payment.authorized|payment.captured|payment.failed|refund.created|refund.settled|payout.paid|dispute.opened|dispute.won|dispute.lost|subscription.renewed|subscription.cancelled
278,/278,A,merchant_backend,A0278,payment.authorized|payment.captured|payment.failed|refund.created|refund.settled|payout.paid|dispute.opened|dispute.won|dispute.lost|subscription.renewed|subscription.cancelled
279,/279,A,merchant_backend,A0279,payment.authorized|payment.captured|payment.failed|refund.created|refund.settled|payout.paid|dispute.opened|dispute.won|dispute.lost|subscription.renewed|subscription.cancelled
280,/280,A,merchant_backend,A0280,payment.authorized|payment.captured|payment.failed|refund.created|refund.settled|payout.paid|dispute.opened|dispute.won|dispute.lost|subscription.renewed|subscription.cancelled
281,/281,A,merchant_backend,A0281,payment.authorized|payment.captured|payment.failed|refund.created|refund.settled|payout.paid|dispute.opened|dispute.won|dispute.lost|subscription.renewed|subscription.cancelled
282,/282,A,merchant_backend,A0282,payment.authorized|payment.captured|payment.failed|refund.created|refund.settled|payout.paid|dispute.opened|dispute.won|dispute.lost|subscription.renewed|subscription.cancelled
283,/283,A,merchant_backend,A0283,payment.authorized|payment.captured|payment.failed|refund.created|refund.settled|payout.paid|dispute.opened|dispute.won|dispute.lost|subscription.renewed|subscription.cancelled
284,/284,A,merchant_backend,A0284,payment.authorized|payment.captured|payment.failed|refund.created|refund.settled|payout.paid|dispute.opened|dispute.won|dispute.lost|subscription.renewed|subscription.cancelled
285,/285,A,merchant_backend,A0285,payment.authorized|payment.captured|payment.failed|refund.created|refund.settled|payout.paid|dispute.opened|dispute.won|dispute.lost|subscription.renewed|subscription.cancelled
286,/286,A,merchant_backend,A0286,payment.authorized|payment.captured|payment.failed|refund.created|refund.settled|payout.paid|dispute.opened|dispute.won|dispute.lost|subscription.renewed|subscription.cancelled
287,/287,A,merchant_backend,A0287,payment.authorized|payment.captured|payment.failed|refund.created|refund.settled|payout.paid|dispute.opened|dispute.won|dispute.lost|subscription.renewed|subscription.cancelled
288,/288,A,merchant_backend,A0288,payment.authorized|payment.captured|payment.failed|refund.created|refund.settled|payout.paid|dispute.opened|dispute.won|dispute.lost|subscription.renewed|subscription.cancelled
289,/289,A,merchant_backend,A0289,payment.authorized|payment.captured|payment.failed|refund.created|refund.settled|payout.paid|dispute.opened|dispute.won|dispute.lost|subscription.renewed|subscription.cancelled
290,/290,A,merchant_backend,A0290,payment.authorized|payment.captured|payment.failed|refund.created|refund.settled|payout.paid|dispute.opened|dispute.won|dispute.lost|subscription.renewed|subscription.cancelled
291,/291,A,merchant_backend,A0291,payment.authorized|payment.captured|payment.failed|refund.created|refund.settled|payout.paid|dispute.opened|dispute.won|dispute.lost|subscription.renewed|subscription.cancelled
292,/292,A,merchant_backend,A0292,payment.authorized|payment.captured|payment.failed|refund.created|refund.settled|payout.paid|dispute.opened|dispute.won|dispute.lost|subscription.renewed|subscription.cancelled
293,/293,A,merchant_backend,A0293,payment.authorized|payment.captured|payment.failed|refund.created|refund.settled|payout.paid|dispute.opened|dispute.won|dispute.lost|subscription.renewed|subscription.cancelled
294,/294,A,merchant_backend,A0294,payment.authorized|payment.captured|payment.failed|refund.created|refund.settled|payout.paid|dispute.opened|dispute.won|dispute.lost|subscription.renewed|subscription.cancelled
295,/295,A,merchant_backend,A0295,payment.authorized|payment.captured|payment.failed|refund.created|refund.settled|payout.paid|dispute.opened|dispute.won|dispute.lost|subscription.renewed|subscription.cancelled
296,/296,A,merchant_backend,A0296,payment.authorized|payment.captured|payment.failed|refund.created|refund.settled|payout.paid|dispute.opened|dispute.won|dispute.lost|subscription.renewed|subscription.cancelled
297,/297,A,merchant_backend,A0297,payment.authorized|payment.captured|payment.failed|refund.created|refund.settled|payout.paid|dispute.opened|dispute.won|dispute.lost|subscription.renewed|subscription.cancelled
298,/298,A,merchant_backend,A0298,payment.authorized|payment.captured|payment.failed|refund.created|refund.settled|payout.paid|dispute.opened|dispute.won|dispute.lost|subscription.renewed|subscription.cancelled
299,/299,A,merchant_backend,A0299,payment.authorized|payment.captured|payment.failed|refund.created|refund.settled|payout.paid|dispute.opened|dispute.won|dispute.lost|subscription.renewed|subscription.cancelled
300,/300,A,merchant_backend,A0300,payment.authorized|payment.captured|payment.failed|refund.created|refund.settled|payout.paid|dispute.opened|dispute.won|dispute.lost|subscription.renewed|subscription.cancelled
301,/301,A,merchant_backend,A0301,payment.authorized|payment.captured|payment.failed|refund.created|refund.settled|payout.paid|dispute.opened|dispute.won|dispute.lost|subscription.renewed|subscription.cancelled
302,/302,A,merchant_backend,A0302,payment.authorized|payment.captured|payment.failed|refund.created|refund.settled|payout.paid|dispute.opened|dispute.won|dispute.lost|subscription.renewed|subscription.cancelled
303,/303,A,merchant_backend,A0303,payment.authorized|payment.captured|payment.failed|refund.created|refund.settled|payout.paid|dispute.opened|dispute.won|dispute.lost|subscription.renewed|subscription.cancelled
304,/304,A,merchant_backend,A0304,payment.authorized|payment.captured|payment.failed|refund.created|refund.settled|payout.paid|dispute.opened|dispute.won|dispute.lost|subscription.renewed|subscription.cancelled
305,/305,A,merchant_backend,A0305,payment.authorized|payment.captured|payment.failed|refund.created|refund.settled|payout.paid|dispute.opened|dispute.won|dispute.lost|subscription.renewed|subscription.cancelled
306,/306,A,merchant_backend,A0306,payment.authorized|payment.captured|payment.failed|refund.created|refund.settled|payout.paid|dispute.opened|dispute.won|dispute.lost|subscription.renewed|subscription.cancelled
307,/307,A,merchant_backend,A0307,payment.authorized|payment.captured|payment.failed|refund.created|refund.settled|payout.paid|dispute.opened|dispute.won|dispute.lost|subscription.renewed|subscription.cancelled
308,/308,A,merchant_backend,A0308,payment.authorized|payment.captured|payment.failed|refund.created|refund.settled|payout.paid|dispute.opened|dispute.won|dispute.lost|subscription.renewed|subscription.cancelled
309,/309,A,merchant_backend,A0309,payment.authorized|payment.captured|payment.failed|refund.created|refund.settled|payout.paid|dispute.opened|dispute.won|dispute.lost|subscription.renewed|subscription.cancelled
310,/310,A,merchant_backend,A0310,payment.authorized|payment.captured|payment.failed|refund.created|refund.settled|payout.paid|dispute.opened|dispute.won|dispute.lost|subscription.renewed|subscription.cancelled
311,/311,A,merchant_backend,A0311,payment.authorized|payment.captured|payment.failed|refund.created|refund.settled|payout.paid|dispute.opened|dispute.won|dispute.lost|subscription.renewed|subscription.cancelled
312,/312,A,merchant_backend,A0312,payment.authorized|payment.captured|payment.failed|refund.created|refund.settled|payout.paid|dispute.opened|dispute.won|dispute.lost|subscription.renewed|subscription.cancelled
313,/313,A,merchant_backend,A0313,payment.authorized|payment.captured|payment.failed|refund.created|refund.settled|payout.paid|dispute.opened|dispute.won|dispute.lost|subscription.renewed|subscription.cancelled
314,/314,A,merchant_backend,A0314,payment.authorized|payment.captured|payment.failed|refund.created|refund.settled|payout.paid|dispute.opened|dispute.won|dispute.lost|subscription.renewed|subscription.cancelled
315,/315,A,merchant_backend,A0315,payment.authorized|payment.captured|payment.failed|refund.created|refund.settled|payout.paid|dispute.opened|dispute.won|dispute.lost|subscription.renewed|subscription.cancelled
316,/316,A,merchant_backend,A0316,payment.authorized|payment.captured|payment.failed|refund.created|refund.settled|payout.paid|dispute.opened|dispute.won|dispute.lost|subscription.renewed|subscription.cancelled
317,/317,A,merchant_backend,A0317,payment.authorized|payment.captured|payment.failed|refund.created|refund.settled|payout.paid|dispute.opened|dispute.won|dispute.lost|subscription.renewed|subscription.cancelled
318,/318,A,merchant_backend,A0318,payment.authorized|payment.captured|payment.failed|refund.created|refund.settled|payout.paid|dispute.opened|dispute.won|dispute.lost|subscription.renewed|subscription.cancelled
319,/319,A,merchant_backend,A0319,payment.authorized|payment.captured|payment.failed|refund.created|refund.settled|payout.paid|dispute.opened|dispute.won|dispute.lost|subscription.renewed|subscription.cancelled
320,/320,A,merchant_backend,A0320,payment.authorized|payment.captured|payment.failed|refund.created|refund.settled|payout.paid|dispute.opened|dispute.won|dispute.lost|subscription.renewed|subscription.cancelled
321,/321,A,merchant_backend,A0321,payment.authorized|payment.captured|payment.failed|refund.created|refund.settled|payout.paid|dispute.opened|dispute.won|dispute.lost|subscription.renewed|subscription.cancelled
322,/322,A,merchant_backend,A0322,payment.authorized|payment.captured|payment.failed|refund.created|refund.settled|payout.paid|dispute.opened|dispute.won|dispute.lost|subscription.renewed|subscription.cancelled
323,/323,A,merchant_backend,A0323,payment.authorized|payment.captured|payment.failed|refund.created|refund.settled|payout.paid|dispute.opened|dispute.won|dispute.lost|subscription.renewed|subscription.cancelled
324,/324,A,merchant_backend,A0324,payment.authorized|payment.captured|payment.failed|refund.created|refund.settled|payout.paid|dispute.opened|dispute.won|dispute.lost|subscription.renewed|subscription.cancelled
325,/325,A,merchant_backend,A0325,payment.authorized|payment.captured|payment.failed|refund.created|refund.settled|payout.paid|dispute.opened|dispute.won|dispute.lost|subscription.renewed|subscription.cancelled
326,/326,A,merchant_backend,A0326,payment.authorized|payment.captured|payment.failed|refund.created|refund.settled|payout.paid|dispute.opened|dispute.won|dispute.lost|subscription.renewed|subscription.cancelled
327,/327,A,merchant_backend,A0327,payment.authorized|payment.captured|payment.failed|refund.created|refund.settled|payout.paid|dispute.opened|dispute.won|dispute.lost|subscription.renewed|subscription.cancelled
328,/328,A,merchant_backend,A0328,payment.authorized|payment.captured|payment.failed|refund.created|refund.settled|payout.paid|dispute.opened|dispute.won|dispute.lost|subscription.renewed|subscription.cancelled
329,/329,A,merchant_backend,A0329,payment.authorized|payment.captured|payment.failed|refund.created|refund.settled|payout.paid|dispute.opened|dispute.won|dispute.lost|subscription.renewed|subscription.cancelled
330,/330,A,merchant_backend,A0330,payment.authorized|payment.captured|payment.failed|refund.created|refund.settled|payout.paid|dispute.opened|dispute.won|dispute.lost|subscription.renewed|subscription.cancelled
331,/331,A,merchant_backend,A0331,payment.authorized|payment.captured|payment.failed|refund.created|refund.settled|payout.paid|dispute.opened|dispute.won|dispute.lost|subscription.renewed|subscription.cancelled
332,/332,A,merchant_backend,A0332,payment.authorized|payment.captured|payment.failed|refund.created|refund.settled|payout.paid|dispute.opened|dispute.won|dispute.lost|subscription.renewed|subscription.cancelled
333,/333,A,merchant_backend,A0333,payment.authorized|payment.captured|payment.failed|refund.created|refund.settled|payout.paid|dispute.opened|dispute.won|dispute.lost|subscription.renewed|subscription.cancelled
334,/334,A,merchant_backend,A0334,payment.authorized|payment.captured|payment.failed|refund.created|refund.settled|payout.paid|dispute.opened|dispute.won|dispute.lost|subscription.renewed|subscription.cancelled
335,/335,A,merchant_backend,A0335,payment.authorized|payment.captured|payment.failed|refund.created|refund.settled|payout.paid|dispute.opened|dispute.won|dispute.lost|subscription.renewed|subscription.cancelled
336,/336,A,merchant_backend,A0336,payment.authorized|payment.captured|payment.failed|refund.created|refund.settled|payout.paid|dispute.opened|dispute.won|dispute.lost|subscription.renewed|subscription.cancelled
337,/337,A,merchant_backend,A0337,payment.authorized|payment.captured|payment.failed|refund.created|refund.settled|payout.paid|dispute.opened|dispute.won|dispute.lost|subscription.renewed|subscription.cancelled
338,/338,A,merchant_backend,A0338,payment.authorized|payment.captured|payment.failed|refund.created|refund.settled|payout.paid|dispute.opened|dispute.won|dispute.lost|subscription.renewed|subscription.cancelled
339,/339,A,merchant_backend,A0339,payment.authorized|payment.captured|payment.failed|refund.created|refund.settled|payout.paid|dispute.opened|dispute.won|dispute.lost|subscription.renewed|subscription.cancelled
340,/340,A,merchant_backend,A0340,payment.authorized|payment.captured|payment.failed|refund.created|refund.settled|payout.paid|dispute.opened|dispute.won|dispute.lost|subscription.renewed|subscription.cancelled
341,/341,A,merchant_backend,A0341,payment.authorized|payment.captured|payment.failed|refund.created|refund.settled|payout.paid|dispute.opened|dispute.won|dispute.lost|subscription.renewed|subscription.cancelled
342,/342,A,merchant_backend,A0342,payment.authorized|payment.captured|payment.failed|refund.created|refund.settled|payout.paid|dispute.opened|dispute.won|dispute.lost|subscription.renewed|subscription.cancelled
343,/343,A,merchant_backend,A0343,payment.authorized|payment.captured|payment.failed|refund.created|refund.settled|payout.paid|dispute.opened|dispute.won|dispute.lost|subscription.renewed|subscription.cancelled
344,/344,A,merchant_backend,A0344,payment.authorized|payment.captured|payment.failed|refund.created|refund.settled|payout.paid|dispute.opened|dispute.won|dispute.lost|subscription.renewed|subscription.cancelled
345,/345,A,merchant_backend,A0345,payment.authorized|payment.captured|payment.failed|refund.created|refund.settled|payout.paid|dispute.opened|dispute.won|dispute.lost|subscription.renewed|subscription.cancelled
346,/346,A,merchant_backend,A0346,payment.authorized|payment.captured|payment.failed|refund.created|refund.settled|payout.paid|dispute.opened|dispute.won|dispute.lost|subscription.renewed|subscription.cancelled
347,/347,A,merchant_backend,A0347,payment.authorized|payment.captured|payment.failed|refund.created|refund.settled|payout.paid|dispute.opened|dispute.won|dispute.lost|subscription.renewed|subscription.cancelled
348,/348,A,merchant_backend,A0348,payment.authorized|payment.captured|payment.failed|refund.created|refund.settled|payout.paid|dispute.opened|dispute.won|dispute.lost|subscription.renewed|subscription.cancelled
349,/349,A,merchant_backend,A0349,payment.authorized|payment.captured|payment.failed|refund.created|refund.settled|payout.paid|dispute.opened|dispute.won|dispute.lost|subscription.renewed|subscription.cancelled
350,/350,A,merchant_backend,A0350,payment.authorized|payment.captured|payment.failed|refund.created|refund.settled|payout.paid|dispute.opened|dispute.won|dispute.lost|subscription.renewed|subscription.cancelled
351,/351,A,merchant_backend,A0351,payment.authorized|payment.captured|payment.failed|refund.created|refund.settled|payout.paid|dispute.opened|dispute.won|dispute.lost|subscription.renewed|subscription.cancelled
352,/352,A,merchant_backend,A0352,payment.authorized|payment.captured|payment.failed|refund.created|refund.settled|payout.paid|dispute.opened|dispute.won|dispute.lost|subscription.renewed|subscription.cancelled
353,/353,A,merchant_backend,A0353,payment.authorized|payment.captured|payment.failed|refund.created|refund.settled|payout.paid|dispute.opened|dispute.won|dispute.lost|subscription.renewed|subscription.cancelled
354,/354,A,merchant_backend,A0354,payment.authorized|payment.captured|payment.failed|refund.created|refund.settled|payout.paid|dispute.opened|dispute.won|dispute.lost|subscription.renewed|subscription.cancelled
355,/355,A,merchant_backend,A0355,payment.authorized|payment.captured|payment.failed|refund.created|refund.settled|payout.paid|dispute.opened|dispute.won|dispute.lost|subscription.renewed|subscription.cancelled
356,/356,A,merchant_backend,A0356,payment.authorized|payment.captured|payment.failed|refund.created|refund.settled|payout.paid|dispute.opened|dispute.won|dispute.lost|subscription.renewed|subscription.cancelled
357,/357,A,merchant_backend,A0357,payment.authorized|payment.captured|payment.failed|refund.created|refund.settled|payout.paid|dispute.opened|dispute.won|dispute.lost|subscription.renewed|subscription.cancelled
358,/358,A,merchant_backend,A0358,payment.authorized|payment.captured|payment.failed|refund.created|refund.settled|payout.paid|dispute.opened|dispute.won|dispute.lost|subscription.renewed|subscription.cancelled
359,/359,A,merchant_backend,A0359,payment.authorized|payment.captured|payment.failed|refund.created|refund.settled|payout.paid|dispute.opened|dispute.won|dispute.lost|subscription.renewed|subscription.cancelled
360,/360,A,merchant_backend,A0360,payment.authorized|payment.captured|payment.failed|refund.created|refund.settled|payout.paid|dispute.opened|dispute.won|dispute.lost|subscription.renewed|subscription.cancelled
361,/361,A,merchant_backend,A0361,payment.authorized|payment.captured|payment.failed|refund.created|refund.settled|payout.paid|dispute.opened|dispute.won|dispute.lost|subscription.renewed|subscription.cancelled
362,/362,A,merchant_backend,A0362,payment.authorized|payment.captured|payment.failed|refund.created|refund.settled|payout.paid|dispute.opened|dispute.won|dispute.lost|subscription.renewed|subscription.cancelled
363,/363,A,merchant_backend,A0363,payment.authorized|payment.captured|payment.failed|refund.created|refund.settled|payout.paid|dispute.opened|dispute.won|dispute.lost|subscription.renewed|subscription.cancelled
364,/364,A,merchant_backend,A0364,payment.authorized|payment.captured|payment.failed|refund.created|refund.settled|payout.paid|dispute.opened|dispute.won|dispute.lost|subscription.renewed|subscription.cancelled
365,/365,A,merchant_backend,A0365,payment.authorized|payment.captured|payment.failed|refund.created|refund.settled|payout.paid|dispute.opened|dispute.won|dispute.lost|subscription.renewed|subscription.cancelled
366,/366,A,merchant_backend,A0366,payment.authorized|payment.captured|payment.failed|refund.created|refund.settled|payout.paid|dispute.opened|dispute.won|dispute.lost|subscription.renewed|subscription.cancelled
367,/367,A,merchant_backend,A0367,payment.authorized|payment.captured|payment.failed|refund.created|refund.settled|payout.paid|dispute.opened|dispute.won|dispute.lost|subscription.renewed|subscription.cancelled
368,/368,A,merchant_backend,A0368,payment.authorized|payment.captured|payment.failed|refund.created|refund.settled|payout.paid|dispute.opened|dispute.won|dispute.lost|subscription.renewed|subscription.cancelled
369,/369,A,merchant_backend,A0369,payment.authorized|payment.captured|payment.failed|refund.created|refund.settled|payout.paid|dispute.opened|dispute.won|dispute.lost|subscription.renewed|subscription.cancelled
370,/370,A,merchant_backend,A0370,payment.authorized|payment.captured|payment.failed|refund.created|refund.settled|payout.paid|dispute.opened|dispute.won|dispute.lost|subscription.renewed|subscription.cancelled
371,/371,A,merchant_backend,A0371,payment.authorized|payment.captured|payment.failed|refund.created|refund.settled|payout.paid|dispute.opened|dispute.won|dispute.lost|subscription.renewed|subscription.cancelled
372,/372,A,merchant_backend,A0372,payment.authorized|payment.captured|payment.failed|refund.created|refund.settled|payout.paid|dispute.opened|dispute.won|dispute.lost|subscription.renewed|subscription.cancelled
373,/373,A,merchant_backend,A0373,payment.authorized|payment.captured|payment.failed|refund.created|refund.settled|payout.paid|dispute.opened|dispute.won|dispute.lost|subscription.renewed|subscription.cancelled
374,/374,A,merchant_backend,A0374,payment.authorized|payment.captured|payment.failed|refund.created|refund.settled|payout.paid|dispute.opened|dispute.won|dispute.lost|subscription.renewed|subscription.cancelled
375,/375,A,merchant_backend,A0375,payment.authorized|payment.captured|payment.failed|refund.created|refund.settled|payout.paid|dispute.opened|dispute.won|dispute.lost|subscription.renewed|subscription.cancelled
376,/376,A,merchant_backend,A0376,payment.authorized|payment.captured|payment.failed|refund.created|refund.settled|payout.paid|dispute.opened|dispute.won|dispute.lost|subscription.renewed|subscription.cancelled
377,/377,A,merchant_backend,A0377,payment.authorized|payment.captured|payment.failed|refund.created|refund.settled|payout.paid|dispute.opened|dispute.won|dispute.lost|subscription.renewed|subscription.cancelled
378,/378,A,merchant_backend,A0378,payment.authorized|payment.captured|payment.failed|refund.created|refund.settled|payout.paid|dispute.opened|dispute.won|dispute.lost|subscription.renewed|subscription.cancelled
379,/379,A,merchant_backend,A0379,payment.authorized|payment.captured|payment.failed|refund.created|refund.settled|payout.paid|dispute.opened|dispute.won|dispute.lost|subscription.renewed|subscription.cancelled
380,/380,A,merchant_backend,A0380,payment.authorized|payment.captured|payment.failed|refund.created|refund.settled|payout.paid|dispute.opened|dispute.won|dispute.lost|subscription.renewed|subscription.cancelled
381,/381,A,merchant_backend,A0381,payment.authorized|payment.captured|payment.failed|refund.created|refund.settled|payout.paid|dispute.opened|dispute.won|dispute.lost|subscription.renewed|subscription.cancelled
382,/382,A,merchant_backend,A0382,payment.authorized|payment.captured|payment.failed|refund.created|refund.settled|payout.paid|dispute.opened|dispute.won|dispute.lost|subscription.renewed|subscription.cancelled
383,/383,A,merchant_backend,A0383,payment.authorized|payment.captured|payment.failed|refund.created|refund.settled|payout.paid|dispute.opened|dispute.won|dispute.lost|subscription.renewed|subscription.cancelled
384,/384,A,merchant_backend,A0384,payment.authorized|payment.captured|payment.failed|refund.created|refund.settled|payout.paid|dispute.opened|dispute.won|dispute.lost|subscription.renewed|subscription.cancelled
385,/385,A,merchant_backend,A0385,payment.authorized|payment.captured|payment.failed|refund.created|refund.settled|payout.paid|dispute.opened|dispute.won|dispute.lost|subscription.renewed|subscription.cancelled
386,/386,A,merchant_backend,A0386,payment.authorized|payment.captured|payment.failed|refund.created|refund.settled|payout.paid|dispute.opened|dispute.won|dispute.lost|subscription.renewed|subscription.cancelled
387,/387,A,merchant_backend,A0387,payment.authorized|payment.captured|payment.failed|refund.created|refund.settled|payout.paid|dispute.opened|dispute.won|dispute.lost|subscription.renewed|subscription.cancelled
388,/388,A,merchant_backend,A0388,payment.authorized|payment.captured|payment.failed|refund.created|refund.settled|payout.paid|dispute.opened|dispute.won|dispute.lost|subscription.renewed|subscription.cancelled
389,/389,A,merchant_backend,A0389,payment.authorized|payment.captured|payment.failed|refund.created|refund.settled|payout.paid|dispute.opened|dispute.won|dispute.lost|subscription.renewed|subscription.cancelled
390,/390,A,merchant_backend,A0390,payment.authorized|payment.captured|payment.failed|refund.created|refund.settled|payout.paid|dispute.opened|dispute.won|dispute.lost|subscription.renewed|subscription.cancelled
391,/391,A,merchant_backend,A0391,payment.authorized|payment.captured|payment.failed|refund.created|refund.settled|payout.paid|dispute.opened|dispute.won|dispute.lost|subscription.renewed|subscription.cancelled
392,/392,A,merchant_backend,A0392,payment.authorized|payment.captured|payment.failed|refund.created|refund.settled|payout.paid|dispute.opened|dispute.won|dispute.lost|subscription.renewed|subscription.cancelled
393,/393,A,merchant_backend,A0393,payment.authorized|payment.captured|payment.failed|refund.created|refund.settled|payout.paid|dispute.opened|dispute.won|dispute.lost|subscription.renewed|subscription.cancelled
394,/394,A,merchant_backend,A0394,payment.authorized|payment.captured|payment.failed|refund.created|refund.settled|payout.paid|dispute.opened|dispute.won|dispute.lost|subscription.renewed|subscription.cancelled
395,/395,A,merchant_backend,A0395,payment.authorized|payment.captured|payment.failed|refund.created|refund.settled|payout.paid|dispute.opened|dispute.won|dispute.lost|subscription.renewed|subscription.cancelled
396,/396,A,merchant_backend,A0396,payment.authorized|payment.captured|payment.failed|refund.created|refund.settled|payout.paid|dispute.opened|dispute.won|dispute.lost|subscription.renewed|subscription.cancelled
397,/397,A,merchant_backend,A0397,payment.authorized|payment.captured|payment.failed|refund.created|refund.settled|payout.paid|dispute.opened|dispute.won|dispute.lost|subscription.renewed|subscription.cancelled
398,/398,A,merchant_backend,A0398,payment.authorized|payment.captured|payment.failed|refund.created|refund.settled|payout.paid|dispute.opened|dispute.won|dispute.lost|subscription.renewed|subscription.cancelled
399,/399,A,merchant_backend,A0399,payment.authorized|payment.captured|payment.failed|refund.created|refund.settled|payout.paid|dispute.opened|dispute.won|dispute.lost|subscription.renewed|subscription.cancelled
400,/400,A,merchant_backend,A0400,payment.authorized|payment.captured|payment.failed|refund.created|refund.settled|payout.paid|dispute.opened|dispute.won|dispute.lost|subscription.renewed|subscription.cancelled
401,/401,A,merchant_backend,A0401,payment.authorized|payment.captured|payment.failed|refund.created|refund.settled|payout.paid|dispute.opened|dispute.won|dispute.lost|subscription.renewed|subscription.cancelled
402,/402,A,merchant_backend,A0402,payment.authorized|payment.captured|payment.failed|refund.created|refund.settled|payout.paid|dispute.opened|dispute.won|dispute.lost|subscription.renewed|subscription.cancelled
403,/403,A,merchant_backend,A0403,payment.authorized|payment.captured|payment.failed|refund.created|refund.settled|payout.paid|dispute.opened|dispute.won|dispute.lost|subscription.renewed|subscription.cancelled
404,/404,A,merchant_backend,A0404,payment.authorized|payment.captured|payment.failed|refund.created|refund.settled|payout.paid|dispute.opened|dispute.won|dispute.lost|subscription.renewed|subscription.cancelled
405,/405,A,merchant_backend,A0405,payment.authorized|payment.captured|payment.failed|refund.created|refund.settled|payout.paid|dispute.opened|dispute.won|dispute.lost|subscription.renewed|subscription.cancelled
406,/406,A,merchant_backend,A0406,payment.authorized|payment.captured|payment.failed|refund.created|refund.settled|payout.paid|dispute.opened|dispute.won|dispute.lost|subscription.renewed|subscription.cancelled
407,/407,A,merchant_backend,A0407,payment.authorized|payment.captured|payment.failed|refund.created|refund.settled|payout.paid|dispute.opened|dispute.won|dispute.lost|subscription.renewed|subscription.cancelled
408,/408,A,merchant_backend,A0408,payment.authorized|payment.captured|payment.failed|refund.created|refund.settled|payout.paid|dispute.opened|dispute.won|dispute.lost|subscription.renewed|subscription.cancelled
409,/409,A,merchant_backend,A0409,payment.authorized|payment.captured|payment.failed|refund.created|refund.settled|payout.paid|dispute.opened|dispute.won|dispute.lost|subscription.renewed|subscription.cancelled
410,/410,A,merchant_backend,A0410,payment.authorized|payment.captured|payment.failed|refund.created|refund.settled|payout.paid|dispute.opened|dispute.won|dispute.lost|subscription.renewed|subscription.cancelled
411,/411,A,merchant_backend,A0411,payment.authorized|payment.captured|payment.failed|refund.created|refund.settled|payout.paid|dispute.opened|dispute.won|dispute.lost|subscription.renewed|subscription.cancelled
412,/412,A,merchant_backend,A0412,payment.authorized|payment.captured|payment.failed|refund.created|refund.settled|payout.paid|dispute.opened|dispute.won|dispute.lost|subscription.renewed|subscription.cancelled
413,/413,A,merchant_backend,A0413,payment.authorized|payment.captured|payment.failed|refund.created|refund.settled|payout.paid|dispute.opened|dispute.won|dispute.lost|subscription.renewed|subscription.cancelled
414,/414,A,merchant_backend,A0414,payment.authorized|payment.captured|payment.failed|refund.created|refund.settled|payout.paid|dispute.opened|dispute.won|dispute.lost|subscription.renewed|subscription.cancelled
415,/415,A,merchant_backend,A0415,payment.authorized|payment.captured|payment.failed|refund.created|refund.settled|payout.paid|dispute.opened|dispute.won|dispute.lost|subscription.renewed|subscription.cancelled
416,/416,A,merchant_backend,A0416,payment.authorized|payment.captured|payment.failed|refund.created|refund.settled|payout.paid|dispute.opened|dispute.won|dispute.lost|subscription.renewed|subscription.cancelled
417,/417,A,merchant_backend,A0417,payment.authorized|payment.captured|payment.failed|refund.created|refund.settled|payout.paid|dispute.opened|dispute.won|dispute.lost|subscription.renewed|subscription.cancelled
418,/418,A,merchant_backend,A0418,payment.authorized|payment.captured|payment.failed|refund.created|refund.settled|payout.paid|dispute.opened|dispute.won|dispute.lost|subscription.renewed|subscription.cancelled
419,/419,A,merchant_backend,A0419,payment.authorized|payment.captured|payment.failed|refund.created|refund.settled|payout.paid|dispute.opened|dispute.won|dispute.lost|subscription.renewed|subscription.cancelled
420,/420,A,merchant_backend,A0420,payment.authorized|payment.captured|payment.failed|refund.created|refund.settled|payout.paid|dispute.opened|dispute.won|dispute.lost|subscription.renewed|subscription.cancelled
421,/421,A,merchant_backend,A0421,payment.authorized|payment.captured|payment.failed|refund.created|refund.settled|payout.paid|dispute.opened|dispute.won|dispute.lost|subscription.renewed|subscription.cancelled
422,/422,A,merchant_backend,A0422,payment.authorized|payment.captured|payment.failed|refund.created|refund.settled|payout.paid|dispute.opened|dispute.won|dispute.lost|subscription.renewed|subscription.cancelled
423,/423,A,merchant_backend,A0423,payment.authorized|payment.captured|payment.failed|refund.created|refund.settled|payout.paid|dispute.opened|dispute.won|dispute.lost|subscription.renewed|subscription.cancelled
424,/424,A,merchant_backend,A0424,payment.authorized|payment.captured|payment.failed|refund.created|refund.settled|payout.paid|dispute.opened|dispute.won|dispute.lost|subscription.renewed|subscription.cancelled
425,/425,A,merchant_backend,A0425,payment.authorized|payment.captured|payment.failed|refund.created|refund.settled|payout.paid|dispute.opened|dispute.won|dispute.lost|subscription.renewed|subscription.cancelled
426,/426,A,merchant_backend,A0426,payment.authorized|payment.captured|payment.failed|refund.created|refund.settled|payout.paid|dispute.opened|dispute.won|dispute.lost|subscription.renewed|subscription.cancelled
427,/427,A,merchant_backend,A0427,payment.authorized|payment.captured|payment.failed|refund.created|refund.settled|payout.paid|dispute.opened|dispute.won|dispute.lost|subscription.renewed|subscription.cancelled
428,/428,A,merchant_backend,A0428,payment.authorized|payment.captured|payment.failed|refund.created|refund.settled|payout.paid|dispute.opened|dispute.won|dispute.lost|subscription.renewed|subscription.cancelled
429,/429,A,merchant_backend,A0429,payment.authorized|payment.captured|payment.failed|refund.created|refund.settled|payout.paid|dispute.opened|dispute.won|dispute.lost|subscription.renewed|subscription.cancelled
430,/430,A,merchant_backend,A0430,payment.authorized|payment.captured|payment.failed|refund.created|refund.settled|payout.paid|dispute.opened|dispute.won|dispute.lost|subscription.renewed|subscription.cancelled
431,/431,A,merchant_backend,A0431,payment.authorized|payment.captured|payment.failed|refund.created|refund.settled|payout.paid|dispute.opened|dispute.won|dispute.lost|subscription.renewed|subscription.cancelled
432,/432,A,merchant_backend,A0432,payment.authorized|payment.captured|payment.failed|refund.created|refund.settled|payout.paid|dispute.opened|dispute.won|dispute.lost|subscription.renewed|subscription.cancelled
433,/433,A,merchant_backend,A0433,payment.authorized|payment.captured|payment.failed|refund.created|refund.settled|payout.paid|dispute.opened|dispute.won|dispute.lost|subscription.renewed|subscription.cancelled
434,/434,A,merchant_backend,A0434,payment.authorized|payment.captured|payment.failed|refund.created|refund.settled|payout.paid|dispute.opened|dispute.won|dispute.lost|subscription.renewed|subscription.cancelled
435,/435,A,merchant_backend,A0435,payment.authorized|payment.captured|payment.failed|refund.created|refund.settled|payout.paid|dispute.opened|dispute.won|dispute.lost|subscription.renewed|subscription.cancelled
436,/436,A,merchant_backend,A0436,payment.authorized|payment.captured|payment.failed|refund.created|refund.settled|payout.paid|dispute.opened|dispute.won|dispute.lost|subscription.renewed|subscription.cancelled
437,/437,A,merchant_backend,A0437,payment.authorized|payment.captured|payment.failed|refund.created|refund.settled|payout.paid|dispute.opened|dispute.won|dispute.lost|subscription.renewed|subscription.cancelled
438,/438,A,merchant_backend,A0438,payment.authorized|payment.captured|payment.failed|refund.created|refund.settled|payout.paid|dispute.opened|dispute.won|dispute.lost|subscription.renewed|subscription.cancelled
439,/439,A,merchant_backend,A0439,payment.authorized|payment.captured|payment.failed|refund.created|refund.settled|payout.paid|dispute.opened|dispute.won|dispute.lost|subscription.renewed|subscription.cancelled
440,/440,A,merchant_backend,A0440,payment.authorized|payment.captured|payment.failed|refund.created|refund.settled|payout.paid|dispute.opened|dispute.won|dispute.lost|subscription.renewed|subscription.cancelled
441,/441,A,merchant_backend,A0441,payment.authorized|payment.captured|payment.failed|refund.created|refund.settled|payout.paid|dispute.opened|dispute.won|dispute.lost|subscription.renewed|subscription.cancelled
442,/442,A,merchant_backend,A0442,payment.authorized|payment.captured|payment.failed|refund.created|refund.settled|payout.paid|dispute.opened|dispute.won|dispute.lost|subscription.renewed|subscription.cancelled
443,/443,A,merchant_backend,A0443,payment.authorized|payment.captured|payment.failed|refund.created|refund.settled|payout.paid|dispute.opened|dispute.won|dispute.lost|subscription.renewed|subscription.cancelled
444,/444,A,merchant_backend,A0444,payment.authorized|payment.captured|payment.failed|refund.created|refund.settled|payout.paid|dispute.opened|dispute.won|dispute.lost|subscription.renewed|subscription.cancelled
445,/445,A,merchant_backend,A0445,payment.authorized|payment.captured|payment.failed|refund.created|refund.settled|payout.paid|dispute.opened|dispute.won|dispute.lost|subscription.renewed|subscription.cancelled
446,/446,A,merchant_backend,A0446,payment.authorized|payment.captured|payment.failed|refund.created|refund.settled|payout.paid|dispute.opened|dispute.won|dispute.lost|subscription.renewed|subscription.cancelled
447,/447,A,merchant_backend,A0447,payment.authorized|payment.captured|payment.failed|refund.created|refund.settled|payout.paid|dispute.opened|dispute.won|dispute.lost|subscription.renewed|subscription.cancelled
448,/448,A,merchant_backend,A0448,payment.authorized|payment.captured|payment.failed|refund.created|refund.settled|payout.paid|dispute.opened|dispute.won|dispute.lost|subscription.renewed|subscription.cancelled
449,/449,A,merchant_backend,A0449,payment.authorized|payment.captured|payment.failed|refund.created|refund.settled|payout.paid|dispute.opened|dispute.won|dispute.lost|subscription.renewed|subscription.cancelled
450,/450,A,merchant_backend,A0450,payment.authorized|payment.captured|payment.failed|refund.created|refund.settled|payout.paid|dispute.opened|dispute.won|dispute.lost|subscription.renewed|subscription.cancelled
451,/451,A,merchant_backend,A0451,payment.authorized|payment.captured|payment.failed|refund.created|refund.settled|payout.paid|dispute.opened|dispute.won|dispute.lost|subscription.renewed|subscription.cancelled
452,/452,A,merchant_backend,A0452,payment.authorized|payment.captured|payment.failed|refund.created|refund.settled|payout.paid|dispute.opened|dispute.won|dispute.lost|subscription.renewed|subscription.cancelled
453,/453,A,merchant_backend,A0453,payment.authorized|payment.captured|payment.failed|refund.created|refund.settled|payout.paid|dispute.opened|dispute.won|dispute.lost|subscription.renewed|subscription.cancelled
454,/454,A,merchant_backend,A0454,payment.authorized|payment.captured|payment.failed|refund.created|refund.settled|payout.paid|dispute.opened|dispute.won|dispute.lost|subscription.renewed|subscription.cancelled
455,/455,A,merchant_backend,A0455,payment.authorized|payment.captured|payment.failed|refund.created|refund.settled|payout.paid|dispute.opened|dispute.won|dispute.lost|subscription.renewed|subscription.cancelled
456,/456,A,merchant_backend,A0456,payment.authorized|payment.captured|payment.failed|refund.created|refund.settled|payout.paid|dispute.opened|dispute.won|dispute.lost|subscription.renewed|subscription.cancelled
457,/457,A,merchant_backend,A0457,payment.authorized|payment.captured|payment.failed|refund.created|refund.settled|payout.paid|dispute.opened|dispute.won|dispute.lost|subscription.renewed|subscription.cancelled
458,/458,A,merchant_backend,A0458,payment.authorized|payment.captured|payment.failed|refund.created|refund.settled|payout.paid|dispute.opened|dispute.won|dispute.lost|subscription.renewed|subscription.cancelled
459,/459,A,merchant_backend,A0459,payment.authorized|payment.captured|payment.failed|refund.created|refund.settled|payout.paid|dispute.opened|dispute.won|dispute.lost|subscription.renewed|subscription.cancelled
460,/460,A,merchant_backend,A0460,payment.authorized|payment.captured|payment.failed|refund.created|refund.settled|payout.paid|dispute.opened|dispute.won|dispute.lost|subscription.renewed|subscription.cancelled
461,/461,A,merchant_backend,A0461,payment.authorized|payment.captured|payment.failed|refund.created|refund.settled|payout.paid|dispute.opened|dispute.won|dispute.lost|subscription.renewed|subscription.cancelled
462,/462,A,merchant_backend,A0462,payment.authorized|payment.captured|payment.failed|refund.created|refund.settled|payout.paid|dispute.opened|dispute.won|dispute.lost|subscription.renewed|subscription.cancelled
463,/463,A,merchant_backend,A0463,payment.authorized|payment.captured|payment.failed|refund.created|refund.settled|payout.paid|dispute.opened|dispute.won|dispute.lost|subscription.renewed|subscription.cancelled
464,/464,A,merchant_backend,A0464,payment.authorized|payment.captured|payment.failed|refund.created|refund.settled|payout.paid|dispute.opened|dispute.won|dispute.lost|subscription.renewed|subscription.cancelled
465,/465,A,merchant_backend,A0465,payment.authorized|payment.captured|payment.failed|refund.created|refund.settled|payout.paid|dispute.opened|dispute.won|dispute.lost|subscription.renewed|subscription.cancelled
466,/466,A,merchant_backend,A0466,payment.authorized|payment.captured|payment.failed|refund.created|refund.settled|payout.paid|dispute.opened|dispute.won|dispute.lost|subscription.renewed|subscription.cancelled
467,/467,A,merchant_backend,A0467,payment.authorized|payment.captured|payment.failed|refund.created|refund.settled|payout.paid|dispute.opened|dispute.won|dispute.lost|subscription.renewed|subscription.cancelled
468,/468,A,merchant_backend,A0468,payment.authorized|payment.captured|payment.failed|refund.created|refund.settled|payout.paid|dispute.opened|dispute.won|dispute.lost|subscription.renewed|subscription.cancelled
469,/469,A,merchant_backend,A0469,payment.authorized|payment.captured|payment.failed|refund.created|refund.settled|payout.paid|dispute.opened|dispute.won|dispute.lost|subscription.renewed|subscription.cancelled
470,/470,A,merchant_backend,A0470,payment.authorized|payment.captured|payment.failed|refund.created|refund.settled|payout.paid|dispute.opened|dispute.won|dispute.lost|subscription.renewed|subscription.cancelled
471,/471,A,merchant_backend,A0471,payment.authorized|payment.captured|payment.failed|refund.created|refund.settled|payout.paid|dispute.opened|dispute.won|dispute.lost|subscription.renewed|subscription.cancelled
472,/472,A,merchant_backend,A0472,payment.authorized|payment.captured|payment.failed|refund.created|refund.settled|payout.paid|dispute.opened|dispute.won|dispute.lost|subscription.renewed|subscription.cancelled
473,/473,A,merchant_backend,A0473,payment.authorized|payment.captured|payment.failed|refund.created|refund.settled|payout.paid|dispute.opened|dispute.won|dispute.lost|subscription.renewed|subscription.cancelled
474,/474,A,merchant_backend,A0474,payment.authorized|payment.captured|payment.failed|refund.created|refund.settled|payout.paid|dispute.opened|dispute.won|dispute.lost|subscription.renewed|subscription.cancelled
475,/475,A,merchant_backend,A0475,payment.authorized|payment.captured|payment.failed|refund.created|refund.settled|payout.paid|dispute.opened|dispute.won|dispute.lost|subscription.renewed|subscription.cancelled
476,/476,A,merchant_backend,A0476,payment.authorized|payment.captured|payment.failed|refund.created|refund.settled|payout.paid|dispute.opened|dispute.won|dispute.lost|subscription.renewed|subscription.cancelled
477,/477,A,merchant_backend,A0477,payment.authorized|payment.captured|payment.failed|refund.created|refund.settled|payout.paid|dispute.opened|dispute.won|dispute.lost|subscription.renewed|subscription.cancelled
478,/478,A,merchant_backend,A0478,payment.authorized|payment.captured|payment.failed|refund.created|refund.settled|payout.paid|dispute.opened|dispute.won|dispute.lost|subscription.renewed|subscription.cancelled
479,/479,A,merchant_backend,A0479,payment.authorized|payment.captured|payment.failed|refund.created|refund.settled|payout.paid|dispute.opened|dispute.won|dispute.lost|subscription.renewed|subscription.cancelled
480,/480,A,merchant_backend,A0480,payment.authorized|payment.captured|payment.failed|refund.created|refund.settled|payout.paid|dispute.opened|dispute.won|dispute.lost|subscription.renewed|subscription.cancelled
481,/481,A,merchant_backend,A0481,payment.authorized|payment.captured|payment.failed|refund.created|refund.settled|payout.paid|dispute.opened|dispute.won|dispute.lost|subscription.renewed|subscription.cancelled
482,/482,A,merchant_backend,A0482,payment.authorized|payment.captured|payment.failed|refund.created|refund.settled|payout.paid|dispute.opened|dispute.won|dispute.lost|subscription.renewed|subscription.cancelled
483,/483,A,merchant_backend,A0483,payment.authorized|payment.captured|payment.failed|refund.created|refund.settled|payout.paid|dispute.opened|dispute.won|dispute.lost|subscription.renewed|subscription.cancelled
484,/484,A,merchant_backend,A0484,payment.authorized|payment.captured|payment.failed|refund.created|refund.settled|payout.paid|dispute.opened|dispute.won|dispute.lost|subscription.renewed|subscription.cancelled
485,/485,A,merchant_backend,A0485,payment.authorized|payment.captured|payment.failed|refund.created|refund.settled|payout.paid|dispute.opened|dispute.won|dispute.lost|subscription.renewed|subscription.cancelled
486,/486,A,merchant_backend,A0486,payment.authorized|payment.captured|payment.failed|refund.created|refund.settled|payout.paid|dispute.opened|dispute.won|dispute.lost|subscription.renewed|subscription.cancelled
487,/487,A,merchant_backend,A0487,payment.authorized|payment.captured|payment.failed|refund.created|refund.settled|payout.paid|dispute.opened|dispute.won|dispute.lost|subscription.renewed|subscription.cancelled
488,/488,A,merchant_backend,A0488,payment.authorized|payment.captured|payment.failed|refund.created|refund.settled|payout.paid|dispute.opened|dispute.won|dispute.lost|subscription.renewed|subscription.cancelled
489,/489,A,merchant_backend,A0489,payment.authorized|payment.captured|payment.failed|refund.created|refund.settled|payout.paid|dispute.opened|dispute.won|dispute.lost|subscription.renewed|subscription.cancelled
490,/490,A,merchant_backend,A0490,payment.authorized|payment.captured|payment.failed|refund.created|refund.settled|payout.paid|dispute.opened|dispute.won|dispute.lost|subscription.renewed|subscription.cancelled
491,/491,A,merchant_backend,A0491,payment.authorized|payment.captured|payment.failed|refund.created|refund.settled|payout.paid|dispute.opened|dispute.won|dispute.lost|subscription.renewed|subscription.cancelled
492,/492,A,merchant_backend,A0492,payment.authorized|payment.captured|payment.failed|refund.created|refund.settled|payout.paid|dispute.opened|dispute.won|dispute.lost|subscription.renewed|subscription.cancelled
493,/493,A,merchant_backend,A0493,payment.authorized|payment.captured|payment.failed|refund.created|refund.settled|payout.paid|dispute.opened|dispute.won|dispute.lost|subscription.renewed|subscription.cancelled
494,/494,A,merchant_backend,A0494,payment.authorized|payment.captured|payment.failed|refund.created|refund.settled|payout.paid|dispute.opened|dispute.won|dispute.lost|subscription.renewed|subscription.cancelled
495,/495,A,merchant_backend,A0495,payment.authorized|payment.captured|payment.failed|refund.created|refund.settled|payout.paid|dispute.opened|dispute.won|dispute.lost|subscription.renewed|subscription.cancelled
496,/496,A,merchant_backend,A0496,payment.authorized|payment.captured|payment.failed|refund.created|refund.settled|payout.paid|dispute.opened|dispute.won|dispute.lost|subscription.renewed|subscription.cancelled
497,/497,A,merchant_backend,A0497,payment.authorized|payment.captured|payment.failed|refund.created|refund.settled|payout.paid|dispute.opened|dispute.won|dispute.lost|subscription.renewed|subscription.cancelled
498,/498,A,merchant_backend,A0498,payment.authorized|payment.captured|payment.failed|refund.created|refund.settled|payout.paid|dispute.opened|dispute.won|dispute.lost|subscription.renewed|subscription.cancelled
499,/499,A,merchant_backend,A0499,payment.authorized|payment.captured|payment.failed|refund.created|refund.settled|payout.paid|dispute.opened|dispute.won|dispute.lost|subscription.renewed|subscription.cancelled
500,/500,A,merchant_backend,A0500,payment.authorized|payment.captured|payment.failed|refund.created|refund.settled|payout.paid|dispute.opened|dispute.won|dispute.lost|subscription.renewed|subscription.cancelled
501,/501,A,merchant_backend,A0501,payment.authorized|payment.captured|payment.failed|refund.created|refund.settled|payout.paid|dispute.opened|dispute.won|dispute.lost|subscription.renewed|subscription.cancelled
502,/502,A,merchant_backend,A0502,payment.authorized|payment.captured|payment.failed|refund.created|refund.settled|payout.paid|dispute.opened|dispute.won|dispute.lost|subscription.renewed|subscription.cancelled
503,/503,A,merchant_backend,A0503,payment.authorized|payment.captured|payment.failed|refund.created|refund.settled|payout.paid|dispute.opened|dispute.won|dispute.lost|subscription.renewed|subscription.cancelled
504,/504,A,merchant_backend,A0504,payment.authorized|payment.captured|payment.failed|refund.created|refund.settled|payout.paid|dispute.opened|dispute.won|dispute.lost|subscription.renewed|subscription.cancelled
505,/505,A,merchant_backend,A0505,payment.authorized|payment.captured|payment.failed|refund.created|refund.settled|payout.paid|dispute.opened|dispute.won|dispute.lost|subscription.renewed|subscription.cancelled
506,/506,A,merchant_backend,A0506,payment.authorized|payment.captured|payment.failed|refund.created|refund.settled|payout.paid|dispute.opened|dispute.won|dispute.lost|subscription.renewed|subscription.cancelled
507,/507,A,merchant_backend,A0507,payment.authorized|payment.captured|payment.failed|refund.created|refund.settled|payout.paid|dispute.opened|dispute.won|dispute.lost|subscription.renewed|subscription.cancelled
508,/508,A,merchant_backend,A0508,payment.authorized|payment.captured|payment.failed|refund.created|refund.settled|payout.paid|dispute.opened|dispute.won|dispute.lost|subscription.renewed|subscription.cancelled
509,/509,A,merchant_backend,A0509,payment.authorized|payment.captured|payment.failed|refund.created|refund.settled|payout.paid|dispute.opened|dispute.won|dispute.lost|subscription.renewed|subscription.cancelled
510,/510,A,merchant_backend,A0510,payment.authorized|payment.captured|payment.failed|refund.created|refund.settled|payout.paid|dispute.opened|dispute.won|dispute.lost|subscription.renewed|subscription.cancelled
511,/511,A,merchant_backend,A0511,payment.authorized|payment.captured|payment.failed|refund.created|refund.settled|payout.paid|dispute.opened|dispute.won|dispute.lost|subscription.renewed|subscription.cancelled
512,/512,A,merchant_backend,A0512,payment.authorized|payment.captured|payment.failed|refund.created|refund.settled|payout.paid|dispute.opened|dispute.won|dispute.lost|subscription.renewed|subscription.cancelled
513,/513,A,merchant_backend,A0513,payment.authorized|payment.captured|payment.failed|refund.created|refund.settled|payout.paid|dispute.opened|dispute.won|dispute.lost|subscription.renewed|subscription.cancelled
514,/514,A,merchant_backend,A0514,payment.authorized|payment.captured|payment.failed|refund.created|refund.settled|payout.paid|dispute.opened|dispute.won|dispute.lost|subscription.renewed|subscription.cancelled
515,/515,A,merchant_backend,A0515,payment.authorized|payment.captured|payment.failed|refund.created|refund.settled|payout.paid|dispute.opened|dispute.won|dispute.lost|subscription.renewed|subscription.cancelled
516,/516,A,merchant_backend,A0516,payment.authorized|payment.captured|payment.failed|refund.created|refund.settled|payout.paid|dispute.opened|dispute.won|dispute.lost|subscription.renewed|subscription.cancelled
517,/517,A,merchant_backend,A0517,payment.authorized|payment.captured|payment.failed|refund.created|refund.settled|payout.paid|dispute.opened|dispute.won|dispute.lost|subscription.renewed|subscription.cancelled
518,/518,A,merchant_backend,A0518,payment.authorized|payment.captured|payment.failed|refund.created|refund.settled|payout.paid|dispute.opened|dispute.won|dispute.lost|subscription.renewed|subscription.cancelled
519,/519,A,merchant_backend,A0519,payment.authorized|payment.captured|payment.failed|refund.created|refund.settled|payout.paid|dispute.opened|dispute.won|dispute.lost|subscription.renewed|subscription.cancelled
520,/520,A,merchant_backend,A0520,payment.authorized|payment.captured|payment.failed|refund.created|refund.settled|payout.paid|dispute.opened|dispute.won|dispute.lost|subscription.renewed|subscription.cancelled
521,/521,A,merchant_backend,A0521,payment.authorized|payment.captured|payment.failed|refund.created|refund.settled|payout.paid|dispute.opened|dispute.won|dispute.lost|subscription.renewed|subscription.cancelled
522,/522,A,merchant_backend,A0522,payment.authorized|payment.captured|payment.failed|refund.created|refund.settled|payout.paid|dispute.opened|dispute.won|dispute.lost|subscription.renewed|subscription.cancelled
523,/523,A,merchant_backend,A0523,payment.authorized|payment.captured|payment.failed|refund.created|refund.settled|payout.paid|dispute.opened|dispute.won|dispute.lost|subscription.renewed|subscription.cancelled
524,/524,A,merchant_backend,A0524,payment.authorized|payment.captured|payment.failed|refund.created|refund.settled|payout.paid|dispute.opened|dispute.won|dispute.lost|subscription.renewed|subscription.cancelled
525,/525,A,merchant_backend,A0525,payment.authorized|payment.captured|payment.failed|refund.created|refund.settled|payout.paid|dispute.opened|dispute.won|dispute.lost|subscription.renewed|subscription.cancelled
526,/526,A,merchant_backend,A0526,payment.authorized|payment.captured|payment.failed|refund.created|refund.settled|payout.paid|dispute.opened|dispute.won|dispute.lost|subscription.renewed|subscription.cancelled
527,/527,A,merchant_backend,A0527,payment.authorized|payment.captured|payment.failed|refund.created|refund.settled|payout.paid|dispute.opened|dispute.won|dispute.lost|subscription.renewed|subscription.cancelled
528,/528,A,merchant_backend,A0528,payment.authorized|payment.captured|payment.failed|refund.created|refund.settled|payout.paid|dispute.opened|dispute.won|dispute.lost|subscription.renewed|subscription.cancelled
529,/529,A,merchant_backend,A0529,payment.authorized|payment.captured|payment.failed|refund.created|refund.settled|payout.paid|dispute.opened|dispute.won|dispute.lost|subscription.renewed|subscription.cancelled
530,/530,A,merchant_backend,A0530,payment.authorized|payment.captured|payment.failed|refund.created|refund.settled|payout.paid|dispute.opened|dispute.won|dispute.lost|subscription.renewed|subscription.cancelled
531,/531,A,merchant_backend,A0531,payment.authorized|payment.captured|payment.failed|refund.created|refund.settled|payout.paid|dispute.opened|dispute.won|dispute.lost|subscription.renewed|subscription.cancelled
532,/532,A,merchant_backend,A0532,payment.authorized|payment.captured|payment.failed|refund.created|refund.settled|payout.paid|dispute.opened|dispute.won|dispute.lost|subscription.renewed|subscription.cancelled
533,/533,A,merchant_backend,A0533,payment.authorized|payment.captured|payment.failed|refund.created|refund.settled|payout.paid|dispute.opened|dispute.won|dispute.lost|subscription.renewed|subscription.cancelled
534,/534,A,merchant_backend,A0534,payment.authorized|payment.captured|payment.failed|refund.created|refund.settled|payout.paid|dispute.opened|dispute.won|dispute.lost|subscription.renewed|subscription.cancelled
535,/535,A,merchant_backend,A0535,payment.authorized|payment.captured|payment.failed|refund.created|refund.settled|payout.paid|dispute.opened|dispute.won|dispute.lost|subscription.renewed|subscription.cancelled
536,/536,A,merchant_backend,A0536,payment.authorized|payment.captured|payment.failed|refund.created|refund.settled|payout.paid|dispute.opened|dispute.won|dispute.lost|subscription.renewed|subscription.cancelled
537,/537,A,merchant_backend,A0537,payment.authorized|payment.captured|payment.failed|refund.created|refund.settled|payout.paid|dispute.opened|dispute.won|dispute.lost|subscription.renewed|subscription.cancelled
538,/538,A,merchant_backend,A0538,payment.authorized|payment.captured|payment.failed|refund.created|refund.settled|payout.paid|dispute.opened|dispute.won|dispute.lost|subscription.renewed|subscription.cancelled
539,/539,A,merchant_backend,A0539,payment.authorized|payment.captured|payment.failed|refund.created|refund.settled|payout.paid|dispute.opened|dispute.won|dispute.lost|subscription.renewed|subscription.cancelled
540,/540,A,merchant_backend,A0540,payment.authorized|payment.captured|payment.failed|refund.created|refund.settled|payout.paid|dispute.opened|dispute.won|dispute.lost|subscription.renewed|subscription.cancelled
541,/541,A,merchant_backend,A0541,payment.authorized|payment.captured|payment.failed|refund.created|refund.settled|payout.paid|dispute.opened|dispute.won|dispute.lost|subscription.renewed|subscription.cancelled
542,/542,A,merchant_backend,A0542,payment.authorized|payment.captured|payment.failed|refund.created|refund.settled|payout.paid|dispute.opened|dispute.won|dispute.lost|subscription.renewed|subscription.cancelled
543,/543,A,merchant_backend,A0543,payment.authorized|payment.captured|payment.failed|refund.created|refund.settled|payout.paid|dispute.opened|dispute.won|dispute.lost|subscription.renewed|subscription.cancelled
544,/544,A,merchant_backend,A0544,payment.authorized|payment.captured|payment.failed|refund.created|refund.settled|payout.paid|dispute.opened|dispute.won|dispute.lost|subscription.renewed|subscription.cancelled
545,/545,A,merchant_backend,A0545,payment.authorized|payment.captured|payment.failed|refund.created|refund.settled|payout.paid|dispute.opened|dispute.won|dispute.lost|subscription.renewed|subscription.cancelled
546,/546,A,merchant_backend,A0546,payment.authorized|payment.captured|payment.failed|refund.created|refund.settled|payout.paid|dispute.opened|dispute.won|dispute.lost|subscription.renewed|subscription.cancelled
547,/547,A,merchant_backend,A0547,payment.authorized|payment.captured|payment.failed|refund.created|refund.settled|payout.paid|dispute.opened|dispute.won|dispute.lost|subscription.renewed|subscription.cancelled
548,/548,A,merchant_backend,A0548,payment.authorized|payment.captured|payment.failed|refund.created|refund.settled|payout.paid|dispute.opened|dispute.won|dispute.lost|subscription.renewed|subscription.cancelled
549,/549,A,merchant_backend,A0549,payment.authorized|payment.captured|payment.failed|refund.created|refund.settled|payout.paid|dispute.opened|dispute.won|dispute.lost|subscription.renewed|subscription.cancelled
550,/550,A,merchant_backend,A0550,payment.authorized|payment.captured|payment.failed|refund.created|refund.settled|payout.paid|dispute.opened|dispute.won|dispute.lost|subscription.renewed|subscription.cancelled
551,/551,A,merchant_backend,A0551,payment.authorized|payment.captured|payment.failed|refund.created|refund.settled|payout.paid|dispute.opened|dispute.won|dispute.lost|subscription.renewed|subscription.cancelled
552,/552,A,merchant_backend,A0552,payment.authorized|payment.captured|payment.failed|refund.created|refund.settled|payout.paid|dispute.opened|dispute.won|dispute.lost|subscription.renewed|subscription.cancelled
553,/553,A,merchant_backend,A0553,payment.authorized|payment.captured|payment.failed|refund.created|refund.settled|payout.paid|dispute.opened|dispute.won|dispute.lost|subscription.renewed|subscription.cancelled
554,/554,A,merchant_backend,A0554,payment.authorized|payment.captured|payment.failed|refund.created|refund.settled|payout.paid|dispute.opened|dispute.won|dispute.lost|subscription.renewed|subscription.cancelled
555,/555,A,merchant_backend,A0555,payment.authorized|payment.captured|payment.failed|refund.created|refund.settled|payout.paid|dispute.opened|dispute.won|dispute.lost|subscription.renewed|subscription.cancelled
556,/556,A,merchant_backend,A0556,payment.authorized|payment.captured|payment.failed|refund.created|refund.settled|payout.paid|dispute.opened|dispute.won|dispute.lost|subscription.renewed|subscription.cancelled
557,/557,A,merchant_backend,A0557,payment.authorized|payment.captured|payment.failed|refund.created|refund.settled|payout.paid|dispute.opened|dispute.won|dispute.lost|subscription.renewed|subscription.cancelled
558,/558,A,merchant_backend,A0558,payment.authorized|payment.captured|payment.failed|refund.created|refund.settled|payout.paid|dispute.opened|dispute.won|dispute.lost|subscription.renewed|subscription.cancelled
559,/559,A,merchant_backend,A0559,payment.authorized|payment.captured|payment.failed|refund.created|refund.settled|payout.paid|dispute.opened|dispute.won|dispute.lost|subscription.renewed|subscription.cancelled
560,/560,A,merchant_backend,A0560,payment.authorized|payment.captured|payment.failed|refund.created|refund.settled|payout.paid|dispute.opened|dispute.won|dispute.lost|subscription.renewed|subscription.cancelled
561,/561,A,merchant_backend,A0561,payment.authorized|payment.captured|payment.failed|refund.created|refund.settled|payout.paid|dispute.opened|dispute.won|dispute.lost|subscription.renewed|subscription.cancelled
562,/562,A,merchant_backend,A0562,payment.authorized|payment.captured|payment.failed|refund.created|refund.settled|payout.paid|dispute.opened|dispute.won|dispute.lost|subscription.renewed|subscription.cancelled
563,/563,A,merchant_backend,A0563,payment.authorized|payment.captured|payment.failed|refund.created|refund.settled|payout.paid|dispute.opened|dispute.won|dispute.lost|subscription.renewed|subscription.cancelled
564,/564,A,merchant_backend,A0564,payment.authorized|payment.captured|payment.failed|refund.created|refund.settled|payout.paid|dispute.opened|dispute.won|dispute.lost|subscription.renewed|subscription.cancelled
565,/565,A,merchant_backend,A0565,payment.authorized|payment.captured|payment.failed|refund.created|refund.settled|payout.paid|dispute.opened|dispute.won|dispute.lost|subscription.renewed|subscription.cancelled
566,/566,A,merchant_backend,A0566,payment.authorized|payment.captured|payment.failed|refund.created|refund.settled|payout.paid|dispute.opened|dispute.won|dispute.lost|subscription.renewed|subscription.cancelled
567,/567,A,merchant_backend,A0567,payment.authorized|payment.captured|payment.failed|refund.created|refund.settled|payout.paid|dispute.opened|dispute.won|dispute.lost|subscription.renewed|subscription.cancelled
568,/568,A,merchant_backend,A0568,payment.authorized|payment.captured|payment.failed|refund.created|refund.settled|payout.paid|dispute.opened|dispute.won|dispute.lost|subscription.renewed|subscription.cancelled
569,/569,A,merchant_backend,A0569,payment.authorized|payment.captured|payment.failed|refund.created|refund.settled|payout.paid|dispute.opened|dispute.won|dispute.lost|subscription.renewed|subscription.cancelled
570,/570,A,merchant_backend,A0570,payment.authorized|payment.captured|payment.failed|refund.created|refund.settled|payout.paid|dispute.opened|dispute.won|dispute.lost|subscription.renewed|subscription.cancelled
571,/571,A,merchant_backend,A0571,payment.authorized|payment.captured|payment.failed|refund.created|refund.settled|payout.paid|dispute.opened|dispute.won|dispute.lost|subscription.renewed|subscription.cancelled
572,/572,A,merchant_backend,A0572,payment.authorized|payment.captured|payment.failed|refund.created|refund.settled|payout.paid|dispute.opened|dispute.won|dispute.lost|subscription.renewed|subscription.cancelled
573,/573,A,merchant_backend,A0573,payment.authorized|payment.captured|payment.failed|refund.created|refund.settled|payout.paid|dispute.opened|dispute.won|dispute.lost|subscription.renewed|subscription.cancelled
574,/574,A,merchant_backend,A0574,payment.authorized|payment.captured|payment.failed|refund.created|refund.settled|payout.paid|dispute.opened|dispute.won|dispute.lost|subscription.renewed|subscription.cancelled
575,/575,A,merchant_backend,A0575,payment.authorized|payment.captured|payment.failed|refund.created|refund.settled|payout.paid|dispute.opened|dispute.won|dispute.lost|subscription.renewed|subscription.cancelled
576,/576,A,merchant_backend,A0576,payment.authorized|payment.captured|payment.failed|refund.created|refund.settled|payout.paid|dispute.opened|dispute.won|dispute.lost|subscription.renewed|subscription.cancelled
577,/577,A,merchant_backend,A0577,payment.authorized|payment.captured|payment.failed|refund.created|refund.settled|payout.paid|dispute.opened|dispute.won|dispute.lost|subscription.renewed|subscription.cancelled
578,/578,A,merchant_backend,A0578,payment.authorized|payment.captured|payment.failed|refund.created|refund.settled|payout.paid|dispute.opened|dispute.won|dispute.lost|subscription.renewed|subscription.cancelled
579,/579,A,merchant_backend,A0579,payment.authorized|payment.captured|payment.failed|refund.created|refund.settled|payout.paid|dispute.opened|dispute.won|dispute.lost|subscription.renewed|subscription.cancelled
580,/580,A,merchant_backend,A0580,payment.authorized|payment.captured|payment.failed|refund.created|refund.settled|payout.paid|dispute.opened|dispute.won|dispute.lost|subscription.renewed|subscription.cancelled
581,/581,A,merchant_backend,A0581,payment.authorized|payment.captured|payment.failed|refund.created|refund.settled|payout.paid|dispute.opened|dispute.won|dispute.lost|subscription.renewed|subscription.cancelled
582,/582,A,merchant_backend,A0582,payment.authorized|payment.captured|payment.failed|refund.created|refund.settled|payout.paid|dispute.opened|dispute.won|dispute.lost|subscription.renewed|subscription.cancelled
583,/583,A,merchant_backend,A0583,payment.authorized|payment.captured|payment.failed|refund.created|refund.settled|payout.paid|dispute.opened|dispute.won|dispute.lost|subscription.renewed|subscription.cancelled
584,/584,A,merchant_backend,A0584,payment.authorized|payment.captured|payment.failed|refund.created|refund.settled|payout.paid|dispute.opened|dispute.won|dispute.lost|subscription.renewed|subscription.cancelled
585,/585,A,merchant_backend,A0585,payment.authorized|payment.captured|payment.failed|refund.created|refund.settled|payout.paid|dispute.opened|dispute.won|dispute.lost|subscription.renewed|subscription.cancelled
586,/586,A,merchant_backend,A0586,payment.authorized|payment.captured|payment.failed|refund.created|refund.settled|payout.paid|dispute.opened|dispute.won|dispute.lost|subscription.renewed|subscription.cancelled
587,/587,A,merchant_backend,A0587,payment.authorized|payment.captured|payment.failed|refund.created|refund.settled|payout.paid|dispute.opened|dispute.won|dispute.lost|subscription.renewed|subscription.cancelled
588,/588,A,merchant_backend,A0588,payment.authorized|payment.captured|payment.failed|refund.created|refund.settled|payout.paid|dispute.opened|dispute.won|dispute.lost|subscription.renewed|subscription.cancelled
589,/589,A,merchant_backend,A0589,payment.authorized|payment.captured|payment.failed|refund.created|refund.settled|payout.paid|dispute.opened|dispute.won|dispute.lost|subscription.renewed|subscription.cancelled
590,/590,A,merchant_backend,A0590,payment.authorized|payment.captured|payment.failed|refund.created|refund.settled|payout.paid|dispute.opened|dispute.won|dispute.lost|subscription.renewed|subscription.cancelled
591,/591,A,merchant_backend,A0591,payment.authorized|payment.captured|payment.failed|refund.created|refund.settled|payout.paid|dispute.opened|dispute.won|dispute.lost|subscription.renewed|subscription.cancelled
592,/592,A,merchant_backend,A0592,payment.authorized|payment.captured|payment.failed|refund.created|refund.settled|payout.paid|dispute.opened|dispute.won|dispute.lost|subscription.renewed|subscription.cancelled
593,/593,A,merchant_backend,A0593,payment.authorized|payment.captured|payment.failed|refund.created|refund.settled|payout.paid|dispute.opened|dispute.won|dispute.lost|subscription.renewed|subscription.cancelled
594,/594,A,merchant_backend,A0594,payment.authorized|payment.captured|payment.failed|refund.created|refund.settled|payout.paid|dispute.opened|dispute.won|dispute.lost|subscription.renewed|subscription.cancelled
595,/595,A,merchant_backend,A0595,payment.authorized|payment.captured|payment.failed|refund.created|refund.settled|payout.paid|dispute.opened|dispute.won|dispute.lost|subscription.renewed|subscription.cancelled
596,/596,A,merchant_backend,A0596,payment.authorized|payment.captured|payment.failed|refund.created|refund.settled|payout.paid|dispute.opened|dispute.won|dispute.lost|subscription.renewed|subscription.cancelled
597,/597,A,merchant_backend,A0597,payment.authorized|payment.captured|payment.failed|refund.created|refund.settled|payout.paid|dispute.opened|dispute.won|dispute.lost|subscription.renewed|subscription.cancelled
598,/598,A,merchant_backend,A0598,payment.authorized|payment.captured|payment.failed|refund.created|refund.settled|payout.paid|dispute.opened|dispute.won|dispute.lost|subscription.renewed|subscription.cancelled
599,/599,A,merchant_backend,A0599,payment.authorized|payment.captured|payment.failed|refund.created|refund.settled|payout.paid|dispute.opened|dispute.won|dispute.lost|subscription.renewed|subscription.cancelled
600,/600,B,erp_connector,B0000,payment.authorized|payment.captured|payment.failed|refund.created|refund.settled|payout.paid|dispute.opened|dispute.won|dispute.lost|subscription.renewed|subscription.cancelled
601,/601,B,erp_connector,B0001,payment.authorized|payment.captured|payment.failed|refund.created|refund.settled|payout.paid|dispute.opened|dispute.won|dispute.lost|subscription.renewed|subscription.cancelled
602,/602,B,erp_connector,B0002,payment.authorized|payment.captured|payment.failed|refund.created|refund.settled|payout.paid|dispute.opened|dispute.won|dispute.lost|subscription.renewed|subscription.cancelled
603,/603,B,erp_connector,B0003,payment.authorized|payment.captured|payment.failed|refund.created|refund.settled|payout.paid|dispute.opened|dispute.won|dispute.lost|subscription.renewed|subscription.cancelled
604,/604,B,erp_connector,B0004,payment.authorized|payment.captured|payment.failed|refund.created|refund.settled|payout.paid|dispute.opened|dispute.won|dispute.lost|subscription.renewed|subscription.cancelled
605,/605,B,erp_connector,B0005,payment.authorized|payment.captured|payment.failed|refund.created|refund.settled|payout.paid|dispute.opened|dispute.won|dispute.lost|subscription.renewed|subscription.cancelled
606,/606,B,erp_connector,B0006,payment.authorized|payment.captured|payment.failed|refund.created|refund.settled|payout.paid|dispute.opened|dispute.won|dispute.lost|subscription.renewed|subscription.cancelled
607,/607,B,erp_connector,B0007,payment.authorized|payment.captured|payment.failed|refund.created|refund.settled|payout.paid|dispute.opened|dispute.won|dispute.lost|subscription.renewed|subscription.cancelled
608,/608,B,erp_connector,B0008,payment.authorized|payment.captured|payment.failed|refund.created|refund.settled|payout.paid|dispute.opened|dispute.won|dispute.lost|subscription.renewed|subscription.cancelled
609,/609,B,erp_connector,B0009,payment.authorized|payment.captured|payment.failed|refund.created|refund.settled|payout.paid|dispute.opened|dispute.won|dispute.lost|subscription.renewed|subscription.cancelled
610,/610,B,erp_connector,B0010,payment.authorized|payment.captured|payment.failed|refund.created|refund.settled|payout.paid|dispute.opened|dispute.won|dispute.lost|subscription.renewed|subscription.cancelled
611,/611,B,erp_connector,B0011,payment.authorized|payment.captured|payment.failed|refund.created|refund.settled|payout.paid|dispute.opened|dispute.won|dispute.lost|subscription.renewed|subscription.cancelled
612,/612,B,erp_connector,B0012,payment.authorized|payment.captured|payment.failed|refund.created|refund.settled|payout.paid|dispute.opened|dispute.won|dispute.lost|subscription.renewed|subscription.cancelled
613,/613,B,erp_connector,B0013,payment.authorized|payment.captured|payment.failed|refund.created|refund.settled|payout.paid|dispute.opened|dispute.won|dispute.lost|subscription.renewed|subscription.cancelled
614,/614,B,erp_connector,B0014,payment.authorized|payment.captured|payment.failed|refund.created|refund.settled|payout.paid|dispute.opened|dispute.won|dispute.lost|subscription.renewed|subscription.cancelled
615,/615,B,erp_connector,B0015,payment.authorized|payment.captured|payment.failed|refund.created|refund.settled|payout.paid|dispute.opened|dispute.won|dispute.lost|subscription.renewed|subscription.cancelled
616,/616,B,erp_connector,B0016,payment.authorized|payment.captured|payment.failed|refund.created|refund.settled|payout.paid|dispute.opened|dispute.won|dispute.lost|subscription.renewed|subscription.cancelled
617,/617,B,erp_connector,B0017,payment.authorized|payment.captured|payment.failed|refund.created|refund.settled|payout.paid|dispute.opened|dispute.won|dispute.lost|subscription.renewed|subscription.cancelled
618,/618,B,erp_connector,B0018,payment.authorized|payment.captured|payment.failed|refund.created|refund.settled|payout.paid|dispute.opened|dispute.won|dispute.lost|subscription.renewed|subscription.cancelled
619,/619,B,erp_connector,B0019,payment.authorized|payment.captured|payment.failed|refund.created|refund.settled|payout.paid|dispute.opened|dispute.won|dispute.lost|subscription.renewed|subscription.cancelled
620,/620,B,erp_connector,B0020,payment.authorized|payment.captured|payment.failed|refund.created|refund.settled|payout.paid|dispute.opened|dispute.won|dispute.lost|subscription.renewed|subscription.cancelled
621,/621,B,erp_connector,B0021,payment.authorized|payment.captured|payment.failed|refund.created|refund.settled|payout.paid|dispute.opened|dispute.won|dispute.lost|subscription.renewed|subscription.cancelled
622,/622,B,erp_connector,B0022,payment.authorized|payment.captured|payment.failed|refund.created|refund.settled|payout.paid|dispute.opened|dispute.won|dispute.lost|subscription.renewed|subscription.cancelled
623,/623,B,erp_connector,B0023,payment.authorized|payment.captured|payment.failed|refund.created|refund.settled|payout.paid|dispute.opened|dispute.won|dispute.lost|subscription.renewed|subscription.cancelled
624,/624,B,erp_connector,B0024,payment.authorized|payment.captured|payment.failed|refund.created|refund.settled|payout.paid|dispute.opened|dispute.won|dispute.lost|subscription.renewed|subscription.cancelled
625,/625,B,erp_connector,B0025,payment.authorized|payment.captured|payment.failed|refund.created|refund.settled|payout.paid|dispute.opened|dispute.won|dispute.lost|subscription.renewed|subscription.cancelled
626,/626,B,erp_connector,B0026,payment.authorized|payment.captured|payment.failed|refund.created|refund.settled|payout.paid|dispute.opened|dispute.won|dispute.lost|subscription.renewed|subscription.cancelled
627,/627,B,erp_connector,B0027,payment.authorized|payment.captured|payment.failed|refund.created|refund.settled|payout.paid|dispute.opened|dispute.won|dispute.lost|subscription.renewed|subscription.cancelled
628,/628,B,erp_connector,B0028,payment.authorized|payment.captured|payment.failed|refund.created|refund.settled|payout.paid|dispute.opened|dispute.won|dispute.lost|subscription.renewed|subscription.cancelled
629,/629,B,erp_connector,B0029,payment.authorized|payment.captured|payment.failed|refund.created|refund.settled|payout.paid|dispute.opened|dispute.won|dispute.lost|subscription.renewed|subscription.cancelled
630,/630,B,erp_connector,B0030,payment.authorized|payment.captured|payment.failed|refund.created|refund.settled|payout.paid|dispute.opened|dispute.won|dispute.lost|subscription.renewed|subscription.cancelled
631,/631,B,erp_connector,B0031,payment.authorized|payment.captured|payment.failed|refund.created|refund.settled|payout.paid|dispute.opened|dispute.won|dispute.lost|subscription.renewed|subscription.cancelled
632,/632,B,erp_connector,B0032,payment.authorized|payment.captured|payment.failed|refund.created|refund.settled|payout.paid|dispute.opened|dispute.won|dispute.lost|subscription.renewed|subscription.cancelled
633,/633,B,erp_connector,B0033,payment.authorized|payment.captured|payment.failed|refund.created|refund.settled|payout.paid|dispute.opened|dispute.won|dispute.lost|subscription.renewed|subscription.cancelled
634,/634,B,erp_connector,B0034,payment.authorized|payment.captured|payment.failed|refund.created|refund.settled|payout.paid|dispute.opened|dispute.won|dispute.lost|subscription.renewed|subscription.cancelled
635,/635,B,erp_connector,B0035,payment.authorized|payment.captured|payment.failed|refund.created|refund.settled|payout.paid|dispute.opened|dispute.won|dispute.lost|subscription.renewed|subscription.cancelled
636,/636,B,erp_connector,B0036,payment.authorized|payment.captured|payment.failed|refund.created|refund.settled|payout.paid|dispute.opened|dispute.won|dispute.lost|subscription.renewed|subscription.cancelled
637,/637,B,erp_connector,B0037,payment.authorized|payment.captured|payment.failed|refund.created|refund.settled|payout.paid|dispute.opened|dispute.won|dispute.lost|subscription.renewed|subscription.cancelled
638,/638,B,erp_connector,B0038,payment.authorized|payment.captured|payment.failed|refund.created|refund.settled|payout.paid|dispute.opened|dispute.won|dispute.lost|subscription.renewed|subscription.cancelled
639,/639,B,erp_connector,B0039,payment.authorized|payment.captured|payment.failed|refund.created|refund.settled|payout.paid|dispute.opened|dispute.won|dispute.lost|subscription.renewed|subscription.cancelled
640,/640,C,fraud_vendor,,payment.authorized|dispute.opened
641,/641,D,analytics_pipeline,,payment.authorized|payment.captured|payment.failed|refund.created|refund.settled|payout.paid|dispute.opened|dispute.won|dispute.lost|subscription.renewed|subscription.cancelled
642,/642,E,shared_hosting,E0000,payment.authorized|payment.captured|payment.failed|refund.created|refund.settled|payout.paid|dispute.opened|dispute.won|dispute.lost|subscription.renewed|subscription.cancelled
643,/643,E,shared_hosting,E0001,payment.authorized|payment.captured|payment.failed|refund.created|refund.settled|payout.paid|dispute.opened|dispute.won|dispute.lost|subscription.renewed|subscription.cancelled
644,/644,E,shared_hosting,E0002,payment.authorized|payment.captured|payment.failed|refund.created|refund.settled|payout.paid|dispute.opened|dispute.won|dispute.lost|subscription.renewed|subscription.cancelled
645,/645,E,shared_hosting,E0003,payment.authorized|payment.captured|payment.failed|refund.created|refund.settled|payout.paid|dispute.opened|dispute.won|dispute.lost|subscription.renewed|subscription.cancelled
646,/646,E,shared_hosting,E0004,payment.authorized|payment.captured|payment.failed|refund.created|refund.settled|payout.paid|dispute.opened|dispute.won|dispute.lost|subscription.renewed|subscription.cancelled
647,/647,E,shared_hosting,E0005,payment.authorized|payment.captured|payment.failed|refund.created|refund.settled|payout.paid|dispute.opened|dispute.won|dispute.lost|subscription.renewed|subscription.cancelled
648,/648,E,shared_hosting,E0006,payment.authorized|payment.captured|payment.failed|refund.created|refund.settled|payout.paid|dispute.opened|dispute.won|dispute.lost|subscription.renewed|subscription.cancelled
649,/649,E,shared_hosting,E0007,payment.authorized|payment.captured|payment.failed|refund.created|refund.settled|payout.paid|dispute.opened|dispute.won|dispute.lost|subscription.renewed|subscription.cancelled
650,/650,E,shared_hosting,E0008,payment.authorized|payment.captured|payment.failed|refund.created|refund.settled|payout.paid|dispute.opened|dispute.won|dispute.lost|subscription.renewed|subscription.cancelled
651,/651,E,shared_hosting,E0009,payment.authorized|payment.captured|payment.failed|refund.created|refund.settled|payout.paid|dispute.opened|dispute.won|dispute.lost|subscription.renewed|subscription.cancelled
652,/652,E,shared_hosting,E0010,payment.authorized|payment.captured|payment.failed|refund.created|refund.settled|payout.paid|dispute.opened|dispute.won|dispute.lost|subscription.renewed|subscription.cancelled
653,/653,E,shared_hosting,E0011,payment.authorized|payment.captured|payment.failed|refund.created|refund.settled|payout.paid|dispute.opened|dispute.won|dispute.lost|subscription.renewed|subscription.cancelled
654,/654,E,shared_hosting,E0012,payment.authorized|payment.captured|payment.failed|refund.created|refund.settled|payout.paid|dispute.opened|dispute.won|dispute.lost|subscription.renewed|subscription.cancelled
655,/655,E,shared_hosting,E0013,payment.authorized|payment.captured|payment.failed|refund.created|refund.settled|payout.paid|dispute.opened|dispute.won|dispute.lost|subscription.renewed|subscription.cancelled
656,/656,E,shared_hosting,E0014,payment.authorized|payment.captured|payment.failed|refund.created|refund.settled|payout.paid|dispute.opened|dispute.won|dispute.lost|subscription.renewed|subscription.cancelled
657,/657,E,shared_hosting,E0015,payment.authorized|payment.captured|payment.failed|refund.created|refund.settled|payout.paid|dispute.opened|dispute.won|dispute.lost|subscription.renewed|subscription.cancelled
658,/658,E,shared_hosting,E0016,payment.authorized|payment.captured|payment.failed|refund.created|refund.settled|payout.paid|dispute.opened|dispute.won|dispute.lost|subscription.renewed|subscription.cancelled
659,/659,E,shared_hosting,E0017,payment.authorized|payment.captured|payment.failed|refund.created|refund.settled|payout.paid|dispute.opened|dispute.won|dispute.lost|subscription.renewed|subscription.cancelled
660,/660,E,shared_hosting,E0018,payment.authorized|payment.captured|payment.failed|refund.created|refund.settled|payout.paid|dispute.opened|dispute.won|dispute.lost|subscription.renewed|subscription.cancelled
661,/661,E,shared_hosting,E0019,payment.authorized|payment.captured|payment.failed|refund.created|refund.settled|payout.paid|dispute.opened|dispute.won|dispute.lost|subscription.renewed|subscription.cancelled
662,/662,E,shared_hosting,E0020,payment.authorized|payment.captured|payment.failed|refund.created|refund.settled|payout.paid|dispute.opened|dispute.won|dispute.lost|subscription.renewed|subscription.cancelled
663,/663,E,shared_hosting,E0021,payment.authorized|payment.captured|payment.failed|refund.created|refund.settled|payout.paid|dispute.opened|dispute.won|dispute.lost|subscription.renewed|subscription.cancelled
664,/664,E,shared_hosting,E0022,payment.authorized|payment.captured|payment.failed|refund.created|refund.settled|payout.paid|dispute.opened|dispute.won|dispute.lost|subscription.renewed|subscription.cancelled
665,/665,E,shared_hosting,E0023,payment.authorized|payment.captured|payment.failed|refund.created|refund.settled|payout.paid|dispute.opened|dispute.won|dispute.lost|subscription.renewed|subscription.cancelled
666,/666,E,shared_hosting,E0024,payment.authorized|payment.captured|payment.failed|refund.created|refund.settled|payout.paid|dispute.opened|dispute.won|dispute.lost|subscription.renewed|subscription.cancelled
667,/667,E,shared_hosting,E0025,payment.authorized|payment.captured|payment.failed|refund.created|refund.settled|payout.paid|dispute.opened|dispute.won|dispute.lost|subscription.renewed|subscription.cancelled
668,/668,E,shared_hosting,E0026,payment.authorized|payment.captured|payment.failed|refund.created|refund.settled|payout.paid|dispute.opened|dispute.won|dispute.lost|subscription.renewed|subscription.cancelled
669,/669,E,shared_hosting,E0027,payment.authorized|payment.captured|payment.failed|refund.created|refund.settled|payout.paid|dispute.opened|dispute.won|dispute.lost|subscription.renewed|subscription.cancelled
670,/670,E,shared_hosting,E0028,payment.authorized|payment.captured|payment.failed|refund.created|refund.settled|payout.paid|dispute.opened|dispute.won|dispute.lost|subscription.renewed|subscription.cancelled
671,/671,E,shared_hosting,E0029,payment.authorized|payment.captured|payment.failed|refund.created|refund.settled|payout.paid|dispute.opened|dispute.won|dispute.lost|subscription.renewed|subscription.cancelled
672,/672,E,shared_hosting,E0030,payment.authorized|payment.captured|payment.failed|refund.created|refund.settled|payout.paid|dispute.opened|dispute.won|dispute.lost|subscription.renewed|subscription.cancelled
673,/673,E,shared_hosting,E0031,payment.authorized|payment.captured|payment.failed|refund.created|refund.settled|payout.paid|dispute.opened|dispute.won|dispute.lost|subscription.renewed|subscription.cancelled
674,/674,E,shared_hosting,E0032,payment.authorized|payment.captured|payment.failed|refund.created|refund.settled|payout.paid|dispute.opened|dispute.won|dispute.lost|subscription.renewed|subscription.cancelled
675,/675,E,shared_hosting,E0033,payment.authorized|payment.captured|payment.failed|refund.created|refund.settled|payout.paid|dispute.opened|dispute.won|dispute.lost|subscription.renewed|subscription.cancelled
676,/676,E,shared_hosting,E0034,payment.authorized|payment.captured|payment.failed|refund.created|refund.settled|payout.paid|dispute.opened|dispute.won|dispute.lost|subscription.renewed|subscription.cancelled
677,/677,E,shared_hosting,E0035,payment.authorized|payment.captured|payment.failed|refund.created|refund.settled|payout.paid|dispute.opened|dispute.won|dispute.lost|subscription.renewed|subscription.cancelled
678,/678,E,shared_hosting,E0036,payment.authorized|payment.captured|payment.failed|refund.created|refund.settled|payout.paid|dispute.opened|dispute.won|dispute.lost|subscription.renewed|subscription.cancelled
679,/679,E,shared_hosting,E0037,payment.authorized|payment.captured|payment.failed|refund.created|refund.settled|payout.paid|dispute.opened|dispute.won|dispute.lost|subscription.renewed|subscription.cancelled
680,/680,E,shared_hosting,E0038,payment.authorized|payment.captured|payment.failed|refund.created|refund.settled|payout.paid|dispute.opened|dispute.won|dispute.lost|subscription.renewed|subscription.cancelled
681,/681,E,shared_hosting,E0039,payment.authorized|payment.captured|payment.failed|refund.created|refund.settled|payout.paid|dispute.opened|dispute.won|dispute.lost|subscription.renewed|subscription.cancelled
682,/682,E,shared_hosting,E0040,payment.authorized|payment.captured|payment.failed|refund.created|refund.settled|payout.paid|dispute.opened|dispute.won|dispute.lost|subscription.renewed|subscription.cancelled
683,/683,E,shared_hosting,E0041,payment.authorized|payment.captured|payment.failed|refund.created|refund.settled|payout.paid|dispute.opened|dispute.won|dispute.lost|subscription.renewed|subscription.cancelled
684,/684,E,shared_hosting,E0042,payment.authorized|payment.captured|payment.failed|refund.created|refund.settled|payout.paid|dispute.opened|dispute.won|dispute.lost|subscription.renewed|subscription.cancelled
685,/685,E,shared_hosting,E0043,payment.authorized|payment.captured|payment.failed|refund.created|refund.settled|payout.paid|dispute.opened|dispute.won|dispute.lost|subscription.renewed|subscription.cancelled
686,/686,E,shared_hosting,E0044,payment.authorized|payment.captured|payment.failed|refund.created|refund.settled|payout.paid|dispute.opened|dispute.won|dispute.lost|subscription.renewed|subscription.cancelled
687,/687,E,shared_hosting,E0045,payment.authorized|payment.captured|payment.failed|refund.created|refund.settled|payout.paid|dispute.opened|dispute.won|dispute.lost|subscription.renewed|subscription.cancelled
688,/688,E,shared_hosting,E0046,payment.authorized|payment.captured|payment.failed|refund.created|refund.settled|payout.paid|dispute.opened|dispute.won|dispute.lost|subscription.renewed|subscription.cancelled
689,/689,E,shared_hosting,E0047,payment.authorized|payment.captured|payment.failed|refund.created|refund.settled|payout.paid|dispute.opened|dispute.won|dispute.lost|subscription.renewed|subscription.cancelled
690,/690,E,shared_hosting,E0048,payment.authorized|payment.captured|payment.failed|refund.created|refund.settled|payout.paid|dispute.opened|dispute.won|dispute.lost|subscription.renewed|subscription.cancelled
691,/691,E,shared_hosting,E0049,payment.authorized|payment.captured|payment.failed|refund.created|refund.settled|payout.paid|dispute.opened|dispute.won|dispute.lost|subscription.renewed|subscription.cancelled
692,/692,E,shared_hosting,E0050,payment.authorized|payment.captured|payment.failed|refund.created|refund.settled|payout.paid|dispute.opened|dispute.won|dispute.lost|subscription.renewed|subscription.cancelled
693,/693,E,shared_hosting,E0051,payment.authorized|payment.captured|payment.failed|refund.created|refund.settled|payout.paid|dispute.opened|dispute.won|dispute.lost|subscription.renewed|subscription.cancelled
694,/694,E,shared_hosting,E0052,payment.authorized|payment.captured|payment.failed|refund.created|refund.settled|payout.paid|dispute.opened|dispute.won|dispute.lost|subscription.renewed|subscription.cancelled
695,/695,E,shared_hosting,E0053,payment.authorized|payment.captured|payment.failed|refund.created|refund.settled|payout.paid|dispute.opened|dispute.won|dispute.lost|subscription.renewed|subscription.cancelled
696,/696,E,shared_hosting,E0054,payment.authorized|payment.captured|payment.failed|refund.created|refund.settled|payout.paid|dispute.opened|dispute.won|dispute.lost|subscription.renewed|subscription.cancelled
697,/697,E,shared_hosting,E0055,payment.authorized|payment.captured|payment.failed|refund.created|refund.settled|payout.paid|dispute.opened|dispute.won|dispute.lost|subscription.renewed|subscription.cancelled
698,/698,E,shared_hosting,E0056,payment.authorized|payment.captured|payment.failed|refund.created|refund.settled|payout.paid|dispute.opened|dispute.won|dispute.lost|subscription.renewed|subscription.cancelled
699,/699,E,shared_hosting,E0057,payment.authorized|payment.captured|payment.failed|refund.created|refund.settled|payout.paid|dispute.opened|dispute.won|dispute.lost|subscription.renewed|subscription.cancelled
700,/700,E,shared_hosting,E0058,payment.authorized|payment.captured|payment.failed|refund.created|refund.settled|payout.paid|dispute.opened|dispute.won|dispute.lost|subscription.renewed|subscription.cancelled
701,/701,E,shared_hosting,E0059,payment.authorized|payment.captured|payment.failed|refund.created|refund.settled|payout.paid|dispute.opened|dispute.won|dispute.lost|subscription.renewed|subscription.cancelled
702,/702,E,shared_hosting,E0060,payment.authorized|payment.captured|payment.failed|refund.created|refund.settled|payout.paid|dispute.opened|dispute.won|dispute.lost|subscription.renewed|subscription.cancelled
703,/703,E,shared_hosting,E0061,payment.authorized|payment.captured|payment.failed|refund.created|refund.settled|payout.paid|dispute.opened|dispute.won|dispute.lost|subscription.renewed|subscription.cancelled
704,/704,E,shared_hosting,E0062,payment.authorized|payment.captured|payment.failed|refund.created|refund.settled|payout.paid|dispute.opened|dispute.won|dispute.lost|subscription.renewed|subscription.cancelled
705,/705,E,shared_hosting,E0063,payment.authorized|payment.captured|payment.failed|refund.created|refund.settled|payout.paid|dispute.opened|dispute.won|dispute.lost|subscription.renewed|subscription.cancelled
706,/706,E,shared_hosting,E0064,payment.authorized|payment.captured|payment.failed|refund.created|refund.settled|payout.paid|dispute.opened|dispute.won|dispute.lost|subscription.renewed|subscription.cancelled
707,/707,E,shared_hosting,E0065,payment.authorized|payment.captured|payment.failed|refund.created|refund.settled|payout.paid|dispute.opened|dispute.won|dispute.lost|subscription.renewed|subscription.cancelled
708,/708,E,shared_hosting,E0066,payment.authorized|payment.captured|payment.failed|refund.created|refund.settled|payout.paid|dispute.opened|dispute.won|dispute.lost|subscription.renewed|subscription.cancelled
709,/709,E,shared_hosting,E0067,payment.authorized|payment.captured|payment.failed|refund.created|refund.settled|payout.paid|dispute.opened|dispute.won|dispute.lost|subscription.renewed|subscription.cancelled
710,/710,E,shared_hosting,E0068,payment.authorized|payment.captured|payment.failed|refund.created|refund.settled|payout.paid|dispute.opened|dispute.won|dispute.lost|subscription.renewed|subscription.cancelled
711,/711,E,shared_hosting,E0069,payment.authorized|payment.captured|payment.failed|refund.created|refund.settled|payout.paid|dispute.opened|dispute.won|dispute.lost|subscription.renewed|subscription.cancelled
712,/712,E,shared_hosting,E0070,payment.authorized|payment.captured|payment.failed|refund.created|refund.settled|payout.paid|dispute.opened|dispute.won|dispute.lost|subscription.renewed|subscription.cancelled
713,/713,E,shared_hosting,E0071,payment.authorized|payment.captured|payment.failed|refund.created|refund.settled|payout.paid|dispute.opened|dispute.won|dispute.lost|subscription.renewed|subscription.cancelled
714,/714,E,shared_hosting,E0072,payment.authorized|payment.captured|payment.failed|refund.created|refund.settled|payout.paid|dispute.opened|dispute.won|dispute.lost|subscription.renewed|subscription.cancelled
715,/715,E,shared_hosting,E0073,payment.authorized|payment.captured|payment.failed|refund.created|refund.settled|payout.paid|dispute.opened|dispute.won|dispute.lost|subscription.renewed|subscription.cancelled
716,/716,E,shared_hosting,E0074,payment.authorized|payment.captured|payment.failed|refund.created|refund.settled|payout.paid|dispute.opened|dispute.won|dispute.lost|subscription.renewed|subscription.cancelled
717,/717,E,shared_hosting,E0075,payment.authorized|payment.captured|payment.failed|refund.created|refund.settled|payout.paid|dispute.opened|dispute.won|dispute.lost|subscription.renewed|subscription.cancelled
718,/718,E,shared_hosting,E0076,payment.authorized|payment.captured|payment.failed|refund.created|refund.settled|payout.paid|dispute.opened|dispute.won|dispute.lost|subscription.renewed|subscription.cancelled
719,/719,E,shared_hosting,E0077,payment.authorized|payment.captured|payment.failed|refund.created|refund.settled|payout.paid|dispute.opened|dispute.won|dispute.lost|subscription.renewed|subscription.cancelled
720,/720,E,shared_hosting,E0078,payment.authorized|payment.captured|payment.failed|refund.created|refund.settled|payout.paid|dispute.opened|dispute.won|dispute.lost|subscription.renewed|subscription.cancelled
721,/721,E,shared_hosting,E0079,payment.authorized|payment.captured|payment.failed|refund.created|refund.settled|payout.paid|dispute.opened|dispute.won|dispute.lost|subscription.renewed|subscription.cancelled
722,/722,E,shared_hosting,E0080,payment.authorized|payment.captured|payment.failed|refund.created|refund.settled|payout.paid|dispute.opened|dispute.won|dispute.lost|subscription.renewed|subscription.cancelled
723,/723,E,shared_hosting,E0081,payment.authorized|payment.captured|payment.failed|refund.created|refund.settled|payout.paid|dispute.opened|dispute.won|dispute.lost|subscription.renewed|subscription.cancelled
724,/724,E,shared_hosting,E0082,payment.authorized|payment.captured|payment.failed|refund.created|refund.settled|payout.paid|dispute.opened|dispute.won|dispute.lost|subscription.renewed|subscription.cancelled
725,/725,E,shared_hosting,E0083,payment.authorized|payment.captured|payment.failed|refund.created|refund.settled|payout.paid|dispute.opened|dispute.won|dispute.lost|subscription.renewed|subscription.cancelled
726,/726,E,shared_hosting,E0084,payment.authorized|payment.captured|payment.failed|refund.created|refund.settled|payout.paid|dispute.opened|dispute.won|dispute.lost|subscription.renewed|subscription.cancelled
727,/727,E,shared_hosting,E0085,payment.authorized|payment.captured|payment.failed|refund.created|refund.settled|payout.paid|dispute.opened|dispute.won|dispute.lost|subscription.renewed|subscription.cancelled
728,/728,E,shared_hosting,E0086,payment.authorized|payment.captured|payment.failed|refund.created|refund.settled|payout.paid|dispute.opened|dispute.won|dispute.lost|subscription.renewed|subscription.cancelled
729,/729,E,shared_hosting,E0087,payment.authorized|payment.captured|payment.failed|refund.created|refund.settled|payout.paid|dispute.opened|dispute.won|dispute.lost|subscription.renewed|subscription.cancelled
730,/730,E,shared_hosting,E0088,payment.authorized|payment.captured|payment.failed|refund.created|refund.settled|payout.paid|dispute.opened|dispute.won|dispute.lost|subscription.renewed|subscription.cancelled
731,/731,E,shared_hosting,E0089,payment.authorized|payment.captured|payment.failed|refund.created|refund.settled|payout.paid|dispute.opened|dispute.won|dispute.lost|subscription.renewed|subscription.cancelled
732,/732,E,shared_hosting,E0090,payment.authorized|payment.captured|payment.failed|refund.created|refund.settled|payout.paid|dispute.opened|dispute.won|dispute.lost|subscription.renewed|subscription.cancelled
733,/733,E,shared_hosting,E0091,payment.authorized|payment.captured|payment.failed|refund.created|refund.settled|payout.paid|dispute.opened|dispute.won|dispute.lost|subscription.renewed|subscription.cancelled
734,/734,E,shared_hosting,E0092,payment.authorized|payment.captured|payment.failed|refund.created|refund.settled|payout.paid|dispute.opened|dispute.won|dispute.lost|subscription.renewed|subscription.cancelled
735,/735,E,shared_hosting,E0093,payment.authorized|payment.captured|payment.failed|refund.created|refund.settled|payout.paid|dispute.opened|dispute.won|dispute.lost|subscription.renewed|subscription.cancelled
736,/736,E,shared_hosting,E0094,payment.authorized|payment.captured|payment.failed|refund.created|refund.settled|payout.paid|dispute.opened|dispute.won|dispute.lost|subscription.renewed|subscription.cancelled
737,/737,E,shared_hosting,E0095,payment.authorized|payment.captured|payment.failed|refund.created|refund.settled|payout.paid|dispute.opened|dispute.won|dispute.lost|subscription.renewed|subscription.cancelled
738,/738,E,shared_hosting,E0096,payment.authorized|payment.captured|payment.failed|refund.created|refund.settled|payout.paid|dispute.opened|dispute.won|dispute.lost|subscription.renewed|subscription.cancelled
739,/739,E,shared_hosting,E0097,payment.authorized|payment.captured|payment.failed|refund.created|refund.settled|payout.paid|dispute.opened|dispute.won|dispute.lost|subscription.renewed|subscription.cancelled
740,/740,E,shared_hosting,E0098,payment.authorized|payment.captured|payment.failed|refund.created|refund.settled|payout.paid|dispute.opened|dispute.won|dispute.lost|subscription.renewed|subscription.cancelled
741,/741,E,shared_hosting,E0099,payment.authorized|payment.captured|payment.failed|refund.created|refund.settled|payout.paid|dispute.opened|dispute.won|dispute.lost|subscription.renewed|subscription.cancelled
742,/742,E,shared_hosting,E0100,payment.authorized|payment.captured|payment.failed|refund.created|refund.settled|payout.paid|dispute.opened|dispute.won|dispute.lost|subscription.renewed|subscription.cancelled
743,/743,E,shared_hosting,E0101,payment.authorized|payment.captured|payment.failed|refund.created|refund.settled|payout.paid|dispute.opened|dispute.won|dispute.lost|subscription.renewed|subscription.cancelled
744,/744,E,shared_hosting,E0102,payment.authorized|payment.captured|payment.failed|refund.created|refund.settled|payout.paid|dispute.opened|dispute.won|dispute.lost|subscription.renewed|subscription.cancelled
745,/745,E,shared_hosting,E0103,payment.authorized|payment.captured|payment.failed|refund.created|refund.settled|payout.paid|dispute.opened|dispute.won|dispute.lost|subscription.renewed|subscription.cancelled
746,/746,E,shared_hosting,E0104,payment.authorized|payment.captured|payment.failed|refund.created|refund.settled|payout.paid|dispute.opened|dispute.won|dispute.lost|subscription.renewed|subscription.cancelled
747,/747,E,shared_hosting,E0105,payment.authorized|payment.captured|payment.failed|refund.created|refund.settled|payout.paid|dispute.opened|dispute.won|dispute.lost|subscription.renewed|subscription.cancelled
748,/748,E,shared_hosting,E0106,payment.authorized|payment.captured|payment.failed|refund.created|refund.settled|payout.paid|dispute.opened|dispute.won|dispute.lost|subscription.renewed|subscription.cancelled
749,/749,E,shared_hosting,E0107,payment.authorized|payment.captured|payment.failed|refund.created|refund.settled|payout.paid|dispute.opened|dispute.won|dispute.lost|subscription.renewed|subscription.cancelled
750,/750,E,shared_hosting,E0108,payment.authorized|payment.captured|payment.failed|refund.created|refund.settled|payout.paid|dispute.opened|dispute.won|dispute.lost|subscription.renewed|subscription.cancelled
751,/751,E,shared_hosting,E0109,payment.authorized|payment.captured|payment.failed|refund.created|refund.settled|payout.paid|dispute.opened|dispute.won|dispute.lost|subscription.renewed|subscription.cancelled
752,/752,E,shared_hosting,E0110,payment.authorized|payment.captured|payment.failed|refund.created|refund.settled|payout.paid|dispute.opened|dispute.won|dispute.lost|subscription.renewed|subscription.cancelled
753,/753,E,shared_hosting,E0111,payment.authorized|payment.captured|payment.failed|refund.created|refund.settled|payout.paid|dispute.opened|dispute.won|dispute.lost|subscription.renewed|subscription.cancelled
754,/754,E,shared_hosting,E0112,payment.authorized|payment.captured|payment.failed|refund.created|refund.settled|payout.paid|dispute.opened|dispute.won|dispute.lost|subscription.renewed|subscription.cancelled
755,/755,E,shared_hosting,E0113,payment.authorized|payment.captured|payment.failed|refund.created|refund.settled|payout.paid|dispute.opened|dispute.won|dispute.lost|subscription.renewed|subscription.cancelled
756,/756,E,shared_hosting,E0114,payment.authorized|payment.captured|payment.failed|refund.created|refund.settled|payout.paid|dispute.opened|dispute.won|dispute.lost|subscription.renewed|subscription.cancelled
757,/757,E,shared_hosting,E0115,payment.authorized|payment.captured|payment.failed|refund.created|refund.settled|payout.paid|dispute.opened|dispute.won|dispute.lost|subscription.renewed|subscription.cancelled
758,/758,E,shared_hosting,E0116,payment.authorized|payment.captured|payment.failed|refund.created|refund.settled|payout.paid|dispute.opened|dispute.won|dispute.lost|subscription.renewed|subscription.cancelled
759,/759,E,shared_hosting,E0117,payment.authorized|payment.captured|payment.failed|refund.created|refund.settled|payout.paid|dispute.opened|dispute.won|dispute.lost|subscription.renewed|subscription.cancelled
760,/760,E,shared_hosting,E0118,payment.authorized|payment.captured|payment.failed|refund.created|refund.settled|payout.paid|dispute.opened|dispute.won|dispute.lost|subscription.renewed|subscription.cancelled
761,/761,E,shared_hosting,E0119,payment.authorized|payment.captured|payment.failed|refund.created|refund.settled|payout.paid|dispute.opened|dispute.won|dispute.lost|subscription.renewed|subscription.cancelled
762,/762,E,shared_hosting,E0120,payment.authorized|payment.captured|payment.failed|refund.created|refund.settled|payout.paid|dispute.opened|dispute.won|dispute.lost|subscription.renewed|subscription.cancelled
763,/763,E,shared_hosting,E0121,payment.authorized|payment.captured|payment.failed|refund.created|refund.settled|payout.paid|dispute.opened|dispute.won|dispute.lost|subscription.renewed|subscription.cancelled
764,/764,E,shared_hosting,E0122,payment.authorized|payment.captured|payment.failed|refund.created|refund.settled|payout.paid|dispute.opened|dispute.won|dispute.lost|subscription.renewed|subscription.cancelled
765,/765,E,shared_hosting,E0123,payment.authorized|payment.captured|payment.failed|refund.created|refund.settled|payout.paid|dispute.opened|dispute.won|dispute.lost|subscription.renewed|subscription.cancelled
766,/766,E,shared_hosting,E0124,payment.authorized|payment.captured|payment.failed|refund.created|refund.settled|payout.paid|dispute.opened|dispute.won|dispute.lost|subscription.renewed|subscription.cancelled
767,/767,E,shared_hosting,E0125,payment.authorized|payment.captured|payment.failed|refund.created|refund.settled|payout.paid|dispute.opened|dispute.won|dispute.lost|subscription.renewed|subscription.cancelled
768,/768,E,shared_hosting,E0126,payment.authorized|payment.captured|payment.failed|refund.created|refund.settled|payout.paid|dispute.opened|dispute.won|dispute.lost|subscription.renewed|subscription.cancelled
769,/769,E,shared_hosting,E0127,payment.authorized|payment.captured|payment.failed|refund.created|refund.settled|payout.paid|dispute.opened|dispute.won|dispute.lost|subscription.renewed|subscription.cancelled
770,/770,E,shared_hosting,E0128,payment.authorized|payment.captured|payment.failed|refund.created|refund.settled|payout.paid|dispute.opened|dispute.won|dispute.lost|subscription.renewed|subscription.cancelled
771,/771,E,shared_hosting,E0129,payment.authorized|payment.captured|payment.failed|refund.created|refund.settled|payout.paid|dispute.opened|dispute.won|dispute.lost|subscription.renewed|subscription.cancelled
772,/772,E,shared_hosting,E0130,payment.authorized|payment.captured|payment.failed|refund.created|refund.settled|payout.paid|dispute.opened|dispute.won|dispute.lost|subscription.renewed|subscription.cancelled
773,/773,E,shared_hosting,E0131,payment.authorized|payment.captured|payment.failed|refund.created|refund.settled|payout.paid|dispute.opened|dispute.won|dispute.lost|subscription.renewed|subscription.cancelled
774,/774,E,shared_hosting,E0132,payment.authorized|payment.captured|payment.failed|refund.created|refund.settled|payout.paid|dispute.opened|dispute.won|dispute.lost|subscription.renewed|subscription.cancelled
775,/775,E,shared_hosting,E0133,payment.authorized|payment.captured|payment.failed|refund.created|refund.settled|payout.paid|dispute.opened|dispute.won|dispute.lost|subscription.renewed|subscription.cancelled
776,/776,E,shared_hosting,E0134,payment.authorized|payment.captured|payment.failed|refund.created|refund.settled|payout.paid|dispute.opened|dispute.won|dispute.lost|subscription.renewed|subscription.cancelled
777,/777,E,shared_hosting,E0135,payment.authorized|payment.captured|payment.failed|refund.created|refund.settled|payout.paid|dispute.opened|dispute.won|dispute.lost|subscription.renewed|subscription.cancelled
778,/778,E,shared_hosting,E0136,payment.authorized|payment.captured|payment.failed|refund.created|refund.settled|payout.paid|dispute.opened|dispute.won|dispute.lost|subscription.renewed|subscription.cancelled
779,/779,E,shared_hosting,E0137,payment.authorized|payment.captured|payment.failed|refund.created|refund.settled|payout.paid|dispute.opened|dispute.won|dispute.lost|subscription.renewed|subscription.cancelled
780,/780,E,shared_hosting,E0138,payment.authorized|payment.captured|payment.failed|refund.created|refund.settled|payout.paid|dispute.opened|dispute.won|dispute.lost|subscription.renewed|subscription.cancelled
781,/781,E,shared_hosting,E0139,payment.authorized|payment.captured|payment.failed|refund.created|refund.settled|payout.paid|dispute.opened|dispute.won|dispute.lost|subscription.renewed|subscription.cancelled
782,/782,E,shared_hosting,E0140,payment.authorized|payment.captured|payment.failed|refund.created|refund.settled|payout.paid|dispute.opened|dispute.won|dispute.lost|subscription.renewed|subscription.cancelled
783,/783,E,shared_hosting,E0141,payment.authorized|payment.captured|payment.failed|refund.created|refund.settled|payout.paid|dispute.opened|dispute.won|dispute.lost|subscription.renewed|subscription.cancelled
784,/784,E,shared_hosting,E0142,payment.authorized|payment.captured|payment.failed|refund.created|refund.settled|payout.paid|dispute.opened|dispute.won|dispute.lost|subscription.renewed|subscription.cancelled
785,/785,E,shared_hosting,E0143,payment.authorized|payment.captured|payment.failed|refund.created|refund.settled|payout.paid|dispute.opened|dispute.won|dispute.lost|subscription.renewed|subscription.cancelled
786,/786,E,shared_hosting,E0144,payment.authorized|payment.captured|payment.failed|refund.created|refund.settled|payout.paid|dispute.opened|dispute.won|dispute.lost|subscription.renewed|subscription.cancelled
787,/787,E,shared_hosting,E0145,payment.authorized|payment.captured|payment.failed|refund.created|refund.settled|payout.paid|dispute.opened|dispute.won|dispute.lost|subscription.renewed|subscription.cancelled
788,/788,E,shared_hosting,E0146,payment.authorized|payment.captured|payment.failed|refund.created|refund.settled|payout.paid|dispute.opened|dispute.won|dispute.lost|subscription.renewed|subscription.cancelled
789,/789,E,shared_hosting,E0147,payment.authorized|payment.captured|payment.failed|refund.created|refund.settled|payout.paid|dispute.opened|dispute.won|dispute.lost|subscription.renewed|subscription.cancelled
790,/790,E,shared_hosting,E0148,payment.authorized|payment.captured|payment.failed|refund.created|refund.settled|payout.paid|dispute.opened|dispute.won|dispute.lost|subscription.renewed|subscription.cancelled
791,/791,E,shared_hosting,E0149,payment.authorized|payment.captured|payment.failed|refund.created|refund.settled|payout.paid|dispute.opened|dispute.won|dispute.lost|subscription.renewed|subscription.cancelled
792,/792,E,shared_hosting,E0150,payment.authorized|payment.captured|payment.failed|refund.created|refund.settled|payout.paid|dispute.opened|dispute.won|dispute.lost|subscription.renewed|subscription.cancelled
793,/793,E,shared_hosting,E0151,payment.authorized|payment.captured|payment.failed|refund.created|refund.settled|payout.paid|dispute.opened|dispute.won|dispute.lost|subscription.renewed|subscription.cancelled
794,/794,E,shared_hosting,E0152,payment.authorized|payment.captured|payment.failed|refund.created|refund.settled|payout.paid|dispute.opened|dispute.won|dispute.lost|subscription.renewed|subscription.cancelled
795,/795,E,shared_hosting,E0153,payment.authorized|payment.captured|payment.failed|refund.created|refund.settled|payout.paid|dispute.opened|dispute.won|dispute.lost|subscription.renewed|subscription.cancelled
796,/796,E,shared_hosting,E0154,payment.authorized|payment.captured|payment.failed|refund.created|refund.settled|payout.paid|dispute.opened|dispute.won|dispute.lost|subscription.renewed|subscription.cancelled
797,/797,E,shared_hosting,E0155,payment.authorized|payment.captured|payment.failed|refund.created|refund.settled|payout.paid|dispute.opened|dispute.won|dispute.lost|subscription.renewed|subscription.cancelled
798,/798,E,shared_hosting,E0156,payment.authorized|payment.captured|payment.failed|refund.created|refund.settled|payout.paid|dispute.opened|dispute.won|dispute.lost|subscription.renewed|subscription.cancelled
799,/799,E,shared_hosting,E0157,payment.authorized|payment.captured|payment.failed|refund.created|refund.settled|payout.paid|dispute.opened|dispute.won|dispute.lost|subscription.renewed|subscription.cancelled
800,/800,E,shared_hosting,E0158,payment.authorized|payment.captured|payment.failed|refund.created|refund.settled|payout.paid|dispute.opened|dispute.won|dispute.lost|subscription.renewed|subscription.cancelled
801,/801,E,shared_hosting,E0159,payment.authorized|payment.captured|payment.failed|refund.created|refund.settled|payout.paid|dispute.opened|dispute.won|dispute.lost|subscription.renewed|subscription.cancelled
802,/802,E,shared_hosting,E0160,payment.authorized|payment.captured|payment.failed|refund.created|refund.settled|payout.paid|dispute.opened|dispute.won|dispute.lost|subscription.renewed|subscription.cancelled
803,/803,E,shared_hosting,E0161,payment.authorized|payment.captured|payment.failed|refund.created|refund.settled|payout.paid|dispute.opened|dispute.won|dispute.lost|subscription.renewed|subscription.cancelled
804,/804,E,shared_hosting,E0162,payment.authorized|payment.captured|payment.failed|refund.created|refund.settled|payout.paid|dispute.opened|dispute.won|dispute.lost|subscription.renewed|subscription.cancelled
805,/805,E,shared_hosting,E0163,payment.authorized|payment.captured|payment.failed|refund.created|refund.settled|payout.paid|dispute.opened|dispute.won|dispute.lost|subscription.renewed|subscription.cancelled
806,/806,E,shared_hosting,E0164,payment.authorized|payment.captured|payment.failed|refund.created|refund.settled|payout.paid|dispute.opened|dispute.won|dispute.lost|subscription.renewed|subscription.cancelled
807,/807,E,shared_hosting,E0165,payment.authorized|payment.captured|payment.failed|refund.created|refund.settled|payout.paid|dispute.opened|dispute.won|dispute.lost|subscription.renewed|subscription.cancelled
808,/808,E,shared_hosting,E0166,payment.authorized|payment.captured|payment.failed|refund.created|refund.settled|payout.paid|dispute.opened|dispute.won|dispute.lost|subscription.renewed|subscription.cancelled
809,/809,E,shared_hosting,E0167,payment.authorized|payment.captured|payment.failed|refund.created|refund.settled|payout.paid|dispute.opened|dispute.won|dispute.lost|subscription.renewed|subscription.cancelled
810,/810,E,shared_hosting,E0168,payment.authorized|payment.captured|payment.failed|refund.created|refund.settled|payout.paid|dispute.opened|dispute.won|dispute.lost|subscription.renewed|subscription.cancelled
811,/811,E,shared_hosting,E0169,payment.authorized|payment.captured|payment.failed|refund.created|refund.settled|payout.paid|dispute.opened|dispute.won|dispute.lost|subscription.renewed|subscription.cancelled
812,/812,E,shared_hosting,E0170,payment.authorized|payment.captured|payment.failed|refund.created|refund.settled|payout.paid|dispute.opened|dispute.won|dispute.lost|subscription.renewed|subscription.cancelled
813,/813,E,shared_hosting,E0171,payment.authorized|payment.captured|payment.failed|refund.created|refund.settled|payout.paid|dispute.opened|dispute.won|dispute.lost|subscription.renewed|subscription.cancelled
814,/814,E,shared_hosting,E0172,payment.authorized|payment.captured|payment.failed|refund.created|refund.settled|payout.paid|dispute.opened|dispute.won|dispute.lost|subscription.renewed|subscription.cancelled
815,/815,E,shared_hosting,E0173,payment.authorized|payment.captured|payment.failed|refund.created|refund.settled|payout.paid|dispute.opened|dispute.won|dispute.lost|subscription.renewed|subscription.cancelled
816,/816,E,shared_hosting,E0174,payment.authorized|payment.captured|payment.failed|refund.created|refund.settled|payout.paid|dispute.opened|dispute.won|dispute.lost|subscription.renewed|subscription.cancelled
817,/817,E,shared_hosting,E0175,payment.authorized|payment.captured|payment.failed|refund.created|refund.settled|payout.paid|dispute.opened|dispute.won|dispute.lost|subscription.renewed|subscription.cancelled
818,/818,E,shared_hosting,E0176,payment.authorized|payment.captured|payment.failed|refund.created|refund.settled|payout.paid|dispute.opened|dispute.won|dispute.lost|subscription.renewed|subscription.cancelled
819,/819,E,shared_hosting,E0177,payment.authorized|payment.captured|payment.failed|refund.created|refund.settled|payout.paid|dispute.opened|dispute.won|dispute.lost|subscription.renewed|subscription.cancelled
820,/820,E,shared_hosting,E0178,payment.authorized|payment.captured|payment.failed|refund.created|refund.settled|payout.paid|dispute.opened|dispute.won|dispute.lost|subscription.renewed|subscription.cancelled
821,/821,E,shared_hosting,E0179,payment.authorized|payment.captured|payment.failed|refund.created|refund.settled|payout.paid|dispute.opened|dispute.won|dispute.lost|subscription.renewed|subscription.cancelled
822,/822,E,shared_hosting,E0180,payment.authorized|payment.captured|payment.failed|refund.created|refund.settled|payout.paid|dispute.opened|dispute.won|dispute.lost|subscription.renewed|subscription.cancelled
823,/823,E,shared_hosting,E0181,payment.authorized|payment.captured|payment.failed|refund.created|refund.settled|payout.paid|dispute.opened|dispute.won|dispute.lost|subscription.renewed|subscription.cancelled
824,/824,E,shared_hosting,E0182,payment.authorized|payment.captured|payment.failed|refund.created|refund.settled|payout.paid|dispute.opened|dispute.won|dispute.lost|subscription.renewed|subscription.cancelled
825,/825,E,shared_hosting,E0183,payment.authorized|payment.captured|payment.failed|refund.created|refund.settled|payout.paid|dispute.opened|dispute.won|dispute.lost|subscription.renewed|subscription.cancelled
826,/826,E,shared_hosting,E0184,payment.authorized|payment.captured|payment.failed|refund.created|refund.settled|payout.paid|dispute.opened|dispute.won|dispute.lost|subscription.renewed|subscription.cancelled
827,/827,E,shared_hosting,E0185,payment.authorized|payment.captured|payment.failed|refund.created|refund.settled|payout.paid|dispute.opened|dispute.won|dispute.lost|subscription.renewed|subscription.cancelled
828,/828,E,shared_hosting,E0186,payment.authorized|payment.captured|payment.failed|refund.created|refund.settled|payout.paid|dispute.opened|dispute.won|dispute.lost|subscription.renewed|subscription.cancelled
829,/829,E,shared_hosting,E0187,payment.authorized|payment.captured|payment.failed|refund.created|refund.settled|payout.paid|dispute.opened|dispute.won|dispute.lost|subscription.renewed|subscription.cancelled
830,/830,E,shared_hosting,E0188,payment.authorized|payment.captured|payment.failed|refund.created|refund.settled|payout.paid|dispute.opened|dispute.won|dispute.lost|subscription.renewed|subscription.cancelled
831,/831,E,shared_hosting,E0189,payment.authorized|payment.captured|payment.failed|refund.created|refund.settled|payout.paid|dispute.opened|dispute.won|dispute.lost|subscription.renewed|subscription.cancelled
832,/832,E,shared_hosting,E0190,payment.authorized|payment.captured|payment.failed|refund.created|refund.settled|payout.paid|dispute.opened|dispute.won|dispute.lost|subscription.renewed|subscription.cancelled
833,/833,E,shared_hosting,E0191,payment.authorized|payment.captured|payment.failed|refund.created|refund.settled|payout.paid|dispute.opened|dispute.won|dispute.lost|subscription.renewed|subscription.cancelled
834,/834,E,shared_hosting,E0192,payment.authorized|payment.captured|payment.failed|refund.created|refund.settled|payout.paid|dispute.opened|dispute.won|dispute.lost|subscription.renewed|subscription.cancelled
835,/835,E,shared_hosting,E0193,payment.authorized|payment.captured|payment.failed|refund.created|refund.settled|payout.paid|dispute.opened|dispute.won|dispute.lost|subscription.renewed|subscription.cancelled
836,/836,E,shared_hosting,E0194,payment.authorized|payment.captured|payment.failed|refund.created|refund.settled|payout.paid|dispute.opened|dispute.won|dispute.lost|subscription.renewed|subscription.cancelled
837,/837,E,shared_hosting,E0195,payment.authorized|payment.captured|payment.failed|refund.created|refund.settled|payout.paid|dispute.opened|dispute.won|dispute.lost|subscription.renewed|subscription.cancelled
838,/838,E,shared_hosting,E0196,payment.authorized|payment.captured|payment.failed|refund.created|refund.settled|payout.paid|dispute.opened|dispute.won|dispute.lost|subscription.renewed|subscription.cancelled
839,/839,E,shared_hosting,E0197,payment.authorized|payment.captured|payment.failed|refund.created|refund.settled|payout.paid|dispute.opened|dispute.won|dispute.lost|subscription.renewed|subscription.cancelled
840,/840,E,shared_hosting,E0198,payment.authorized|payment.captured|payment.failed|refund.created|refund.settled|payout.paid|dispute.opened|dispute.won|dispute.lost|subscription.renewed|subscription.cancelled
841,/841,E,shared_hosting,E0199,payment.authorized|payment.captured|payment.failed|refund.created|refund.settled|payout.paid|dispute.opened|dispute.won|dispute.lost|subscription.renewed|subscription.cancelled
842,/842,E,shared_hosting,E0200,payment.authorized|payment.captured|payment.failed|refund.created|refund.settled|payout.paid|dispute.opened|dispute.won|dispute.lost|subscription.renewed|subscription.cancelled
843,/843,E,shared_hosting,E0201,payment.authorized|payment.captured|payment.failed|refund.created|refund.settled|payout.paid|dispute.opened|dispute.won|dispute.lost|subscription.renewed|subscription.cancelled
844,/844,E,shared_hosting,E0202,payment.authorized|payment.captured|payment.failed|refund.created|refund.settled|payout.paid|dispute.opened|dispute.won|dispute.lost|subscription.renewed|subscription.cancelled
845,/845,E,shared_hosting,E0203,payment.authorized|payment.captured|payment.failed|refund.created|refund.settled|payout.paid|dispute.opened|dispute.won|dispute.lost|subscription.renewed|subscription.cancelled
846,/846,E,shared_hosting,E0204,payment.authorized|payment.captured|payment.failed|refund.created|refund.settled|payout.paid|dispute.opened|dispute.won|dispute.lost|subscription.renewed|subscription.cancelled
847,/847,E,shared_hosting,E0205,payment.authorized|payment.captured|payment.failed|refund.created|refund.settled|payout.paid|dispute.opened|dispute.won|dispute.lost|subscription.renewed|subscription.cancelled
848,/848,E,shared_hosting,E0206,payment.authorized|payment.captured|payment.failed|refund.created|refund.settled|payout.paid|dispute.opened|dispute.won|dispute.lost|subscription.renewed|subscription.cancelled
849,/849,E,shared_hosting,E0207,payment.authorized|payment.captured|payment.failed|refund.created|refund.settled|payout.paid|dispute.opened|dispute.won|dispute.lost|subscription.renewed|subscription.cancelled
850,/850,E,shared_hosting,E0208,payment.authorized|payment.captured|payment.failed|refund.created|refund.settled|payout.paid|dispute.opened|dispute.won|dispute.lost|subscription.renewed|subscription.cancelled
851,/851,E,shared_hosting,E0209,payment.authorized|payment.captured|payment.failed|refund.created|refund.settled|payout.paid|dispute.opened|dispute.won|dispute.lost|subscription.renewed|subscription.cancelled
852,/852,E,shared_hosting,E0210,payment.authorized|payment.captured|payment.failed|refund.created|refund.settled|payout.paid|dispute.opened|dispute.won|dispute.lost|subscription.renewed|subscription.cancelled
853,/853,E,shared_hosting,E0211,payment.authorized|payment.captured|payment.failed|refund.created|refund.settled|payout.paid|dispute.opened|dispute.won|dispute.lost|subscription.renewed|subscription.cancelled
854,/854,E,shared_hosting,E0212,payment.authorized|payment.captured|payment.failed|refund.created|refund.settled|payout.paid|dispute.opened|dispute.won|dispute.lost|subscription.renewed|subscription.cancelled
855,/855,E,shared_hosting,E0213,payment.authorized|payment.captured|payment.failed|refund.created|refund.settled|payout.paid|dispute.opened|dispute.won|dispute.lost|subscription.renewed|subscription.cancelled
856,/856,E,shared_hosting,E0214,payment.authorized|payment.captured|payment.failed|refund.created|refund.settled|payout.paid|dispute.opened|dispute.won|dispute.lost|subscription.renewed|subscription.cancelled
857,/857,E,shared_hosting,E0215,payment.authorized|payment.captured|payment.failed|refund.created|refund.settled|payout.paid|dispute.opened|dispute.won|dispute.lost|subscription.renewed|subscription.cancelled
858,/858,E,shared_hosting,E0216,payment.authorized|payment.captured|payment.failed|refund.created|refund.settled|payout.paid|dispute.opened|dispute.won|dispute.lost|subscription.renewed|subscription.cancelled
859,/859,E,shared_hosting,E0217,payment.authorized|payment.captured|payment.failed|refund.created|refund.settled|payout.paid|dispute.opened|dispute.won|dispute.lost|subscription.renewed|subscription.cancelled
860,/860,E,shared_hosting,E0218,payment.authorized|payment.captured|payment.failed|refund.created|refund.settled|payout.paid|dispute.opened|dispute.won|dispute.lost|subscription.renewed|subscription.cancelled
861,/861,E,shared_hosting,E0219,payment.authorized|payment.captured|payment.failed|refund.created|refund.settled|payout.paid|dispute.opened|dispute.won|dispute.lost|subscription.renewed|subscription.cancelled
862,/862,E,shared_hosting,E0220,payment.authorized|payment.captured|payment.failed|refund.created|refund.settled|payout.paid|dispute.opened|dispute.won|dispute.lost|subscription.renewed|subscription.cancelled
863,/863,E,shared_hosting,E0221,payment.authorized|payment.captured|payment.failed|refund.created|refund.settled|payout.paid|dispute.opened|dispute.won|dispute.lost|subscription.renewed|subscription.cancelled
864,/864,E,shared_hosting,E0222,payment.authorized|payment.captured|payment.failed|refund.created|refund.settled|payout.paid|dispute.opened|dispute.won|dispute.lost|subscription.renewed|subscription.cancelled
865,/865,E,shared_hosting,E0223,payment.authorized|payment.captured|payment.failed|refund.created|refund.settled|payout.paid|dispute.opened|dispute.won|dispute.lost|subscription.renewed|subscription.cancelled
866,/866,E,shared_hosting,E0224,payment.authorized|payment.captured|payment.failed|refund.created|refund.settled|payout.paid|dispute.opened|dispute.won|dispute.lost|subscription.renewed|subscription.cancelled
867,/867,E,shared_hosting,E0225,payment.authorized|payment.captured|payment.failed|refund.created|refund.settled|payout.paid|dispute.opened|dispute.won|dispute.lost|subscription.renewed|subscription.cancelled
868,/868,E,shared_hosting,E0226,payment.authorized|payment.captured|payment.failed|refund.created|refund.settled|payout.paid|dispute.opened|dispute.won|dispute.lost|subscription.renewed|subscription.cancelled
869,/869,E,shared_hosting,E0227,payment.authorized|payment.captured|payment.failed|refund.created|refund.settled|payout.paid|dispute.opened|dispute.won|dispute.lost|subscription.renewed|subscription.cancelled
870,/870,E,shared_hosting,E0228,payment.authorized|payment.captured|payment.failed|refund.created|refund.settled|payout.paid|dispute.opened|dispute.won|dispute.lost|subscription.renewed|subscription.cancelled
871,/871,E,shared_hosting,E0229,payment.authorized|payment.captured|payment.failed|refund.created|refund.settled|payout.paid|dispute.opened|dispute.won|dispute.lost|subscription.renewed|subscription.cancelled
872,/872,E,shared_hosting,E0230,payment.authorized|payment.captured|payment.failed|refund.created|refund.settled|payout.paid|dispute.opened|dispute.won|dispute.lost|subscription.renewed|subscription.cancelled
873,/873,E,shared_hosting,E0231,payment.authorized|payment.captured|payment.failed|refund.created|refund.settled|payout.paid|dispute.opened|dispute.won|dispute.lost|subscription.renewed|subscription.cancelled
874,/874,E,shared_hosting,E0232,payment.authorized|payment.captured|payment.failed|refund.created|refund.settled|payout.paid|dispute.opened|dispute.won|dispute.lost|subscription.renewed|subscription.cancelled
875,/875,E,shared_hosting,E0233,payment.authorized|payment.captured|payment.failed|refund.created|refund.settled|payout.paid|dispute.opened|dispute.won|dispute.lost|subscription.renewed|subscription.cancelled
876,/876,E,shared_hosting,E0234,payment.authorized|payment.captured|payment.failed|refund.created|refund.settled|payout.paid|dispute.opened|dispute.won|dispute.lost|subscription.renewed|subscription.cancelled
877,/877,E,shared_hosting,E0235,payment.authorized|payment.captured|payment.failed|refund.created|refund.settled|payout.paid|dispute.opened|dispute.won|dispute.lost|subscription.renewed|subscription.cancelled
878,/878,E,shared_hosting,E0236,payment.authorized|payment.captured|payment.failed|refund.created|refund.settled|payout.paid|dispute.opened|dispute.won|dispute.lost|subscription.renewed|subscription.cancelled
879,/879,E,shared_hosting,E0237,payment.authorized|payment.captured|payment.failed|refund.created|refund.settled|payout.paid|dispute.opened|dispute.won|dispute.lost|subscription.renewed|subscription.cancelled
880,/880,E,shared_hosting,E0238,payment.authorized|payment.captured|payment.failed|refund.created|refund.settled|payout.paid|dispute.opened|dispute.won|dispute.lost|subscription.renewed|subscription.cancelled
881,/881,E,shared_hosting,E0239,payment.authorized|payment.captured|payment.failed|refund.created|refund.settled|payout.paid|dispute.opened|dispute.won|dispute.lost|subscription.renewed|subscription.cancelled
882,/882,E,shared_hosting,E0240,payment.authorized|payment.captured|payment.failed|refund.created|refund.settled|payout.paid|dispute.opened|dispute.won|dispute.lost|subscription.renewed|subscription.cancelled
883,/883,E,shared_hosting,E0241,payment.authorized|payment.captured|payment.failed|refund.created|refund.settled|payout.paid|dispute.opened|dispute.won|dispute.lost|subscription.renewed|subscription.cancelled
884,/884,E,shared_hosting,E0242,payment.authorized|payment.captured|payment.failed|refund.created|refund.settled|payout.paid|dispute.opened|dispute.won|dispute.lost|subscription.renewed|subscription.cancelled
885,/885,E,shared_hosting,E0243,payment.authorized|payment.captured|payment.failed|refund.created|refund.settled|payout.paid|dispute.opened|dispute.won|dispute.lost|subscription.renewed|subscription.cancelled
886,/886,E,shared_hosting,E0244,payment.authorized|payment.captured|payment.failed|refund.created|refund.settled|payout.paid|dispute.opened|dispute.won|dispute.lost|subscription.renewed|subscription.cancelled
887,/887,E,shared_hosting,E0245,payment.authorized|payment.captured|payment.failed|refund.created|refund.settled|payout.paid|dispute.opened|dispute.won|dispute.lost|subscription.renewed|subscription.cancelled
888,/888,E,shared_hosting,E0246,payment.authorized|payment.captured|payment.failed|refund.created|refund.settled|payout.paid|dispute.opened|dispute.won|dispute.lost|subscription.renewed|subscription.cancelled
889,/889,E,shared_hosting,E0247,payment.authorized|payment.captured|payment.failed|refund.created|refund.settled|payout.paid|dispute.opened|dispute.won|dispute.lost|subscription.renewed|subscription.cancelled
890,/890,E,shared_hosting,E0248,payment.authorized|payment.captured|payment.failed|refund.created|refund.settled|payout.paid|dispute.opened|dispute.won|dispute.lost|subscription.renewed|subscription.cancelled
891,/891,E,shared_hosting,E0249,payment.authorized|payment.captured|payment.failed|refund.created|refund.settled|payout.paid|dispute.opened|dispute.won|dispute.lost|subscription.renewed|subscription.cancelled
892,/892,E,shared_hosting,E0250,payment.authorized|payment.captured|payment.failed|refund.created|refund.settled|payout.paid|dispute.opened|dispute.won|dispute.lost|subscription.renewed|subscription.cancelled
893,/893,E,shared_hosting,E0251,payment.authorized|payment.captured|payment.failed|refund.created|refund.settled|payout.paid|dispute.opened|dispute.won|dispute.lost|subscription.renewed|subscription.cancelled
894,/894,E,shared_hosting,E0252,payment.authorized|payment.captured|payment.failed|refund.created|refund.settled|payout.paid|dispute.opened|dispute.won|dispute.lost|subscription.renewed|subscription.cancelled
895,/895,E,shared_hosting,E0253,payment.authorized|payment.captured|payment.failed|refund.created|refund.settled|payout.paid|dispute.opened|dispute.won|dispute.lost|subscription.renewed|subscription.cancelled
896,/896,E,shared_hosting,E0254,payment.authorized|payment.captured|payment.failed|refund.created|refund.settled|payout.paid|dispute.opened|dispute.won|dispute.lost|subscription.renewed|subscription.cancelled
897,/897,E,shared_hosting,E0255,payment.authorized|payment.captured|payment.failed|refund.created|refund.settled|payout.paid|dispute.opened|dispute.won|dispute.lost|subscription.renewed|subscription.cancelled
898,/898,E,shared_hosting,E0256,payment.authorized|payment.captured|payment.failed|refund.created|refund.settled|payout.paid|dispute.opened|dispute.won|dispute.lost|subscription.renewed|subscription.cancelled
899,/899,E,shared_hosting,E0257,payment.authorized|payment.captured|payment.failed|refund.created|refund.settled|payout.paid|dispute.opened|dispute.won|dispute.lost|subscription.renewed|subscription.cancelled
900,/900,E,shared_hosting,E0258,payment.authorized|payment.captured|payment.failed|refund.created|refund.settled|payout.paid|dispute.opened|dispute.won|dispute.lost|subscription.renewed|subscription.cancelled
901,/901,E,shared_hosting,E0259,payment.authorized|payment.captured|payment.failed|refund.created|refund.settled|payout.paid|dispute.opened|dispute.won|dispute.lost|subscription.renewed|subscription.cancelled
902,/902,E,shared_hosting,E0260,payment.authorized|payment.captured|payment.failed|refund.created|refund.settled|payout.paid|dispute.opened|dispute.won|dispute.lost|subscription.renewed|subscription.cancelled
903,/903,E,shared_hosting,E0261,payment.authorized|payment.captured|payment.failed|refund.created|refund.settled|payout.paid|dispute.opened|dispute.won|dispute.lost|subscription.renewed|subscription.cancelled
904,/904,E,shared_hosting,E0262,payment.authorized|payment.captured|payment.failed|refund.created|refund.settled|payout.paid|dispute.opened|dispute.won|dispute.lost|subscription.renewed|subscription.cancelled
905,/905,E,shared_hosting,E0263,payment.authorized|payment.captured|payment.failed|refund.created|refund.settled|payout.paid|dispute.opened|dispute.won|dispute.lost|subscription.renewed|subscription.cancelled
906,/906,E,shared_hosting,E0264,payment.authorized|payment.captured|payment.failed|refund.created|refund.settled|payout.paid|dispute.opened|dispute.won|dispute.lost|subscription.renewed|subscription.cancelled
907,/907,E,shared_hosting,E0265,payment.authorized|payment.captured|payment.failed|refund.created|refund.settled|payout.paid|dispute.opened|dispute.won|dispute.lost|subscription.renewed|subscription.cancelled
908,/908,E,shared_hosting,E0266,payment.authorized|payment.captured|payment.failed|refund.created|refund.settled|payout.paid|dispute.opened|dispute.won|dispute.lost|subscription.renewed|subscription.cancelled
909,/909,E,shared_hosting,E0267,payment.authorized|payment.captured|payment.failed|refund.created|refund.settled|payout.paid|dispute.opened|dispute.won|dispute.lost|subscription.renewed|subscription.cancelled
910,/910,E,shared_hosting,E0268,payment.authorized|payment.captured|payment.failed|refund.created|refund.settled|payout.paid|dispute.opened|dispute.won|dispute.lost|subscription.renewed|subscription.cancelled
911,/911,E,shared_hosting,E0269,payment.authorized|payment.captured|payment.failed|refund.created|refund.settled|payout.paid|dispute.opened|dispute.won|dispute.lost|subscription.renewed|subscription.cancelled
912,/912,E,shared_hosting,E0270,payment.authorized|payment.captured|payment.failed|refund.created|refund.settled|payout.paid|dispute.opened|dispute.won|dispute.lost|subscription.renewed|subscription.cancelled
913,/913,E,shared_hosting,E0271,payment.authorized|payment.captured|payment.failed|refund.created|refund.settled|payout.paid|dispute.opened|dispute.won|dispute.lost|subscription.renewed|subscription.cancelled
914,/914,E,shared_hosting,E0272,payment.authorized|payment.captured|payment.failed|refund.created|refund.settled|payout.paid|dispute.opened|dispute.won|dispute.lost|subscription.renewed|subscription.cancelled
915,/915,E,shared_hosting,E0273,payment.authorized|payment.captured|payment.failed|refund.created|refund.settled|payout.paid|dispute.opened|dispute.won|dispute.lost|subscription.renewed|subscription.cancelled
916,/916,E,shared_hosting,E0274,payment.authorized|payment.captured|payment.failed|refund.created|refund.settled|payout.paid|dispute.opened|dispute.won|dispute.lost|subscription.renewed|subscription.cancelled
917,/917,E,shared_hosting,E0275,payment.authorized|payment.captured|payment.failed|refund.created|refund.settled|payout.paid|dispute.opened|dispute.won|dispute.lost|subscription.renewed|subscription.cancelled
918,/918,E,shared_hosting,E0276,payment.authorized|payment.captured|payment.failed|refund.created|refund.settled|payout.paid|dispute.opened|dispute.won|dispute.lost|subscription.renewed|subscription.cancelled
919,/919,E,shared_hosting,E0277,payment.authorized|payment.captured|payment.failed|refund.created|refund.settled|payout.paid|dispute.opened|dispute.won|dispute.lost|subscription.renewed|subscription.cancelled
920,/920,E,shared_hosting,E0278,payment.authorized|payment.captured|payment.failed|refund.created|refund.settled|payout.paid|dispute.opened|dispute.won|dispute.lost|subscription.renewed|subscription.cancelled
921,/921,E,shared_hosting,E0279,payment.authorized|payment.captured|payment.failed|refund.created|refund.settled|payout.paid|dispute.opened|dispute.won|dispute.lost|subscription.renewed|subscription.cancelled
922,/922,E,shared_hosting,E0280,payment.authorized|payment.captured|payment.failed|refund.created|refund.settled|payout.paid|dispute.opened|dispute.won|dispute.lost|subscription.renewed|subscription.cancelled
923,/923,E,shared_hosting,E0281,payment.authorized|payment.captured|payment.failed|refund.created|refund.settled|payout.paid|dispute.opened|dispute.won|dispute.lost|subscription.renewed|subscription.cancelled
924,/924,E,shared_hosting,E0282,payment.authorized|payment.captured|payment.failed|refund.created|refund.settled|payout.paid|dispute.opened|dispute.won|dispute.lost|subscription.renewed|subscription.cancelled
925,/925,E,shared_hosting,E0283,payment.authorized|payment.captured|payment.failed|refund.created|refund.settled|payout.paid|dispute.opened|dispute.won|dispute.lost|subscription.renewed|subscription.cancelled
926,/926,E,shared_hosting,E0284,payment.authorized|payment.captured|payment.failed|refund.created|refund.settled|payout.paid|dispute.opened|dispute.won|dispute.lost|subscription.renewed|subscription.cancelled
927,/927,E,shared_hosting,E0285,payment.authorized|payment.captured|payment.failed|refund.created|refund.settled|payout.paid|dispute.opened|dispute.won|dispute.lost|subscription.renewed|subscription.cancelled
928,/928,E,shared_hosting,E0286,payment.authorized|payment.captured|payment.failed|refund.created|refund.settled|payout.paid|dispute.opened|dispute.won|dispute.lost|subscription.renewed|subscription.cancelled
929,/929,E,shared_hosting,E0287,payment.authorized|payment.captured|payment.failed|refund.created|refund.settled|payout.paid|dispute.opened|dispute.won|dispute.lost|subscription.renewed|subscription.cancelled
930,/930,E,shared_hosting,E0288,payment.authorized|payment.captured|payment.failed|refund.created|refund.settled|payout.paid|dispute.opened|dispute.won|dispute.lost|subscription.renewed|subscription.cancelled
931,/931,E,shared_hosting,E0289,payment.authorized|payment.captured|payment.failed|refund.created|refund.settled|payout.paid|dispute.opened|dispute.won|dispute.lost|subscription.renewed|subscription.cancelled
932,/932,E,shared_hosting,E0290,payment.authorized|payment.captured|payment.failed|refund.created|refund.settled|payout.paid|dispute.opened|dispute.won|dispute.lost|subscription.renewed|subscription.cancelled
933,/933,E,shared_hosting,E0291,payment.authorized|payment.captured|payment.failed|refund.created|refund.settled|payout.paid|dispute.opened|dispute.won|dispute.lost|subscription.renewed|subscription.cancelled
934,/934,E,shared_hosting,E0292,payment.authorized|payment.captured|payment.failed|refund.created|refund.settled|payout.paid|dispute.opened|dispute.won|dispute.lost|subscription.renewed|subscription.cancelled
935,/935,E,shared_hosting,E0293,payment.authorized|payment.captured|payment.failed|refund.created|refund.settled|payout.paid|dispute.opened|dispute.won|dispute.lost|subscription.renewed|subscription.cancelled
936,/936,E,shared_hosting,E0294,payment.authorized|payment.captured|payment.failed|refund.created|refund.settled|payout.paid|dispute.opened|dispute.won|dispute.lost|subscription.renewed|subscription.cancelled
937,/937,E,shared_hosting,E0295,payment.authorized|payment.captured|payment.failed|refund.created|refund.settled|payout.paid|dispute.opened|dispute.won|dispute.lost|subscription.renewed|subscription.cancelled
938,/938,E,shared_hosting,E0296,payment.authorized|payment.captured|payment.failed|refund.created|refund.settled|payout.paid|dispute.opened|dispute.won|dispute.lost|subscription.renewed|subscription.cancelled
939,/939,E,shared_hosting,E0297,payment.authorized|payment.captured|payment.failed|refund.created|refund.settled|payout.paid|dispute.opened|dispute.won|dispute.lost|subscription.renewed|subscription.cancelled
940,/940,E,shared_hosting,E0298,payment.authorized|payment.captured|payment.failed|refund.created|refund.settled|payout.paid|dispute.opened|dispute.won|dispute.lost|subscription.renewed|subscription.cancelled
941,/941,E,shared_hosting,E0299,payment.authorized|payment.captured|payment.failed|refund.created|refund.settled|payout.paid|dispute.opened|dispute.won|dispute.lost|subscription.renewed|subscription.cancelled
942,/942,F,ops_notifier,B0000,payment.failed|dispute.opened
943,/943,F,ops_notifier,B0001,payment.failed|dispute.opened
944,/944,F,ops_notifier,B0002,payment.failed|dispute.opened
945,/945,F,ops_notifier,B0003,payment.failed|dispute.opened
946,/946,F,ops_notifier,B0004,payment.failed|dispute.opened
947,/947,F,ops_notifier,B0005,payment.failed|dispute.opened
948,/948,F,ops_notifier,B0006,payment.failed|dispute.opened
949,/949,F,ops_notifier,B0007,payment.failed|dispute.opened
950,/950,F,ops_notifier,B0008,payment.failed|dispute.opened
951,/951,F,ops_notifier,B0009,payment.failed|dispute.opened
952,/952,F,ops_notifier,B0010,payment.failed|dispute.opened
953,/953,F,ops_notifier,B0011,payment.failed|dispute.opened
954,/954,F,ops_notifier,B0012,payment.failed|dispute.opened
955,/955,F,ops_notifier,B0013,payment.failed|dispute.opened
956,/956,F,ops_notifier,B0014,payment.failed|dispute.opened
957,/957,F,ops_notifier,B0015,payment.failed|dispute.opened
958,/958,F,ops_notifier,B0016,payment.failed|dispute.opened
959,/959,F,ops_notifier,B0017,payment.failed|dispute.opened
960,/960,F,ops_notifier,B0018,payment.failed|dispute.opened
961,/961,F,ops_notifier,B0019,payment.failed|dispute.opened
962,/962,F,ops_notifier,B0020,payment.failed|dispute.opened
963,/963,F,ops_notifier,B0021,payment.failed|dispute.opened
964,/964,F,ops_notifier,B0022,payment.failed|dispute.opened
965,/965,F,ops_notifier,B0023,payment.failed|dispute.opened
966,/966,F,ops_notifier,B0024,payment.failed|dispute.opened
967,/967,F,ops_notifier,B0025,payment.failed|dispute.opened
968,/968,F,ops_notifier,B0026,payment.failed|dispute.opened
969,/969,F,ops_notifier,B0027,payment.failed|dispute.opened
970,/970,F,ops_notifier,B0028,payment.failed|dispute.opened
971,/971,F,ops_notifier,B0029,payment.failed|dispute.opened
972,/972,F,ops_notifier,B0030,payment.failed|dispute.opened
973,/973,F,ops_notifier,B0031,payment.failed|dispute.opened
974,/974,F,ops_notifier,B0032,payment.failed|dispute.opened
975,/975,F,ops_notifier,B0033,payment.failed|dispute.opened
976,/976,F,ops_notifier,B0034,payment.failed|dispute.opened
977,/977,F,ops_notifier,B0035,payment.failed|dispute.opened
978,/978,F,ops_notifier,B0036,payment.failed|dispute.opened
979,/979,F,ops_notifier,B0037,payment.failed|dispute.opened
980,/980,F,ops_notifier,B0038,payment.failed|dispute.opened
981,/981,F,ops_notifier,B0039,payment.failed|dispute.opened
982,/982,F,ops_notifier,A0000,payment.failed|dispute.opened
983,/983,F,ops_notifier,A0001,payment.failed|dispute.opened
984,/984,F,ops_notifier,A0002,payment.failed|dispute.opened
985,/985,F,ops_notifier,A0003,payment.failed|dispute.opened
986,/986,F,ops_notifier,A0004,payment.failed|dispute.opened
987,/987,F,ops_notifier,A0005,payment.failed|dispute.opened
988,/988,F,ops_notifier,A0006,payment.failed|dispute.opened
989,/989,F,ops_notifier,A0007,payment.failed|dispute.opened
990,/990,F,ops_notifier,A0008,payment.failed|dispute.opened
991,/991,F,ops_notifier,A0009,payment.failed|dispute.opened
992,/992,F,ops_notifier,A0010,payment.failed|dispute.opened
993,/993,F,ops_notifier,A0011,payment.failed|dispute.opened
994,/994,F,ops_notifier,A0012,payment.failed|dispute.opened
995,/995,F,ops_notifier,A0013,payment.failed|dispute.opened
996,/996,F,ops_notifier,A0014,payment.failed|dispute.opened
997,/997,F,ops_notifier,A0015,payment.failed|dispute.opened
998,/998,F,ops_notifier,A0016,payment.failed|dispute.opened
999,/999,F,ops_notifier,A0017,payment.failed|dispute.opened
1000,/1000,F,ops_notifier,A0018,payment.failed|dispute.opened
1001,/1001,F,ops_notifier,A0019,payment.failed|dispute.opened
1002,/1002,F,ops_notifier,A0020,payment.failed|dispute.opened
1003,/1003,F,ops_notifier,A0021,payment.failed|dispute.opened
1004,/1004,F,ops_notifier,A0022,payment.failed|dispute.opened
1005,/1005,F,ops_notifier,A0023,payment.failed|dispute.opened
1006,/1006,F,ops_notifier,A0024,payment.failed|dispute.opened
1007,/1007,F,ops_notifier,A0025,payment.failed|dispute.opened
1008,/1008,F,ops_notifier,A0026,payment.failed|dispute.opened
1009,/1009,F,ops_notifier,A0027,payment.failed|dispute.opened
1010,/1010,F,ops_notifier,A0028,payment.failed|dispute.opened
1011,/1011,F,ops_notifier,A0029,payment.failed|dispute.opened
1012,/1012,F,ops_notifier,A0030,payment.failed|dispute.opened
1013,/1013,F,ops_notifier,A0031,payment.failed|dispute.opened
1014,/1014,F,ops_notifier,A0032,payment.failed|dispute.opened
1015,/1015,F,ops_notifier,A0033,payment.failed|dispute.opened
1016,/1016,F,ops_notifier,A0034,payment.failed|dispute.opened
1017,/1017,F,ops_notifier,A0035,payment.failed|dispute.opened
1018,/1018,F,ops_notifier,A0036,payment.failed|dispute.opened
1019,/1019,F,ops_notifier,A0037,payment.failed|dispute.opened
1020,/1020,F,ops_notifier,A0038,payment.failed|dispute.opened
1021,/1021,F,ops_notifier,A0039,payment.failed|dispute.opened
1022,/1022,F,ops_notifier,A0040,payment.failed|dispute.opened
1023,/1023,F,ops_notifier,A0041,payment.failed|dispute.opened
1024,/1024,F,ops_notifier,A0042,payment.failed|dispute.opened
1025,/1025,F,ops_notifier,A0043,payment.failed|dispute.opened
1026,/1026,F,ops_notifier,A0044,payment.failed|dispute.opened
1027,/1027,F,ops_notifier,A0045,payment.failed|dispute.opened
1028,/1028,F,ops_notifier,A0046,payment.failed|dispute.opened
1029,/1029,F,ops_notifier,A0047,payment.failed|dispute.opened
1030,/1030,F,ops_notifier,A0048,payment.failed|dispute.opened
1031,/1031,F,ops_notifier,A0049,payment.failed|dispute.opened
1032,/1032,F,ops_notifier,A0050,payment.failed|dispute.opened
1033,/1033,F,ops_notifier,A0051,payment.failed|dispute.opened
1034,/1034,F,ops_notifier,A0052,payment.failed|dispute.opened
1035,/1035,F,ops_notifier,A0053,payment.failed|dispute.opened
1036,/1036,F,ops_notifier,A0054,payment.failed|dispute.opened
1037,/1037,F,ops_notifier,A0055,payment.failed|dispute.opened
1038,/1038,F,ops_notifier,A0056,payment.failed|dispute.opened
1039,/1039,F,ops_notifier,A0057,payment.failed|dispute.opened
1040,/1040,F,ops_notifier,A0058,payment.failed|dispute.opened
1041,/1041,F,ops_notifier,A0059,payment.failed|dispute.opened
1042,/1042,F,ops_notifier,A0060,payment.failed|dispute.opened
1043,/1043,F,ops_notifier,A0061,payment.failed|dispute.opened
1044,/1044,F,ops_notifier,A0062,payment.failed|dispute.opened
1045,/1045,F,ops_notifier,A0063,payment.failed|dispute.opened
1046,/1046,F,ops_notifier,A0064,payment.failed|dispute.opened
1047,/1047,F,ops_notifier,A0065,payment.failed|dispute.opened
1048,/1048,F,ops_notifier,A0066,payment.failed|dispute.opened
1049,/1049,F,ops_notifier,A0067,payment.failed|dispute.opened
1050,/1050,F,ops_notifier,A0068,payment.failed|dispute.opened
1051,/1051,F,ops_notifier,A0069,payment.failed|dispute.opened
1052,/1052,F,ops_notifier,A0070,payment.failed|dispute.opened
1053,/1053,F,ops_notifier,A0071,payment.failed|dispute.opened
1054,/1054,F,ops_notifier,A0072,payment.failed|dispute.opened
1055,/1055,F,ops_notifier,A0073,payment.failed|dispute.opened
1056,/1056,F,ops_notifier,A0074,payment.failed|dispute.opened
1057,/1057,F,ops_notifier,A0075,payment.failed|dispute.opened
1058,/1058,F,ops_notifier,A0076,payment.failed|dispute.opened
1059,/1059,F,ops_notifier,A0077,payment.failed|dispute.opened
1060,/1060,F,ops_notifier,A0078,payment.failed|dispute.opened
1061,/1061,F,ops_notifier,A0079,payment.failed|dispute.opened
1062,/1062,F,ops_notifier,A0080,payment.failed|dispute.opened
1063,/1063,F,ops_notifier,A0081,payment.failed|dispute.opened
1064,/1064,F,ops_notifier,A0082,payment.failed|dispute.opened
1065,/1065,F,ops_notifier,A0083,payment.failed|dispute.opened
1066,/1066,F,ops_notifier,A0084,payment.failed|dispute.opened
1067,/1067,F,ops_notifier,A0085,payment.failed|dispute.opened
1068,/1068,F,ops_notifier,A0086,payment.failed|dispute.opened
1069,/1069,F,ops_notifier,A0087,payment.failed|dispute.opened
1070,/1070,F,ops_notifier,A0088,payment.failed|dispute.opened
1071,/1071,F,ops_notifier,A0089,payment.failed|dispute.opened
1072,/1072,F,ops_notifier,A0090,payment.failed|dispute.opened
1073,/1073,F,ops_notifier,A0091,payment.failed|dispute.opened
1074,/1074,F,ops_notifier,A0092,payment.failed|dispute.opened
1075,/1075,F,ops_notifier,A0093,payment.failed|dispute.opened
1076,/1076,F,ops_notifier,A0094,payment.failed|dispute.opened
1077,/1077,F,ops_notifier,A0095,payment.failed|dispute.opened
1078,/1078,F,ops_notifier,A0096,payment.failed|dispute.opened
1079,/1079,F,ops_notifier,A0097,payment.failed|dispute.opened
1080,/1080,F,ops_notifier,A0098,payment.failed|dispute.opened
1081,/1081,F,ops_notifier,A0099,payment.failed|dispute.opened
1082,/1082,F,ops_notifier,A0100,payment.failed|dispute.opened
1083,/1083,F,ops_notifier,A0101,payment.failed|dispute.opened
1084,/1084,F,ops_notifier,A0102,payment.failed|dispute.opened
1085,/1085,F,ops_notifier,A0103,payment.failed|dispute.opened
1086,/1086,F,ops_notifier,A0104,payment.failed|dispute.opened
1087,/1087,F,ops_notifier,A0105,payment.failed|dispute.opened
1088,/1088,F,ops_notifier,A0106,payment.failed|dispute.opened
1089,/1089,F,ops_notifier,A0107,payment.failed|dispute.opened
1090,/1090,F,ops_notifier,A0108,payment.failed|dispute.opened
1091,/1091,F,ops_notifier,A0109,payment.failed|dispute.opened
1092,/1092,F,ops_notifier,A0110,payment.failed|dispute.opened
1093,/1093,F,ops_notifier,A0111,payment.failed|dispute.opened
1094,/1094,F,ops_notifier,A0112,payment.failed|dispute.opened
1095,/1095,F,ops_notifier,A0113,payment.failed|dispute.opened
1096,/1096,F,ops_notifier,A0114,payment.failed|dispute.opened
1097,/1097,F,ops_notifier,A0115,payment.failed|dispute.opened
1098,/1098,F,ops_notifier,A0116,payment.failed|dispute.opened
1099,/1099,F,ops_notifier,A0117,payment.failed|dispute.opened
1100,/1100,F,ops_notifier,A0118,payment.failed|dispute.opened
1101,/1101,F,ops_notifier,A0119,payment.failed|dispute.opened
1102,/1102,F,ops_notifier,A0120,payment.failed|dispute.opened
1103,/1103,F,ops_notifier,A0121,payment.failed|dispute.opened
1104,/1104,F,ops_notifier,A0122,payment.failed|dispute.opened
1105,/1105,F,ops_notifier,A0123,payment.failed|dispute.opened
1106,/1106,F,ops_notifier,A0124,payment.failed|dispute.opened
1107,/1107,F,ops_notifier,A0125,payment.failed|dispute.opened
1108,/1108,F,ops_notifier,A0126,payment.failed|dispute.opened
1109,/1109,F,ops_notifier,A0127,payment.failed|dispute.opened
1110,/1110,F,ops_notifier,A0128,payment.failed|dispute.opened
1111,/1111,F,ops_notifier,A0129,payment.failed|dispute.opened
1112,/1112,F,ops_notifier,A0130,payment.failed|dispute.opened
1113,/1113,F,ops_notifier,A0131,payment.failed|dispute.opened
1114,/1114,F,ops_notifier,A0132,payment.failed|dispute.opened
1115,/1115,F,ops_notifier,A0133,payment.failed|dispute.opened
1116,/1116,F,ops_notifier,A0134,payment.failed|dispute.opened
1117,/1117,F,ops_notifier,A0135,payment.failed|dispute.opened
1118,/1118,F,ops_notifier,A0136,payment.failed|dispute.opened
1119,/1119,F,ops_notifier,A0137,payment.failed|dispute.opened
1120,/1120,F,ops_notifier,A0138,payment.failed|dispute.opened
1121,/1121,F,ops_notifier,A0139,payment.failed|dispute.opened
1122,/1122,F,ops_notifier,A0140,payment.failed|dispute.opened
1123,/1123,F,ops_notifier,A0141,payment.failed|dispute.opened
1124,/1124,F,ops_notifier,A0142,payment.failed|dispute.opened
1125,/1125,F,ops_notifier,A0143,payment.failed|dispute.opened
1126,/1126,F,ops_notifier,A0144,payment.failed|dispute.opened
1127,/1127,F,ops_notifier,A0145,payment.failed|dispute.opened
1128,/1128,F,ops_notifier,A0146,payment.failed|dispute.opened
1129,/1129,F,ops_notifier,A0147,payment.failed|dispute.opened
1130,/1130,F,ops_notifier,A0148,payment.failed|dispute.opened
1131,/1131,F,ops_notifier,A0149,payment.failed|dispute.opened
1132,/1132,F,ops_notifier,A0150,payment.failed|dispute.opened
1133,/1133,F,ops_notifier,A0151,payment.failed|dispute.opened
1134,/1134,F,ops_notifier,A0152,payment.failed|dispute.opened
1135,/1135,F,ops_notifier,A0153,payment.failed|dispute.opened
1136,/1136,F,ops_notifier,A0154,payment.failed|dispute.opened
1137,/1137,F,ops_notifier,A0155,payment.failed|dispute.opened
1138,/1138,F,ops_notifier,A0156,payment.failed|dispute.opened
1139,/1139,F,ops_notifier,A0157,payment.failed|dispute.opened
1140,/1140,F,ops_notifier,A0158,payment.failed|dispute.opened
1141,/1141,F,ops_notifier,A0159,payment.failed|dispute.opened
