merchant_id,class,event_share,own_endpoint,notifier_endpoints,fraud_endpoint,analytics_endpoint
A0000,A,0.001167,0,982,640,641
A0001,A,0.001167,1,983,640,641
A0002,A,0.001167,2,984,640,641
A0003,A,0.001167,3,985,640,641
A0004,A,0.001167,4,986,640,641
A0005,A,0.001167,5,987,640,641
A0006,A,0.001167,6,988,640,641
A0007,A,0.001167,7,989,640,641
A0008,A,0.001167,8,990,640,641
A0009,A,0.001167,9,991,640,641
A0010,A,0.001167,10,992,640,641
A0011,A,0.001167,11,993,640,641
A0012,A,0.001167,12,994,640,641
A0013,A,0.001167,13,995,640,641
A0014,A,0.001167,14,996,640,641
A0015,A,0.001167,15,997,640,641
A0016,A,0.001167,16,998,640,641
A0017,A,0.001167,17,999,640,641
A0018,A,0.001167,18,1000,640,641
A0019,A,0.001167,19,1001,640,641
A0020,A,0.001167,20,1002,640,641
A0021,A,0.001167,21,1003,640,641
A0022,A,0.001167,22,1004,640,641
A0023,A,0.001167,23,1005,640,641
A0024,A,0.001167,24,1006,640,641
A0025,A,0.001167,25,1007,640,641
A0026,A,0.001167,26,1008,640,641
A0027,A,0.001167,27,1009,640,641
A0028,A,0.001167,28,1010,640,641
A0029,A,0.001167,29,1011,640,641
A0030,A,0.001167,30,1012,640,641
A0031,A,0.001167,31,1013,640,641
A0032,A,0.001167,32,1014,640,641
A0033,A,0.001167,33,1015,640,641
A0034,A,0.001167,34,1016,640,641
A0035,A,0.001167,35,1017,640,641
A0036,A,0.001167,36,1018,640,641
A0037,A,0.001167,37,1019,640,641
A0038,A,0.001167,38,1020,640,641
A0039,A,0.001167,39,1021,640,641
A0040,A,0.001167,40,1022,640,641
A0041,A,0.001167,41,1023,640,641
A0042,A,0.001167,42,1024,640,641
A0043,A,0.001167,43,1025,640,641
A0044,A,0.001167,44,1026,640,641
A0045,A,0.001167,45,1027,640,641
A0046,A,0.001167,46,1028,640,641
A0047,A,0.001167,47,1029,640,641
A0048,A,0.001167,48,1030,640,641
A0049,A,0.001167,49,1031,640,641
A0050,A,0.001167,50,1032,640,641
A0051,A,0.001167,51,1033,640,641
A0052,A,0.001167,52,1034,640,641
A0053,A,0.001167,53,1035,640,641
A0054,A,0.001167,54,1036,640,641
A0055,A,0.001167,55,1037,640,641
A0056,A,0.001167,56,1038,640,641
A0057,A,0.001167,57,1039,640,641
A0058,A,0.001167,58,1040,640,641
A0059,A,0.001167,59,1041,640,641
A0060,A,0.001167,60,1042,640,641
A0061,A,0.001167,61,1043,640,641
A0062,A,0.001167,62,1044,640,641
A0063,A,0.001167,63,1045,640,641
A0064,A,0.001167,64,1046,640,641
A0065,A,0.001167,65,1047,640,641
A0066,A,0.001167,66,1048,640,641
A0067,A,0.001167,67,1049,640,641
A0068,A,0.001167,68,1050,640,641
A0069,A,0.001167,69,1051,640,641
A0070,A,0.001167,70,1052,640,641
A0071,A,0.001167,71,1053,640,641
A0072,A,0.001167,72,1054,640,641
A0073,A,0.001167,73,1055,640,641
A0074,A,0.001167,74,1056,640,641
A0075,A,0.001167,75,1057,640,641
A0076,A,0.001167,76,1058,640,641
A0077,A,0.001167,77,1059,640,641
A0078,A,0.001167,78,1060,640,641
A0079,A,0.001167,79,1061,640,641
A0080,A,0.001167,80,1062,640,641
A0081,A,0.001167,81,1063,640,641
A0082,A,0.001167,82,1064,640,641
A0083,A,0.001167,83,1065,640,641
A0084,A,0.001167,84,1066,640,641
A0085,A,0.001167,85,1067,640,641
A0086,A,0.001167,86,1068,640,641
A0087,A,0.001167,87,1069,640,641
A0088,A,0.001167,88,1070,640,641
A0089,A,0.001167,89,1071,640,641
A0090,A,0.001167,90,1072,640,641
A0091,A,0.001167,91,1073,640,641
A0092,A,0.001167,92,1074,640,641
A0093,A,0.001167,93,1075,640,641
A0094,A,0.001167,94,1076,640,641
A0095,A,0.001167,95,1077,640,641
A0096,A,0.001167,96,1078,640,641
A0097,A,0.001167,97,1079,640,641
A0098,A,0.001167,98,1080,640,641
A0099,A,0.001167,99,1081,640,641
A0100,A,0.001167,100,1082,640,641
A0101,A,0.001167,101,1083,640,641
A0102,A,0.001167,102,1084,640,641
A0103,A,0.001167,103,1085,640,641
A0104,A,0.001167,104,1086,640,641
A0105,A,0.001167,105,1087,640,641
A0106,A,0.001167,106,1088,640,641
A0107,A,0.001167,107,1089,640,641
A0108,A,0.001167,108,1090,640,641
A0109,A,0.001167,109,1091,640,641
A0110,A,0.001167,110,1092,640,641
A0111,A,0.001167,111,1093,640,641
A0112,A,0.001167,112,1094,640,641
A0113,A,0.001167,113,1095,640,641
A0114,A,0.001167,114,1096,640,641
A0115,A,0.001167,115,1097,640,641
A0116,A,0.001167,116,1098,640,641
A0117,A,0.001167,117,1099,640,641
A0118,A,0.001167,118,1100,640,641
A0119,A,0.001167,119,1101,640,641
A0120,A,0.001167,120,1102,640,641
A0121,A,0.001167,121,1103,640,641
A0122,A,0.001167,122,1104,640,641
A0123,A,0.001167,123,1105,640,641
A0124,A,0.001167,124,1106,640,641
A0125,A,0.001167,125,1107,640,641
A0126,A,0.001167,126,1108,640,641
A0127,A,0.001167,127,1109,640,641
A0128,A,0.001167,128,1110,640,641
A0129,A,0.001167,129,1111,640,641
A0130,A,0.001167,130,1112,640,641
A0131,A,0.001167,131,1113,640,641
A0132,A,0.001167,132,1114,640,641
A0133,A,0.001167,133,1115,640,641
A0134,A,0.001167,134,1116,640,641
A0135,A,0.001167,135,1117,640,641
A0136,A,0.001167,136,1118,640,641
A0137,A,0.001167,137,1119,640,641
A0138,A,0.001167,138,1120,640,641
A0139,A,0.001167,139,1121,640,641
A0140,A,0.001167,140,1122,640,641
A0141,A,0.001167,141,1123,640,641
A0142,A,0.001167,142,1124,640,641
A0143,A,0.001167,143,1125,640,641
A0144,A,0.001167,144,1126,640,641
A0145,A,0.001167,145,1127,640,641
A0146,A,0.001167,146,1128,640,641
A0147,A,0.001167,147,1129,640,641
A0148,A,0.001167,148,1130,640,641
A0149,A,0.001167,149,1131,640,641
A0150,A,0.001167,150,1132,640,641
A0151,A,0.001167,151,1133,640,641
A0152,A,0.001167,152,1134,640,641
A0153,A,0.001167,153,1135,640,641
A0154,A,0.001167,154,1136,640,641
A0155,A,0.001167,155,1137,640,641
A0156,A,0.001167,156,1138,640,641
A0157,A,0.001167,157,1139,640,641
A0158,A,0.001167,158,1140,640,641
A0159,A,0.001167,159,1141,640,641
A0160,A,0.001167,160,,640,641
A0161,A,0.001167,161,,640,641
A0162,A,0.001167,162,,640,641
A0163,A,0.001167,163,,640,641
A0164,A,0.001167,164,,640,641
A0165,A,0.001167,165,,640,641
A0166,A,0.001167,166,,640,641
A0167,A,0.001167,167,,640,641
A0168,A,0.001167,168,,640,641
A0169,A,0.001167,169,,640,641
A0170,A,0.001167,170,,640,641
A0171,A,0.001167,171,,640,641
A0172,A,0.001167,172,,640,641
A0173,A,0.001167,173,,640,641
A0174,A,0.001167,174,,640,641
A0175,A,0.001167,175,,640,641
A0176,A,0.001167,176,,640,641
A0177,A,0.001167,177,,640,641
A0178,A,0.001167,178,,640,641
A0179,A,0.001167,179,,640,641
A0180,A,0.001167,180,,640,641
A0181,A,0.001167,181,,640,641
A0182,A,0.001167,182,,640,641
A0183,A,0.001167,183,,640,641
A0184,A,0.001167,184,,640,641
A0185,A,0.001167,185,,640,641
A0186,A,0.001167,186,,640,641
A0187,A,0.001167,187,,640,641
A0188,A,0.001167,188,,640,641
A0189,A,0.001167,189,,640,641
A0190,A,0.001167,190,,640,641
A0191,A,0.001167,191,,640,641
A0192,A,0.001167,192,,640,641
A0193,A,0.001167,193,,640,641
A0194,A,0.001167,194,,640,641
A0195,A,0.001167,195,,640,641
A0196,A,0.001167,196,,640,641
A0197,A,0.001167,197,,640,641
A0198,A,0.001167,198,,640,641
A0199,A,0.001167,199,,640,641
A0200,A,0.001167,200,,640,641
A0201,A,0.001167,201,,640,641
A0202,A,0.001167,202,,640,641
A0203,A,0.001167,203,,640,641
A0204,A,0.001167,204,,640,641
A0205,A,0.001167,205,,640,641
A0206,A,0.001167,206,,640,641
A0207,A,0.001167,207,,640,641
A0208,A,0.001167,208,,640,641
A0209,A,0.001167,209,,640,641
A0210,A,0.001167,210,,640,641
A0211,A,0.001167,211,,640,641
A0212,A,0.001167,212,,640,641
A0213,A,0.001167,213,,640,641
A0214,A,0.001167,214,,640,641
A0215,A,0.001167,215,,640,641
A0216,A,0.001167,216,,640,641
A0217,A,0.001167,217,,640,641
A0218,A,0.001167,218,,640,641
A0219,A,0.001167,219,,640,641
A0220,A,0.001167,220,,640,641
A0221,A,0.001167,221,,640,641
A0222,A,0.001167,222,,640,641
A0223,A,0.001167,223,,640,641
A0224,A,0.001167,224,,640,641
A0225,A,0.001167,225,,640,641
A0226,A,0.001167,226,,640,641
A0227,A,0.001167,227,,640,641
A0228,A,0.001167,228,,640,641
A0229,A,0.001167,229,,640,641
A0230,A,0.001167,230,,640,641
A0231,A,0.001167,231,,640,641
A0232,A,0.001167,232,,640,641
A0233,A,0.001167,233,,640,641
A0234,A,0.001167,234,,640,641
A0235,A,0.001167,235,,640,641
A0236,A,0.001167,236,,640,641
A0237,A,0.001167,237,,640,641
A0238,A,0.001167,238,,640,641
A0239,A,0.001167,239,,640,641
A0240,A,0.001167,240,,640,641
A0241,A,0.001167,241,,640,641
A0242,A,0.001167,242,,640,641
A0243,A,0.001167,243,,640,641
A0244,A,0.001167,244,,640,641
A0245,A,0.001167,245,,640,641
A0246,A,0.001167,246,,640,641
A0247,A,0.001167,247,,640,641
A0248,A,0.001167,248,,640,641
A0249,A,0.001167,249,,640,641
A0250,A,0.001167,250,,640,641
A0251,A,0.001167,251,,640,641
A0252,A,0.001167,252,,640,641
A0253,A,0.001167,253,,640,641
A0254,A,0.001167,254,,640,641
A0255,A,0.001167,255,,640,641
A0256,A,0.001167,256,,640,641
A0257,A,0.001167,257,,640,641
A0258,A,0.001167,258,,640,641
A0259,A,0.001167,259,,640,641
A0260,A,0.001167,260,,640,641
A0261,A,0.001167,261,,640,641
A0262,A,0.001167,262,,640,641
A0263,A,0.001167,263,,640,641
A0264,A,0.001167,264,,640,641
A0265,A,0.001167,265,,640,641
A0266,A,0.001167,266,,640,641
A0267,A,0.001167,267,,640,641
A0268,A,0.001167,268,,640,641
A0269,A,0.001167,269,,640,641
A0270,A,0.001167,270,,640,641
A0271,A,0.001167,271,,640,641
A0272,A,0.001167,272,,640,641
A0273,A,0.001167,273,,640,641
A0274,A,0.001167,274,,640,641
A0275,A,0.001167,275,,640,641
A0276,A,0.001167,276,,640,641
A0277,A,0.001167,277,,640,641
A0278,A,0.001167,278,,640,641
A0279,A,0.001167,279,,640,641
A0280,A,0.001167,280,,640,641
A0281,A,0.001167,281,,640,641
A0282,A,0.001167,282,,640,641
A0283,A,0.001167,283,,640,641
A0284,A,0.001167,284,,640,641
A0285,A,0.001167,285,,640,641
A0286,A,0.001167,286,,640,641
A0287,A,0.001167,287,,640,641
A0288,A,0.001167,288,,640,641
A0289,A,0.001167,289,,640,641
A0290,A,0.001167,290,,640,641
A0291,A,0.001167,291,,640,641
A0292,A,0.001167,292,,640,641
A0293,A,0.001167,293,,640,641
A0294,A,0.001167,294,,640,641
A0295,A,0.001167,295,,640,641
A0296,A,0.001167,296,,640,641
A0297,A,0.001167,297,,640,641
A0298,A,0.001167,298,,640,641
A0299,A,0.001167,299,,640,641
A0300,A,0.001167,300,,640,641
A0301,A,0.001167,301,,640,641
A0302,A,0.001167,302,,640,641
A0303,A,0.001167,303,,640,641
A0304,A,0.001167,304,,640,641
A0305,A,0.001167,305,,640,641
A0306,A,0.001167,306,,640,641
A0307,A,0.001167,307,,640,641
A0308,A,0.001167,308,,640,641
A0309,A,0.001167,309,,640,641
A0310,A,0.001167,310,,640,641
A0311,A,0.001167,311,,640,641
A0312,A,0.001167,312,,640,641
A0313,A,0.001167,313,,640,641
A0314,A,0.001167,314,,640,641
A0315,A,0.001167,315,,640,641
A0316,A,0.001167,316,,640,641
A0317,A,0.001167,317,,640,641
A0318,A,0.001167,318,,640,641
A0319,A,0.001167,319,,640,641
A0320,A,0.001167,320,,640,641
A0321,A,0.001167,321,,640,641
A0322,A,0.001167,322,,640,641
A0323,A,0.001167,323,,640,641
A0324,A,0.001167,324,,640,641
A0325,A,0.001167,325,,640,641
A0326,A,0.001167,326,,640,641
A0327,A,0.001167,327,,640,641
A0328,A,0.001167,328,,640,641
A0329,A,0.001167,329,,640,641
A0330,A,0.001167,330,,640,641
A0331,A,0.001167,331,,640,641
A0332,A,0.001167,332,,640,641
A0333,A,0.001167,333,,640,641
A0334,A,0.001167,334,,640,641
A0335,A,0.001167,335,,640,641
A0336,A,0.001167,336,,640,641
A0337,A,0.001167,337,,640,641
A0338,A,0.001167,338,,640,641
A0339,A,0.001167,339,,640,641
A0340,A,0.001167,340,,640,641
A0341,A,0.001167,341,,640,641
A0342,A,0.001167,342,,640,641
A0343,A,0.001167,343,,640,641
A0344,A,0.001167,344,,640,641
A0345,A,0.001167,345,,640,641
A0346,A,0.001167,346,,640,641
A0347,A,0.001167,347,,640,641
A0348,A,0.001167,348,,640,641
A0349,A,0.001167,349,,640,641
A0350,A,0.001167,350,,640,641
A0351,A,0.001167,351,,640,641
A0352,A,0.001167,352,,640,641
A0353,A,0.001167,353,,640,641
A0354,A,0.001167,354,,640,641
A0355,A,0.001167,355,,640,641
A0356,A,0.001167,356,,640,641
A0357,A,0.001167,357,,640,641
A0358,A,0.001167,358,,640,641
A0359,A,0.001167,359,,640,641
A0360,A,0.001167,360,,640,641
A0361,A,0.001167,361,,640,641
A0362,A,0.001167,362,,640,641
A0363,A,0.001167,363,,640,641
A0364,A,0.001167,364,,640,641
A0365,A,0.001167,365,,640,641
A0366,A,0.001167,366,,640,641
A0367,A,0.001167,367,,640,641
A0368,A,0.001167,368,,640,641
A0369,A,0.001167,369,,640,641
A0370,A,0.001167,370,,640,641
A0371,A,0.001167,371,,640,641
A0372,A,0.001167,372,,640,641
A0373,A,0.001167,373,,640,641
A0374,A,0.001167,374,,640,641
A0375,A,0.001167,375,,640,641
A0376,A,0.001167,376,,640,641
A0377,A,0.001167,377,,640,641
A0378,A,0.001167,378,,640,641
A0379,A,0.001167,379,,640,641
A0380,A,0.001167,380,,640,641
A0381,A,0.001167,381,,640,641
A0382,A,0.001167,382,,640,641
A0383,A,0.001167,383,,640,641
A0384,A,0.001167,384,,640,641
A0385,A,0.001167,385,,640,641
A0386,A,0.001167,386,,640,641
A0387,A,0.001167,387,,640,641
A0388,A,0.001167,388,,640,641
A0389,A,0.001167,389,,640,641
A0390,A,0.001167,390,,640,641
A0391,A,0.001167,391,,640,641
A0392,A,0.001167,392,,640,641
A0393,A,0.001167,393,,640,641
A0394,A,0.001167,394,,640,641
A0395,A,0.001167,395,,640,641
A0396,A,0.001167,396,,640,641
A0397,A,0.001167,397,,640,641
A0398,A,0.001167,398,,640,641
A0399,A,0.001167,399,,640,641
A0400,A,0.001167,400,,640,641
A0401,A,0.001167,401,,640,641
A0402,A,0.001167,402,,640,641
A0403,A,0.001167,403,,640,641
A0404,A,0.001167,404,,640,641
A0405,A,0.001167,405,,640,641
A0406,A,0.001167,406,,640,641
A0407,A,0.001167,407,,640,641
A0408,A,0.001167,408,,640,641
A0409,A,0.001167,409,,640,641
A0410,A,0.001167,410,,640,641
A0411,A,0.001167,411,,640,641
A0412,A,0.001167,412,,640,641
A0413,A,0.001167,413,,640,641
A0414,A,0.001167,414,,640,641
A0415,A,0.001167,415,,640,641
A0416,A,0.001167,416,,640,641
A0417,A,0.001167,417,,640,641
A0418,A,0.001167,418,,640,641
A0419,A,0.001167,419,,640,641
A0420,A,0.001167,420,,640,641
A0421,A,0.001167,421,,640,641
A0422,A,0.001167,422,,640,641
A0423,A,0.001167,423,,640,641
A0424,A,0.001167,424,,640,641
A0425,A,0.001167,425,,640,641
A0426,A,0.001167,426,,640,641
A0427,A,0.001167,427,,640,641
A0428,A,0.001167,428,,640,641
A0429,A,0.001167,429,,640,641
A0430,A,0.001167,430,,640,641
A0431,A,0.001167,431,,640,641
A0432,A,0.001167,432,,640,641
A0433,A,0.001167,433,,640,641
A0434,A,0.001167,434,,640,641
A0435,A,0.001167,435,,640,641
A0436,A,0.001167,436,,640,641
A0437,A,0.001167,437,,640,641
A0438,A,0.001167,438,,640,641
A0439,A,0.001167,439,,640,641
A0440,A,0.001167,440,,640,641
A0441,A,0.001167,441,,640,641
A0442,A,0.001167,442,,640,641
A0443,A,0.001167,443,,640,641
A0444,A,0.001167,444,,640,641
A0445,A,0.001167,445,,640,641
A0446,A,0.001167,446,,640,641
A0447,A,0.001167,447,,640,641
A0448,A,0.001167,448,,640,641
A0449,A,0.001167,449,,640,641
A0450,A,0.001167,450,,640,641
A0451,A,0.001167,451,,640,641
A0452,A,0.001167,452,,640,641
A0453,A,0.001167,453,,640,641
A0454,A,0.001167,454,,640,641
A0455,A,0.001167,455,,640,641
A0456,A,0.001167,456,,640,641
A0457,A,0.001167,457,,640,641
A0458,A,0.001167,458,,640,641
A0459,A,0.001167,459,,640,641
A0460,A,0.001167,460,,640,641
A0461,A,0.001167,461,,640,641
A0462,A,0.001167,462,,640,641
A0463,A,0.001167,463,,640,641
A0464,A,0.001167,464,,640,641
A0465,A,0.001167,465,,640,641
A0466,A,0.001167,466,,640,641
A0467,A,0.001167,467,,640,641
A0468,A,0.001167,468,,640,641
A0469,A,0.001167,469,,640,641
A0470,A,0.001167,470,,640,641
A0471,A,0.001167,471,,640,641
A0472,A,0.001167,472,,640,641
A0473,A,0.001167,473,,640,641
A0474,A,0.001167,474,,640,641
A0475,A,0.001167,475,,640,641
A0476,A,0.001167,476,,640,641
A0477,A,0.001167,477,,640,641
A0478,A,0.001167,478,,640,641
A0479,A,0.001167,479,,640,641
A0480,A,0.001167,480,,640,641
A0481,A,0.001167,481,,640,641
A0482,A,0.001167,482,,640,641
A0483,A,0.001167,483,,640,641
A0484,A,0.001167,484,,640,641
A0485,A,0.001167,485,,640,641
A0486,A,0.001167,486,,640,641
A0487,A,0.001167,487,,640,641
A0488,A,0.001167,488,,640,641
A0489,A,0.001167,489,,640,641
A0490,A,0.001167,490,,640,641
A0491,A,0.001167,491,,640,641
A0492,A,0.001167,492,,640,641
A0493,A,0.001167,493,,640,641
A0494,A,0.001167,494,,640,641
A0495,A,0.001167,495,,640,641
A0496,A,0.001167,496,,640,641
A0497,A,0.001167,497,,640,641
A0498,A,0.001167,498,,640,641
A0499,A,0.001167,499,,640,641
A0500,A,0.001167,500,,640,641
A0501,A,0.001167,501,,640,641
A0502,A,0.001167,502,,640,641
A0503,A,0.001167,503,,640,641
A0504,A,0.001167,504,,640,641
A0505,A,0.001167,505,,640,641
A0506,A,0.001167,506,,640,641
A0507,A,0.001167,507,,640,641
A0508,A,0.001167,508,,640,641
A0509,A,0.001167,509,,640,641
A0510,A,0.001167,510,,640,641
A0511,A,0.001167,511,,640,641
A0512,A,0.001167,512,,640,641
A0513,A,0.001167,513,,640,641
A0514,A,0.001167,514,,640,641
A0515,A,0.001167,515,,640,641
A0516,A,0.001167,516,,640,641
A0517,A,0.001167,517,,640,641
A0518,A,0.001167,518,,640,641
A0519,A,0.001167,519,,640,641
A0520,A,0.001167,520,,640,641
A0521,A,0.001167,521,,640,641
A0522,A,0.001167,522,,640,641
A0523,A,0.001167,523,,640,641
A0524,A,0.001167,524,,640,641
A0525,A,0.001167,525,,640,641
A0526,A,0.001167,526,,640,641
A0527,A,0.001167,527,,640,641
A0528,A,0.001167,528,,640,641
A0529,A,0.001167,529,,640,641
A0530,A,0.001167,530,,640,641
A0531,A,0.001167,531,,640,641
A0532,A,0.001167,532,,640,641
A0533,A,0.001167,533,,640,641
A0534,A,0.001167,534,,640,641
A0535,A,0.001167,535,,640,641
A0536,A,0.001167,536,,640,641
A0537,A,0.001167,537,,640,641
A0538,A,0.001167,538,,640,641
A0539,A,0.001167,539,,640,641
A0540,A,0.001167,540,,640,641
A0541,A,0.001167,541,,640,641
A0542,A,0.001167,542,,640,641
A0543,A,0.001167,543,,640,641
A0544,A,0.001167,544,,640,641
A0545,A,0.001167,545,,640,641
A0546,A,0.001167,546,,640,641
A0547,A,0.001167,547,,640,641
A0548,A,0.001167,548,,640,641
A0549,A,0.001167,549,,640,641
A0550,A,0.001167,550,,640,641
A0551,A,0.001167,551,,640,641
A0552,A,0.001167,552,,640,641
A0553,A,0.001167,553,,640,641
A0554,A,0.001167,554,,640,641
A0555,A,0.001167,555,,640,641
A0556,A,0.001167,556,,640,641
A0557,A,0.001167,557,,640,641
A0558,A,0.001167,558,,640,641
A0559,A,0.001167,559,,640,641
A0560,A,0.001167,560,,640,641
A0561,A,0.001167,561,,640,641
A0562,A,0.001167,562,,640,641
A0563,A,0.001167,563,,640,641
A0564,A,0.001167,564,,640,641
A0565,A,0.001167,565,,640,641
A0566,A,0.001167,566,,640,641
A0567,A,0.001167,567,,640,641
A0568,A,0.001167,568,,640,641
A0569,A,0.001167,569,,640,641
A0570,A,0.001167,570,,640,641
A0571,A,0.001167,571,,640,641
A0572,A,0.001167,572,,640,641
A0573,A,0.001167,573,,640,641
A0574,A,0.001167,574,,640,641
A0575,A,0.001167,575,,640,641
A0576,A,0.001167,576,,640,641
A0577,A,0.001167,577,,640,641
A0578,A,0.001167,578,,640,641
A0579,A,0.001167,579,,640,641
A0580,A,0.001167,580,,640,641
A0581,A,0.001167,581,,640,641
A0582,A,0.001167,582,,640,641
A0583,A,0.001167,583,,640,641
A0584,A,0.001167,584,,640,641
A0585,A,0.001167,585,,640,641
A0586,A,0.001167,586,,640,641
A0587,A,0.001167,587,,640,641
A0588,A,0.001167,588,,640,641
A0589,A,0.001167,589,,640,641
A0590,A,0.001167,590,,640,641
A0591,A,0.001167,591,,640,641
A0592,A,0.001167,592,,640,641
A0593,A,0.001167,593,,640,641
A0594,A,0.001167,594,,640,641
A0595,A,0.001167,595,,640,641
A0596,A,0.001167,596,,640,641
A0597,A,0.001167,597,,640,641
A0598,A,0.001167,598,,640,641
A0599,A,0.001167,599,,640,641
B0000,B,0.001250,600,942,640,641
B0001,B,0.001250,601,943,640,641
B0002,B,0.001250,602,944,640,641
B0003,B,0.001250,603,945,640,641
B0004,B,0.001250,604,946,640,641
B0005,B,0.001250,605,947,640,641
B0006,B,0.001250,606,948,640,641
B0007,B,0.001250,607,949,640,641
B0008,B,0.001250,608,950,640,641
B0009,B,0.001250,609,951,640,641
B0010,B,0.001250,610,952,640,641
B0011,B,0.001250,611,953,640,641
B0012,B,0.001250,612,954,640,641
B0013,B,0.001250,613,955,640,641
B0014,B,0.001250,614,956,640,641
B0015,B,0.001250,615,957,640,641
B0016,B,0.001250,616,958,640,641
B0017,B,0.001250,617,959,640,641
B0018,B,0.001250,618,960,640,641
B0019,B,0.001250,619,961,640,641
B0020,B,0.001250,620,962,640,641
B0021,B,0.001250,621,963,640,641
B0022,B,0.001250,622,964,640,641
B0023,B,0.001250,623,965,640,641
B0024,B,0.001250,624,966,640,641
B0025,B,0.001250,625,967,640,641
B0026,B,0.001250,626,968,640,641
B0027,B,0.001250,627,969,640,641
B0028,B,0.001250,628,970,640,641
B0029,B,0.001250,629,971,640,641
B0030,B,0.001250,630,972,640,641
B0031,B,0.001250,631,973,640,641
B0032,B,0.001250,632,974,640,641
B0033,B,0.001250,633,975,640,641
B0034,B,0.001250,634,976,640,641
B0035,B,0.001250,635,977,640,641
B0036,B,0.001250,636,978,640,641
B0037,B,0.001250,637,979,640,641
B0038,B,0.001250,638,980,640,641
B0039,B,0.001250,639,981,640,641
E0000,E,0.000333,642,,,641
E0001,E,0.000333,643,,640,641
E0002,E,0.000333,644,,640,641
E0003,E,0.000333,645,,640,641
E0004,E,0.000333,646,,640,641
E0005,E,0.000333,647,,,641
E0006,E,0.000333,648,,,641
E0007,E,0.000333,649,,640,641
E0008,E,0.000333,650,,640,641
E0009,E,0.000333,651,,640,641
E0010,E,0.000333,652,,,641
E0011,E,0.000333,653,,640,641
E0012,E,0.000333,654,,640,641
E0013,E,0.000333,655,,,641
E0014,E,0.000333,656,,,641
E0015,E,0.000333,657,,640,641
E0016,E,0.000333,658,,,641
E0017,E,0.000333,659,,640,641
E0018,E,0.000333,660,,640,641
E0019,E,0.000333,661,,640,641
E0020,E,0.000333,662,,,641
E0021,E,0.000333,663,,,641
E0022,E,0.000333,664,,640,641
E0023,E,0.000333,665,,,641
E0024,E,0.000333,666,,,641
E0025,E,0.000333,667,,,641
E0026,E,0.000333,668,,,641
E0027,E,0.000333,669,,,641
E0028,E,0.000333,670,,640,641
E0029,E,0.000333,671,,,641
E0030,E,0.000333,672,,640,641
E0031,E,0.000333,673,,640,641
E0032,E,0.000333,674,,640,641
E0033,E,0.000333,675,,,641
E0034,E,0.000333,676,,640,641
E0035,E,0.000333,677,,,641
E0036,E,0.000333,678,,640,641
E0037,E,0.000333,679,,640,641
E0038,E,0.000333,680,,,641
E0039,E,0.000333,681,,,641
E0040,E,0.000333,682,,640,641
E0041,E,0.000333,683,,640,641
E0042,E,0.000333,684,,640,641
E0043,E,0.000333,685,,,641
E0044,E,0.000333,686,,640,641
E0045,E,0.000333,687,,,641
E0046,E,0.000333,688,,640,641
E0047,E,0.000333,689,,640,641
E0048,E,0.000333,690,,640,641
E0049,E,0.000333,691,,640,641
E0050,E,0.000333,692,,640,641
E0051,E,0.000333,693,,,641
E0052,E,0.000333,694,,640,641
E0053,E,0.000333,695,,640,641
E0054,E,0.000333,696,,640,641
E0055,E,0.000333,697,,,641
E0056,E,0.000333,698,,,641
E0057,E,0.000333,699,,,641
E0058,E,0.000333,700,,640,641
E0059,E,0.000333,701,,,641
E0060,E,0.000333,702,,,641
E0061,E,0.000333,703,,,641
E0062,E,0.000333,704,,640,641
E0063,E,0.000333,705,,,641
E0064,E,0.000333,706,,640,641
E0065,E,0.000333,707,,640,641
E0066,E,0.000333,708,,640,641
E0067,E,0.000333,709,,640,641
E0068,E,0.000333,710,,,641
E0069,E,0.000333,711,,640,641
E0070,E,0.000333,712,,640,641
E0071,E,0.000333,713,,640,641
E0072,E,0.000333,714,,,641
E0073,E,0.000333,715,,,641
E0074,E,0.000333,716,,640,641
E0075,E,0.000333,717,,,641
E0076,E,0.000333,718,,,641
E0077,E,0.000333,719,,,641
E0078,E,0.000333,720,,,641
E0079,E,0.000333,721,,,641
E0080,E,0.000333,722,,640,641
E0081,E,0.000333,723,,,641
E0082,E,0.000333,724,,,641
E0083,E,0.000333,725,,,641
E0084,E,0.000333,726,,,641
E0085,E,0.000333,727,,,641
E0086,E,0.000333,728,,640,641
E0087,E,0.000333,729,,,641
E0088,E,0.000333,730,,,641
E0089,E,0.000333,731,,,641
E0090,E,0.000333,732,,640,641
E0091,E,0.000333,733,,,641
E0092,E,0.000333,734,,640,641
E0093,E,0.000333,735,,,641
E0094,E,0.000333,736,,,641
E0095,E,0.000333,737,,640,641
E0096,E,0.000333,738,,640,641
E0097,E,0.000333,739,,640,641
E0098,E,0.000333,740,,,641
E0099,E,0.000333,741,,,641
E0100,E,0.000333,742,,640,641
E0101,E,0.000333,743,,,641
E0102,E,0.000333,744,,640,641
E0103,E,0.000333,745,,640,641
E0104,E,0.000333,746,,,641
E0105,E,0.000333,747,,,641
E0106,E,0.000333,748,,,641
E0107,E,0.000333,749,,640,641
E0108,E,0.000333,750,,640,641
E0109,E,0.000333,751,,,641
E0110,E,0.000333,752,,640,641
E0111,E,0.000333,753,,,641
E0112,E,0.000333,754,,,641
E0113,E,0.000333,755,,640,641
E0114,E,0.000333,756,,,641
E0115,E,0.000333,757,,,641
E0116,E,0.000333,758,,640,641
E0117,E,0.000333,759,,640,641
E0118,E,0.000333,760,,640,641
E0119,E,0.000333,761,,,641
E0120,E,0.000333,762,,640,641
E0121,E,0.000333,763,,,641
E0122,E,0.000333,764,,,641
E0123,E,0.000333,765,,,641
E0124,E,0.000333,766,,,641
E0125,E,0.000333,767,,,641
E0126,E,0.000333,768,,,641
E0127,E,0.000333,769,,640,641
E0128,E,0.000333,770,,640,641
E0129,E,0.000333,771,,640,641
E0130,E,0.000333,772,,,641
E0131,E,0.000333,773,,640,641
E0132,E,0.000333,774,,,641
E0133,E,0.000333,775,,,641
E0134,E,0.000333,776,,,641
E0135,E,0.000333,777,,640,641
E0136,E,0.000333,778,,,641
E0137,E,0.000333,779,,,641
E0138,E,0.000333,780,,,641
E0139,E,0.000333,781,,,641
E0140,E,0.000333,782,,,641
E0141,E,0.000333,783,,,641
E0142,E,0.000333,784,,,641
E0143,E,0.000333,785,,640,641
E0144,E,0.000333,786,,640,641
E0145,E,0.000333,787,,,641
E0146,E,0.000333,788,,,641
E0147,E,0.000333,789,,,641
E0148,E,0.000333,790,,640,641
E0149,E,0.000333,791,,640,641
E0150,E,0.000333,792,,640,641
E0151,E,0.000333,793,,640,641
E0152,E,0.000333,794,,,641
E0153,E,0.000333,795,,640,641
E0154,E,0.000333,796,,640,641
E0155,E,0.000333,797,,640,641
E0156,E,0.000333,798,,,641
E0157,E,0.000333,799,,640,641
E0158,E,0.000333,800,,,641
E0159,E,0.000333,801,,,641
E0160,E,0.000333,802,,,641
E0161,E,0.000333,803,,640,641
E0162,E,0.000333,804,,,641
E0163,E,0.000333,805,,,641
E0164,E,0.000333,806,,640,641
E0165,E,0.000333,807,,640,641
E0166,E,0.000333,808,,,641
E0167,E,0.000333,809,,,641
E0168,E,0.000333,810,,640,641
E0169,E,0.000333,811,,,641
E0170,E,0.000333,812,,,641
E0171,E,0.000333,813,,640,641
E0172,E,0.000333,814,,,641
E0173,E,0.000333,815,,640,641
E0174,E,0.000333,816,,640,641
E0175,E,0.000333,817,,,641
E0176,E,0.000333,818,,640,641
E0177,E,0.000333,819,,,641
E0178,E,0.000333,820,,640,641
E0179,E,0.000333,821,,640,641
E0180,E,0.000333,822,,,641
E0181,E,0.000333,823,,640,641
E0182,E,0.000333,824,,640,641
E0183,E,0.000333,825,,,641
E0184,E,0.000333,826,,,641
E0185,E,0.000333,827,,,641
E0186,E,0.000333,828,,640,641
E0187,E,0.000333,829,,640,641
E0188,E,0.000333,830,,640,641
E0189,E,0.000333,831,,,641
E0190,E,0.000333,832,,640,641
E0191,E,0.000333,833,,640,641
E0192,E,0.000333,834,,,641
E0193,E,0.000333,835,,640,641
E0194,E,0.000333,836,,,641
E0195,E,0.000333,837,,,641
E0196,E,0.000333,838,,,641
E0197,E,0.000333,839,,,641
E0198,E,0.000333,840,,640,641
E0199,E,0.000333,841,,,641
E0200,E,0.000333,842,,640,641
E0201,E,0.000333,843,,640,641
E0202,E,0.000333,844,,640,641
E0203,E,0.000333,845,,640,641
E0204,E,0.000333,846,,640,641
E0205,E,0.000333,847,,640,641
E0206,E,0.000333,848,,640,641
E0207,E,0.000333,849,,,641
E0208,E,0.000333,850,,640,641
E0209,E,0.000333,851,,640,641
E0210,E,0.000333,852,,,641
E0211,E,0.000333,853,,,641
E0212,E,0.000333,854,,,641
E0213,E,0.000333,855,,,641
E0214,E,0.000333,856,,640,641
E0215,E,0.000333,857,,640,641
E0216,E,0.000333,858,,640,641
E0217,E,0.000333,859,,640,641
E0218,E,0.000333,860,,640,641
E0219,E,0.000333,861,,640,641
E0220,E,0.000333,862,,640,641
E0221,E,0.000333,863,,640,641
E0222,E,0.000333,864,,,641
E0223,E,0.000333,865,,,641
E0224,E,0.000333,866,,,641
E0225,E,0.000333,867,,640,641
E0226,E,0.000333,868,,,641
E0227,E,0.000333,869,,640,641
E0228,E,0.000333,870,,640,641
E0229,E,0.000333,871,,,641
E0230,E,0.000333,872,,640,641
E0231,E,0.000333,873,,640,641
E0232,E,0.000333,874,,640,641
E0233,E,0.000333,875,,,641
E0234,E,0.000333,876,,,641
E0235,E,0.000333,877,,640,641
E0236,E,0.000333,878,,640,641
E0237,E,0.000333,879,,,641
E0238,E,0.000333,880,,,641
E0239,E,0.000333,881,,640,641
E0240,E,0.000333,882,,,641
E0241,E,0.000333,883,,,641
E0242,E,0.000333,884,,,641
E0243,E,0.000333,885,,640,641
E0244,E,0.000333,886,,640,641
E0245,E,0.000333,887,,,641
E0246,E,0.000333,888,,640,641
E0247,E,0.000333,889,,640,641
E0248,E,0.000333,890,,640,641
E0249,E,0.000333,891,,,641
E0250,E,0.000333,892,,,641
E0251,E,0.000333,893,,,641
E0252,E,0.000333,894,,640,641
E0253,E,0.000333,895,,640,641
E0254,E,0.000333,896,,640,641
E0255,E,0.000333,897,,,641
E0256,E,0.000333,898,,,641
E0257,E,0.000333,899,,,641
E0258,E,0.000333,900,,,641
E0259,E,0.000333,901,,640,641
E0260,E,0.000333,902,,,641
E0261,E,0.000333,903,,,641
E0262,E,0.000333,904,,,641
E0263,E,0.000333,905,,640,641
E0264,E,0.000333,906,,640,641
E0265,E,0.000333,907,,640,641
E0266,E,0.000333,908,,640,641
E0267,E,0.000333,909,,,641
E0268,E,0.000333,910,,,641
E0269,E,0.000333,911,,,641
E0270,E,0.000333,912,,640,641
E0271,E,0.000333,913,,,641
E0272,E,0.000333,914,,,641
E0273,E,0.000333,915,,,641
E0274,E,0.000333,916,,,641
E0275,E,0.000333,917,,640,641
E0276,E,0.000333,918,,640,641
E0277,E,0.000333,919,,640,641
E0278,E,0.000333,920,,,641
E0279,E,0.000333,921,,,641
E0280,E,0.000333,922,,640,641
E0281,E,0.000333,923,,,641
E0282,E,0.000333,924,,640,641
E0283,E,0.000333,925,,,641
E0284,E,0.000333,926,,,641
E0285,E,0.000333,927,,640,641
E0286,E,0.000333,928,,,641
E0287,E,0.000333,929,,,641
E0288,E,0.000333,930,,640,641
E0289,E,0.000333,931,,640,641
E0290,E,0.000333,932,,,641
E0291,E,0.000333,933,,640,641
E0292,E,0.000333,934,,640,641
E0293,E,0.000333,935,,,641
E0294,E,0.000333,936,,640,641
E0295,E,0.000333,937,,640,641
E0296,E,0.000333,938,,640,641
E0297,E,0.000333,939,,,641
E0298,E,0.000333,940,,640,641
E0299,E,0.000333,941,,640,641
N0000,N,0.000050,,,,641
N0001,N,0.000050,,,,641
N0002,N,0.000050,,,,641
N0003,N,0.000050,,,,641
N0004,N,0.000050,,,,641
N0005,N,0.000050,,,,641
N0006,N,0.000050,,,,641
N0007,N,0.000050,,,,641
N0008,N,0.000050,,,,641
N0009,N,0.000050,,,,641
N0010,N,0.000050,,,,641
N0011,N,0.000050,,,,641
N0012,N,0.000050,,,,641
N0013,N,0.000050,,,,641
N0014,N,0.000050,,,,641
N0015,N,0.000050,,,,641
N0016,N,0.000050,,,,641
N0017,N,0.000050,,,,641
N0018,N,0.000050,,,,641
N0019,N,0.000050,,,,641
N0020,N,0.000050,,,,641
N0021,N,0.000050,,,,641
N0022,N,0.000050,,,,641
N0023,N,0.000050,,,,641
N0024,N,0.000050,,,,641
N0025,N,0.000050,,,,641
N0026,N,0.000050,,,,641
N0027,N,0.000050,,,,641
N0028,N,0.000050,,,,641
N0029,N,0.000050,,,,641
N0030,N,0.000050,,,,641
N0031,N,0.000050,,,,641
N0032,N,0.000050,,,,641
N0033,N,0.000050,,,,641
N0034,N,0.000050,,,,641
N0035,N,0.000050,,,,641
N0036,N,0.000050,,,,641
N0037,N,0.000050,,,,641
N0038,N,0.000050,,,,641
N0039,N,0.000050,,,,641
N0040,N,0.000050,,,,641
N0041,N,0.000050,,,,641
N0042,N,0.000050,,,,641
N0043,N,0.000050,,,,641
N0044,N,0.000050,,,,641
N0045,N,0.000050,,,,641
N0046,N,0.000050,,,,641
N0047,N,0.000050,,,,641
N0048,N,0.000050,,,,641
N0049,N,0.000050,,,,641
N0050,N,0.000050,,,,641
N0051,N,0.000050,,,,641
N0052,N,0.000050,,,,641
N0053,N,0.000050,,,,641
N0054,N,0.000050,,,,641
N0055,N,0.000050,,,,641
N0056,N,0.000050,,,,641
N0057,N,0.000050,,,,641
N0058,N,0.000050,,,,641
N0059,N,0.000050,,,,641
N0060,N,0.000050,,,,641
N0061,N,0.000050,,,,641
N0062,N,0.000050,,,,641
N0063,N,0.000050,,,,641
N0064,N,0.000050,,,,641
N0065,N,0.000050,,,,641
N0066,N,0.000050,,,,641
N0067,N,0.000050,,,,641
N0068,N,0.000050,,,,641
N0069,N,0.000050,,,,641
N0070,N,0.000050,,,,641
N0071,N,0.000050,,,,641
N0072,N,0.000050,,,,641
N0073,N,0.000050,,,,641
N0074,N,0.000050,,,,641
N0075,N,0.000050,,,,641
N0076,N,0.000050,,,,641
N0077,N,0.000050,,,,641
N0078,N,0.000050,,,,641
N0079,N,0.000050,,,,641
N0080,N,0.000050,,,,641
N0081,N,0.000050,,,,641
N0082,N,0.000050,,,,641
N0083,N,0.000050,,,,641
N0084,N,0.000050,,,,641
N0085,N,0.000050,,,,641
N0086,N,0.000050,,,,641
N0087,N,0.000050,,,,641
N0088,N,0.000050,,,,641
N0089,N,0.000050,,,,641
N0090,N,0.000050,,,,641
N0091,N,0.000050,,,,641
N0092,N,0.000050,,,,641
N0093,N,0.000050,,,,641
N0094,N,0.000050,,,,641
N0095,N,0.000050,,,,641
N0096,N,0.000050,,,,641
N0097,N,0.000050,,,,641
N0098,N,0.000050,,,,641
N0099,N,0.000050,,,,641
N0100,N,0.000050,,,,641
N0101,N,0.000050,,,,641
N0102,N,0.000050,,,,641
N0103,N,0.000050,,,,641
N0104,N,0.000050,,,,641
N0105,N,0.000050,,,,641
N0106,N,0.000050,,,,641
N0107,N,0.000050,,,,641
N0108,N,0.000050,,,,641
N0109,N,0.000050,,,,641
N0110,N,0.000050,,,,641
N0111,N,0.000050,,,,641
N0112,N,0.000050,,,,641
N0113,N,0.000050,,,,641
N0114,N,0.000050,,,,641
N0115,N,0.000050,,,,641
N0116,N,0.000050,,,,641
N0117,N,0.000050,,,,641
N0118,N,0.000050,,,,641
N0119,N,0.000050,,,,641
N0120,N,0.000050,,,,641
N0121,N,0.000050,,,,641
N0122,N,0.000050,,,,641
N0123,N,0.000050,,,,641
N0124,N,0.000050,,,,641
N0125,N,0.000050,,,,641
N0126,N,0.000050,,,,641
N0127,N,0.000050,,,,641
N0128,N,0.000050,,,,641
N0129,N,0.000050,,,,641
N0130,N,0.000050,,,,641
N0131,N,0.000050,,,,641
N0132,N,0.000050,,,,641
N0133,N,0.000050,,,640,641
N0134,N,0.000050,,,,641
N0135,N,0.000050,,,,641
N0136,N,0.000050,,,,641
N0137,N,0.000050,,,,641
N0138,N,0.000050,,,,641
N0139,N,0.000050,,,,641
N0140,N,0.000050,,,,641
N0141,N,0.000050,,,,641
N0142,N,0.000050,,,,641
N0143,N,0.000050,,,,641
N0144,N,0.000050,,,,641
N0145,N,0.000050,,,640,641
N0146,N,0.000050,,,,641
N0147,N,0.000050,,,,641
N0148,N,0.000050,,,,641
N0149,N,0.000050,,,,641
N0150,N,0.000050,,,,641
N0151,N,0.000050,,,,641
N0152,N,0.000050,,,,641
N0153,N,0.000050,,,,641
N0154,N,0.000050,,,,641
N0155,N,0.000050,,,,641
N0156,N,0.000050,,,,641
N0157,N,0.000050,,,,641
N0158,N,0.000050,,,,641
N0159,N,0.000050,,,,641
N0160,N,0.000050,,,,641
N0161,N,0.000050,,,,641
N0162,N,0.000050,,,,641
N0163,N,0.000050,,,,641
N0164,N,0.000050,,,,641
N0165,N,0.000050,,,,641
N0166,N,0.000050,,,,641
N0167,N,0.000050,,,,641
N0168,N,0.000050,,,,641
N0169,N,0.000050,,,,641
N0170,N,0.000050,,,,641
N0171,N,0.000050,,,,641
N0172,N,0.000050,,,,641
N0173,N,0.000050,,,640,641
N0174,N,0.000050,,,,641
N0175,N,0.000050,,,640,641
N0176,N,0.000050,,,,641
N0177,N,0.000050,,,,641
N0178,N,0.000050,,,,641
N0179,N,0.000050,,,,641
N0180,N,0.000050,,,,641
N0181,N,0.000050,,,640,641
N0182,N,0.000050,,,,641
N0183,N,0.000050,,,,641
N0184,N,0.000050,,,,641
N0185,N,0.000050,,,,641
N0186,N,0.000050,,,,641
N0187,N,0.000050,,,,641
N0188,N,0.000050,,,,641
N0189,N,0.000050,,,,641
N0190,N,0.000050,,,,641
N0191,N,0.000050,,,,641
N0192,N,0.000050,,,,641
N0193,N,0.000050,,,,641
N0194,N,0.000050,,,,641
N0195,N,0.000050,,,,641
N0196,N,0.000050,,,,641
N0197,N,0.000050,,,,641
N0198,N,0.000050,,,,641
N0199,N,0.000050,,,,641
N0200,N,0.000050,,,,641
N0201,N,0.000050,,,640,641
N0202,N,0.000050,,,,641
N0203,N,0.000050,,,,641
N0204,N,0.000050,,,,641
N0205,N,0.000050,,,,641
N0206,N,0.000050,,,,641
N0207,N,0.000050,,,,641
N0208,N,0.000050,,,,641
N0209,N,0.000050,,,,641
N0210,N,0.000050,,,640,641
N0211,N,0.000050,,,,641
N0212,N,0.000050,,,,641
N0213,N,0.000050,,,,641
N0214,N,0.000050,,,,641
N0215,N,0.000050,,,,641
N0216,N,0.000050,,,,641
N0217,N,0.000050,,,640,641
N0218,N,0.000050,,,640,641
N0219,N,0.000050,,,,641
N0220,N,0.000050,,,,641
N0221,N,0.000050,,,,641
N0222,N,0.000050,,,,641
N0223,N,0.000050,,,,641
N0224,N,0.000050,,,,641
N0225,N,0.000050,,,,641
N0226,N,0.000050,,,,641
N0227,N,0.000050,,,,641
N0228,N,0.000050,,,,641
N0229,N,0.000050,,,,641
N0230,N,0.000050,,,,641
N0231,N,0.000050,,,,641
N0232,N,0.000050,,,,641
N0233,N,0.000050,,,640,641
N0234,N,0.000050,,,,641
N0235,N,0.000050,,,,641
N0236,N,0.000050,,,,641
N0237,N,0.000050,,,,641
N0238,N,0.000050,,,,641
N0239,N,0.000050,,,,641
N0240,N,0.000050,,,,641
N0241,N,0.000050,,,,641
N0242,N,0.000050,,,,641
N0243,N,0.000050,,,640,641
N0244,N,0.000050,,,,641
N0245,N,0.000050,,,640,641
N0246,N,0.000050,,,,641
N0247,N,0.000050,,,,641
N0248,N,0.000050,,,,641
N0249,N,0.000050,,,,641
N0250,N,0.000050,,,,641
N0251,N,0.000050,,,,641
N0252,N,0.000050,,,,641
N0253,N,0.000050,,,,641
N0254,N,0.000050,,,,641
N0255,N,0.000050,,,,641
N0256,N,0.000050,,,,641
N0257,N,0.000050,,,,641
N0258,N,0.000050,,,,641
N0259,N,0.000050,,,,641
N0260,N,0.000050,,,,641
N0261,N,0.000050,,,,641
N0262,N,0.000050,,,,641
N0263,N,0.000050,,,,641
N0264,N,0.000050,,,,641
N0265,N,0.000050,,,,641
N0266,N,0.000050,,,,641
N0267,N,0.000050,,,,641
N0268,N,0.000050,,,,641
N0269,N,0.000050,,,,641
N0270,N,0.000050,,,,641
N0271,N,0.000050,,,,641
N0272,N,0.000050,,,,641
N0273,N,0.000050,,,,641
N0274,N,0.000050,,,,641
N0275,N,0.000050,,,,641
N0276,N,0.000050,,,,641
N0277,N,0.000050,,,,641
N0278,N,0.000050,,,,641
N0279,N,0.000050,,,,641
N0280,N,0.000050,,,,641
N0281,N,0.000050,,,,641
N0282,N,0.000050,,,,641
N0283,N,0.000050,,,,641
N0284,N,0.000050,,,,641
N0285,N,0.000050,,,,641
N0286,N,0.000050,,,,641
N0287,N,0.000050,,,,641
N0288,N,0.000050,,,,641
N0289,N,0.000050,,,,641
N0290,N,0.000050,,,,641
N0291,N,0.000050,,,,641
N0292,N,0.000050,,,,641
N0293,N,0.000050,,,,641
N0294,N,0.000050,,,,641
N0295,N,0.000050,,,,641
N0296,N,0.000050,,,,641
N0297,N,0.000050,,,,641
N0298,N,0.000050,,,,641
N0299,N,0.000050,,,,641
N0300,N,0.000050,,,,641
N0301,N,0.000050,,,,641
N0302,N,0.000050,,,,641
N0303,N,0.000050,,,,641
N0304,N,0.000050,,,,641
N0305,N,0.000050,,,,641
N0306,N,0.000050,,,,641
N0307,N,0.000050,,,,641
N0308,N,0.000050,,,,641
N0309,N,0.000050,,,,641
N0310,N,0.000050,,,,641
N0311,N,0.000050,,,,641
N0312,N,0.000050,,,,641
N0313,N,0.000050,,,,641
N0314,N,0.000050,,,,641
N0315,N,0.000050,,,,641
N0316,N,0.000050,,,,641
N0317,N,0.000050,,,,641
N0318,N,0.000050,,,,641
N0319,N,0.000050,,,,641
N0320,N,0.000050,,,,641
N0321,N,0.000050,,,,641
N0322,N,0.000050,,,,641
N0323,N,0.000050,,,,641
N0324,N,0.000050,,,,641
N0325,N,0.000050,,,,641
N0326,N,0.000050,,,,641
N0327,N,0.000050,,,,641
N0328,N,0.000050,,,,641
N0329,N,0.000050,,,,641
N0330,N,0.000050,,,,641
N0331,N,0.000050,,,,641
N0332,N,0.000050,,,,641
N0333,N,0.000050,,,,641
N0334,N,0.000050,,,,641
N0335,N,0.000050,,,,641
N0336,N,0.000050,,,,641
N0337,N,0.000050,,,,641
N0338,N,0.000050,,,,641
N0339,N,0.000050,,,,641
N0340,N,0.000050,,,,641
N0341,N,0.000050,,,,641
N0342,N,0.000050,,,,641
N0343,N,0.000050,,,,641
N0344,N,0.000050,,,,641
N0345,N,0.000050,,,,641
N0346,N,0.000050,,,,641
N0347,N,0.000050,,,,641
N0348,N,0.000050,,,,641
N0349,N,0.000050,,,,641
N0350,N,0.000050,,,,641
N0351,N,0.000050,,,,641
N0352,N,0.000050,,,,641
N0353,N,0.000050,,,,641
N0354,N,0.000050,,,,641
N0355,N,0.000050,,,,641
N0356,N,0.000050,,,,641
N0357,N,0.000050,,,,641
N0358,N,0.000050,,,,641
N0359,N,0.000050,,,,641
N0360,N,0.000050,,,,641
N0361,N,0.000050,,,,641
N0362,N,0.000050,,,,641
N0363,N,0.000050,,,,641
N0364,N,0.000050,,,,641
N0365,N,0.000050,,,,641
N0366,N,0.000050,,,,641
N0367,N,0.000050,,,,641
N0368,N,0.000050,,,,641
N0369,N,0.000050,,,,641
N0370,N,0.000050,,,,641
N0371,N,0.000050,,,,641
N0372,N,0.000050,,,,641
N0373,N,0.000050,,,,641
N0374,N,0.000050,,,,641
N0375,N,0.000050,,,,641
N0376,N,0.000050,,,,641
N0377,N,0.000050,,,,641
N0378,N,0.000050,,,,641
N0379,N,0.000050,,,,641
N0380,N,0.000050,,,,641
N0381,N,0.000050,,,,641
N0382,N,0.000050,,,,641
N0383,N,0.000050,,,,641
N0384,N,0.000050,,,,641
N0385,N,0.000050,,,,641
N0386,N,0.000050,,,640,641
N0387,N,0.000050,,,,641
N0388,N,0.000050,,,,641
N0389,N,0.000050,,,,641
N0390,N,0.000050,,,,641
N0391,N,0.000050,,,640,641
N0392,N,0.000050,,,640,641
N0393,N,0.000050,,,,641
N0394,N,0.000050,,,,641
N0395,N,0.000050,,,,641
N0396,N,0.000050,,,,641
N0397,N,0.000050,,,,641
N0398,N,0.000050,,,,641
N0399,N,0.000050,,,,641
N0400,N,0.000050,,,,641
N0401,N,0.000050,,,,641
N0402,N,0.000050,,,,641
N0403,N,0.000050,,,,641
N0404,N,0.000050,,,,641
N0405,N,0.000050,,,,641
N0406,N,0.000050,,,,641
N0407,N,0.000050,,,,641
N0408,N,0.000050,,,,641
N0409,N,0.000050,,,,641
N0410,N,0.000050,,,,641
N0411,N,0.000050,,,,641
N0412,N,0.000050,,,,641
N0413,N,0.000050,,,,641
N0414,N,0.000050,,,,641
N0415,N,0.000050,,,,641
N0416,N,0.000050,,,,641
N0417,N,0.000050,,,,641
N0418,N,0.000050,,,,641
N0419,N,0.000050,,,,641
N0420,N,0.000050,,,,641
N0421,N,0.000050,,,,641
N0422,N,0.000050,,,,641
N0423,N,0.000050,,,,641
N0424,N,0.000050,,,,641
N0425,N,0.000050,,,,641
N0426,N,0.000050,,,,641
N0427,N,0.000050,,,,641
N0428,N,0.000050,,,,641
N0429,N,0.000050,,,,641
N0430,N,0.000050,,,,641
N0431,N,0.000050,,,,641
N0432,N,0.000050,,,,641
N0433,N,0.000050,,,,641
N0434,N,0.000050,,,,641
N0435,N,0.000050,,,,641
N0436,N,0.000050,,,,641
N0437,N,0.000050,,,,641
N0438,N,0.000050,,,,641
N0439,N,0.000050,,,,641
N0440,N,0.000050,,,,641
N0441,N,0.000050,,,,641
N0442,N,0.000050,,,,641
N0443,N,0.000050,,,,641
N0444,N,0.000050,,,,641
N0445,N,0.000050,,,,641
N0446,N,0.000050,,,,641
N0447,N,0.000050,,,,641
N0448,N,0.000050,,,,641
N0449,N,0.000050,,,,641
N0450,N,0.000050,,,,641
N0451,N,0.000050,,,,641
N0452,N,0.000050,,,,641
N0453,N,0.000050,,,,641
N0454,N,0.000050,,,,641
N0455,N,0.000050,,,,641
N0456,N,0.000050,,,640,641
N0457,N,0.000050,,,,641
N0458,N,0.000050,,,,641
N0459,N,0.000050,,,,641
N0460,N,0.000050,,,,641
N0461,N,0.000050,,,,641
N0462,N,0.000050,,,,641
N0463,N,0.000050,,,,641
N0464,N,0.000050,,,,641
N0465,N,0.000050,,,,641
N0466,N,0.000050,,,,641
N0467,N,0.000050,,,,641
N0468,N,0.000050,,,,641
N0469,N,0.000050,,,,641
N0470,N,0.000050,,,,641
N0471,N,0.000050,,,,641
N0472,N,0.000050,,,,641
N0473,N,0.000050,,,,641
N0474,N,0.000050,,,,641
N0475,N,0.000050,,,,641
N0476,N,0.000050,,,,641
N0477,N,0.000050,,,,641
N0478,N,0.000050,,,,641
N0479,N,0.000050,,,,641
N0480,N,0.000050,,,,641
N0481,N,0.000050,,,,641
N0482,N,0.000050,,,,641
N0483,N,0.000050,,,,641
N0484,N,0.000050,,,,641
N0485,N,0.000050,,,,641
N0486,N,0.000050,,,,641
N0487,N,0.000050,,,,641
N0488,N,0.000050,,,,641
N0489,N,0.000050,,,,641
N0490,N,0.000050,,,,641
N0491,N,0.000050,,,,641
N0492,N,0.000050,,,,641
N0493,N,0.000050,,,,641
N0494,N,0.000050,,,,641
N0495,N,0.000050,,,,641
N0496,N,0.000050,,,,641
N0497,N,0.000050,,,,641
N0498,N,0.000050,,,,641
N0499,N,0.000050,,,,641
N0500,N,0.000050,,,,641
N0501,N,0.000050,,,,641
N0502,N,0.000050,,,,641
N0503,N,0.000050,,,,641
N0504,N,0.000050,,,,641
N0505,N,0.000050,,,,641
N0506,N,0.000050,,,,641
N0507,N,0.000050,,,,641
N0508,N,0.000050,,,,641
N0509,N,0.000050,,,,641
N0510,N,0.000050,,,,641
N0511,N,0.000050,,,,641
N0512,N,0.000050,,,,641
N0513,N,0.000050,,,,641
N0514,N,0.000050,,,,641
N0515,N,0.000050,,,,641
N0516,N,0.000050,,,,641
N0517,N,0.000050,,,,641
N0518,N,0.000050,,,,641
N0519,N,0.000050,,,,641
N0520,N,0.000050,,,,641
N0521,N,0.000050,,,,641
N0522,N,0.000050,,,,641
N0523,N,0.000050,,,,641
N0524,N,0.000050,,,,641
N0525,N,0.000050,,,640,641
N0526,N,0.000050,,,,641
N0527,N,0.000050,,,,641
N0528,N,0.000050,,,,641
N0529,N,0.000050,,,640,641
N0530,N,0.000050,,,,641
N0531,N,0.000050,,,,641
N0532,N,0.000050,,,,641
N0533,N,0.000050,,,,641
N0534,N,0.000050,,,,641
N0535,N,0.000050,,,,641
N0536,N,0.000050,,,,641
N0537,N,0.000050,,,,641
N0538,N,0.000050,,,,641
N0539,N,0.000050,,,,641
N0540,N,0.000050,,,,641
N0541,N,0.000050,,,,641
N0542,N,0.000050,,,,641
N0543,N,0.000050,,,640,641
N0544,N,0.000050,,,640,641
N0545,N,0.000050,,,,641
N0546,N,0.000050,,,,641
N0547,N,0.000050,,,,641
N0548,N,0.000050,,,,641
N0549,N,0.000050,,,,641
N0550,N,0.000050,,,,641
N0551,N,0.000050,,,,641
N0552,N,0.000050,,,,641
N0553,N,0.000050,,,,641
N0554,N,0.000050,,,,641
N0555,N,0.000050,,,,641
N0556,N,0.000050,,,,641
N0557,N,0.000050,,,,641
N0558,N,0.000050,,,,641
N0559,N,0.000050,,,,641
N0560,N,0.000050,,,,641
N0561,N,0.000050,,,,641
N0562,N,0.000050,,,,641
N0563,N,0.000050,,,,641
N0564,N,0.000050,,,,641
N0565,N,0.000050,,,,641
N0566,N,0.000050,,,,641
N0567,N,0.000050,,,,641
N0568,N,0.000050,,,,641
N0569,N,0.000050,,,,641
N0570,N,0.000050,,,,641
N0571,N,0.000050,,,,641
N0572,N,0.000050,,,,641
N0573,N,0.000050,,,,641
N0574,N,0.000050,,,,641
N0575,N,0.000050,,,,641
N0576,N,0.000050,,,,641
N0577,N,0.000050,,,,641
N0578,N,0.000050,,,,641
N0579,N,0.000050,,,,641
N0580,N,0.000050,,,,641
N0581,N,0.000050,,,,641
N0582,N,0.000050,,,,641
N0583,N,0.000050,,,,641
N0584,N,0.000050,,,,641
N0585,N,0.000050,,,,641
N0586,N,0.000050,,,,641
N0587,N,0.000050,,,,641
N0588,N,0.000050,,,,641
N0589,N,0.000050,,,,641
N0590,N,0.000050,,,,641
N0591,N,0.000050,,,,641
N0592,N,0.000050,,,,641
N0593,N,0.000050,,,,641
N0594,N,0.000050,,,,641
N0595,N,0.000050,,,,641
N0596,N,0.000050,,,,641
N0597,N,0.000050,,,,641
N0598,N,0.000050,,,,641
N0599,N,0.000050,,,,641
N0600,N,0.000050,,,,641
N0601,N,0.000050,,,,641
N0602,N,0.000050,,,,641
N0603,N,0.000050,,,,641
N0604,N,0.000050,,,,641
N0605,N,0.000050,,,,641
N0606,N,0.000050,,,,641
N0607,N,0.000050,,,,641
N0608,N,0.000050,,,,641
N0609,N,0.000050,,,,641
N0610,N,0.000050,,,,641
N0611,N,0.000050,,,,641
N0612,N,0.000050,,,,641
N0613,N,0.000050,,,,641
N0614,N,0.000050,,,,641
N0615,N,0.000050,,,,641
N0616,N,0.000050,,,,641
N0617,N,0.000050,,,,641
N0618,N,0.000050,,,,641
N0619,N,0.000050,,,,641
N0620,N,0.000050,,,,641
N0621,N,0.000050,,,,641
N0622,N,0.000050,,,,641
N0623,N,0.000050,,,,641
N0624,N,0.000050,,,640,641
N0625,N,0.000050,,,,641
N0626,N,0.000050,,,,641
N0627,N,0.000050,,,,641
N0628,N,0.000050,,,,641
N0629,N,0.000050,,,,641
N0630,N,0.000050,,,,641
N0631,N,0.000050,,,,641
N0632,N,0.000050,,,,641
N0633,N,0.000050,,,,641
N0634,N,0.000050,,,,641
N0635,N,0.000050,,,,641
N0636,N,0.000050,,,,641
N0637,N,0.000050,,,,641
N0638,N,0.000050,,,,641
N0639,N,0.000050,,,,641
N0640,N,0.000050,,,,641
N0641,N,0.000050,,,,641
N0642,N,0.000050,,,,641
N0643,N,0.000050,,,,641
N0644,N,0.000050,,,,641
N0645,N,0.000050,,,,641
N0646,N,0.000050,,,,641
N0647,N,0.000050,,,,641
N0648,N,0.000050,,,,641
N0649,N,0.000050,,,,641
N0650,N,0.000050,,,,641
N0651,N,0.000050,,,,641
N0652,N,0.000050,,,,641
N0653,N,0.000050,,,,641
N0654,N,0.000050,,,,641
N0655,N,0.000050,,,,641
N0656,N,0.000050,,,,641
N0657,N,0.000050,,,,641
N0658,N,0.000050,,,,641
N0659,N,0.000050,,,,641
N0660,N,0.000050,,,,641
N0661,N,0.000050,,,,641
N0662,N,0.000050,,,640,641
N0663,N,0.000050,,,,641
N0664,N,0.000050,,,640,641
N0665,N,0.000050,,,,641
N0666,N,0.000050,,,640,641
N0667,N,0.000050,,,,641
N0668,N,0.000050,,,,641
N0669,N,0.000050,,,,641
N0670,N,0.000050,,,,641
N0671,N,0.000050,,,,641
N0672,N,0.000050,,,,641
N0673,N,0.000050,,,640,641
N0674,N,0.000050,,,,641
N0675,N,0.000050,,,,641
N0676,N,0.000050,,,,641
N0677,N,0.000050,,,,641
N0678,N,0.000050,,,,641
N0679,N,0.000050,,,,641
N0680,N,0.000050,,,,641
N0681,N,0.000050,,,,641
N0682,N,0.000050,,,,641
N0683,N,0.000050,,,,641
N0684,N,0.000050,,,,641
N0685,N,0.000050,,,,641
N0686,N,0.000050,,,,641
N0687,N,0.000050,,,,641
N0688,N,0.000050,,,,641
N0689,N,0.000050,,,,641
N0690,N,0.000050,,,,641
N0691,N,0.000050,,,,641
N0692,N,0.000050,,,,641
N0693,N,0.000050,,,,641
N0694,N,0.000050,,,,641
N0695,N,0.000050,,,,641
N0696,N,0.000050,,,,641
N0697,N,0.000050,,,,641
N0698,N,0.000050,,,,641
N0699,N,0.000050,,,,641
N0700,N,0.000050,,,,641
N0701,N,0.000050,,,,641
N0702,N,0.000050,,,,641
N0703,N,0.000050,,,,641
N0704,N,0.000050,,,,641
N0705,N,0.000050,,,,641
N0706,N,0.000050,,,,641
N0707,N,0.000050,,,,641
N0708,N,0.000050,,,,641
N0709,N,0.000050,,,,641
N0710,N,0.000050,,,,641
N0711,N,0.000050,,,,641
N0712,N,0.000050,,,,641
N0713,N,0.000050,,,,641
N0714,N,0.000050,,,,641
N0715,N,0.000050,,,,641
N0716,N,0.000050,,,,641
N0717,N,0.000050,,,,641
N0718,N,0.000050,,,,641
N0719,N,0.000050,,,,641
N0720,N,0.000050,,,,641
N0721,N,0.000050,,,,641
N0722,N,0.000050,,,,641
N0723,N,0.000050,,,,641
N0724,N,0.000050,,,,641
N0725,N,0.000050,,,,641
N0726,N,0.000050,,,,641
N0727,N,0.000050,,,,641
N0728,N,0.000050,,,,641
N0729,N,0.000050,,,640,641
N0730,N,0.000050,,,,641
N0731,N,0.000050,,,,641
N0732,N,0.000050,,,,641
N0733,N,0.000050,,,,641
N0734,N,0.000050,,,,641
N0735,N,0.000050,,,,641
N0736,N,0.000050,,,,641
N0737,N,0.000050,,,,641
N0738,N,0.000050,,,,641
N0739,N,0.000050,,,,641
N0740,N,0.000050,,,,641
N0741,N,0.000050,,,,641
N0742,N,0.000050,,,,641
N0743,N,0.000050,,,,641
N0744,N,0.000050,,,,641
N0745,N,0.000050,,,,641
N0746,N,0.000050,,,,641
N0747,N,0.000050,,,,641
N0748,N,0.000050,,,,641
N0749,N,0.000050,,,,641
N0750,N,0.000050,,,,641
N0751,N,0.000050,,,,641
N0752,N,0.000050,,,,641
N0753,N,0.000050,,,,641
N0754,N,0.000050,,,,641
N0755,N,0.000050,,,,641
N0756,N,0.000050,,,,641
N0757,N,0.000050,,,,641
N0758,N,0.000050,,,,641
N0759,N,0.000050,,,,641
N0760,N,0.000050,,,,641
N0761,N,0.000050,,,,641
N0762,N,0.000050,,,,641
N0763,N,0.000050,,,,641
N0764,N,0.000050,,,,641
N0765,N,0.000050,,,,641
N0766,N,0.000050,,,,641
N0767,N,0.000050,,,,641
N0768,N,0.000050,,,640,641
N0769,N,0.000050,,,640,641
N0770,N,0.000050,,,,641
N0771,N,0.000050,,,,641
N0772,N,0.000050,,,,641
N0773,N,0.000050,,,,641
N0774,N,0.000050,,,,641
N0775,N,0.000050,,,,641
N0776,N,0.000050,,,,641
N0777,N,0.000050,,,,641
N0778,N,0.000050,,,,641
N0779,N,0.000050,,,,641
N0780,N,0.000050,,,,641
N0781,N,0.000050,,,,641
N0782,N,0.000050,,,,641
N0783,N,0.000050,,,,641
N0784,N,0.000050,,,,641
N0785,N,0.000050,,,,641
N0786,N,0.000050,,,,641
N0787,N,0.000050,,,,641
N0788,N,0.000050,,,,641
N0789,N,0.000050,,,,641
N0790,N,0.000050,,,,641
N0791,N,0.000050,,,,641
N0792,N,0.000050,,,,641
N0793,N,0.000050,,,,641
N0794,N,0.000050,,,,641
N0795,N,0.000050,,,,641
N0796,N,0.000050,,,,641
N0797,N,0.000050,,,,641
N0798,N,0.000050,,,,641
N0799,N,0.000050,,,,641
N0800,N,0.000050,,,,641
N0801,N,0.000050,,,,641
N0802,N,0.000050,,,,641
N0803,N,0.000050,,,,641
N0804,N,0.000050,,,,641
N0805,N,0.000050,,,,641
N0806,N,0.000050,,,,641
N0807,N,0.000050,,,,641
N0808,N,0.000050,,,,641
N0809,N,0.000050,,,,641
N0810,N,0.000050,,,,641
N0811,N,0.000050,,,,641
N0812,N,0.000050,,,,641
N0813,N,0.000050,,,,641
N0814,N,0.000050,,,,641
N0815,N,0.000050,,,,641
N0816,N,0.000050,,,,641
N0817,N,0.000050,,,,641
N0818,N,0.000050,,,640,641
N0819,N,0.000050,,,,641
N0820,N,0.000050,,,,641
N0821,N,0.000050,,,,641
N0822,N,0.000050,,,,641
N0823,N,0.000050,,,,641
N0824,N,0.000050,,,640,641
N0825,N,0.000050,,,,641
N0826,N,0.000050,,,,641
N0827,N,0.000050,,,,641
N0828,N,0.000050,,,,641
N0829,N,0.000050,,,,641
N0830,N,0.000050,,,,641
N0831,N,0.000050,,,640,641
N0832,N,0.000050,,,,641
N0833,N,0.000050,,,,641
N0834,N,0.000050,,,,641
N0835,N,0.000050,,,,641
N0836,N,0.000050,,,,641
N0837,N,0.000050,,,,641
N0838,N,0.000050,,,,641
N0839,N,0.000050,,,,641
N0840,N,0.000050,,,,641
N0841,N,0.000050,,,,641
N0842,N,0.000050,,,,641
N0843,N,0.000050,,,,641
N0844,N,0.000050,,,,641
N0845,N,0.000050,,,,641
N0846,N,0.000050,,,,641
N0847,N,0.000050,,,,641
N0848,N,0.000050,,,,641
N0849,N,0.000050,,,,641
N0850,N,0.000050,,,,641
N0851,N,0.000050,,,,641
N0852,N,0.000050,,,,641
N0853,N,0.000050,,,,641
N0854,N,0.000050,,,640,641
N0855,N,0.000050,,,,641
N0856,N,0.000050,,,,641
N0857,N,0.000050,,,,641
N0858,N,0.000050,,,,641
N0859,N,0.000050,,,,641
N0860,N,0.000050,,,,641
N0861,N,0.000050,,,,641
N0862,N,0.000050,,,,641
N0863,N,0.000050,,,,641
N0864,N,0.000050,,,,641
N0865,N,0.000050,,,,641
N0866,N,0.000050,,,,641
N0867,N,0.000050,,,,641
N0868,N,0.000050,,,,641
N0869,N,0.000050,,,,641
N0870,N,0.000050,,,,641
N0871,N,0.000050,,,,641
N0872,N,0.000050,,,,641
N0873,N,0.000050,,,,641
N0874,N,0.000050,,,,641
N0875,N,0.000050,,,,641
N0876,N,0.000050,,,,641
N0877,N,0.000050,,,,641
N0878,N,0.000050,,,,641
N0879,N,0.000050,,,,641
N0880,N,0.000050,,,,641
N0881,N,0.000050,,,,641
N0882,N,0.000050,,,,641
N0883,N,0.000050,,,,641
N0884,N,0.000050,,,,641
N0885,N,0.000050,,,,641
N0886,N,0.000050,,,,641
N0887,N,0.000050,,,,641
N0888,N,0.000050,,,,641
N0889,N,0.000050,,,,641
N0890,N,0.000050,,,,641
N0891,N,0.000050,,,,641
N0892,N,0.000050,,,,641
N0893,N,0.000050,,,,641
N0894,N,0.000050,,,,641
N0895,N,0.000050,,,,641
N0896,N,0.000050,,,,641
N0897,N,0.000050,,,,641
N0898,N,0.000050,,,,641
N0899,N,0.000050,,,,641
N0900,N,0.000050,,,,641
N0901,N,0.000050,,,,641
N0902,N,0.000050,,,,641
N0903,N,0.000050,,,,641
N0904,N,0.000050,,,,641
N0905,N,0.000050,,,,641
N0906,N,0.000050,,,,641
N0907,N,0.000050,,,,641
N0908,N,0.000050,,,,641
N0909,N,0.000050,,,,641
N0910,N,0.000050,,,,641
N0911,N,0.000050,,,,641
N0912,N,0.000050,,,,641
N0913,N,0.000050,,,,641
N0914,N,0.000050,,,,641
N0915,N,0.000050,,,,641
N0916,N,0.000050,,,,641
N0917,N,0.000050,,,,641
N0918,N,0.000050,,,,641
N0919,N,0.000050,,,,641
N0920,N,0.000050,,,,641
N0921,N,0.000050,,,,641
N0922,N,0.000050,,,,641
N0923,N,0.000050,,,,641
N0924,N,0.000050,,,640,641
N0925,N,0.000050,,,,641
N0926,N,0.000050,,,,641
N0927,N,0.000050,,,,641
N0928,N,0.000050,,,,641
N0929,N,0.000050,,,,641
N0930,N,0.000050,,,,641
N0931,N,0.000050,,,,641
N0932,N,0.000050,,,,641
N0933,N,0.000050,,,,641
N0934,N,0.000050,,,,641
N0935,N,0.000050,,,,641
N0936,N,0.000050,,,,641
N0937,N,0.000050,,,,641
N0938,N,0.000050,,,,641
N0939,N,0.000050,,,,641
N0940,N,0.000050,,,,641
N0941,N,0.000050,,,,641
N0942,N,0.000050,,,,641
N0943,N,0.000050,,,,641
N0944,N,0.000050,,,,641
N0945,N,0.000050,,,,641
N0946,N,0.000050,,,,641
N0947,N,0.000050,,,,641
N0948,N,0.000050,,,,641
N0949,N,0.000050,,,,641
N0950,N,0.000050,,,,641
N0951,N,0.000050,,,,641
N0952,N,0.000050,,,,641
N0953,N,0.000050,,,,641
N0954,N,0.000050,,,,641
N0955,N,0.000050,,,,641
N0956,N,0.000050,,,,641
N0957,N,0.000050,,,,641
N0958,N,0.000050,,,,641
N0959,N,0.000050,,,,641
N0960,N,0.000050,,,,641
N0961,N,0.000050,,,,641
N0962,N,0.000050,,,,641
N0963,N,0.000050,,,,641
N0964,N,0.000050,,,,641
N0965,N,0.000050,,,,641
N0966,N,0.000050,,,,641
N0967,N,0.000050,,,,641
N0968,N,0.000050,,,,641
N0969,N,0.000050,,,,641
N0970,N,0.000050,,,,641
N0971,N,0.000050,,,,641
N0972,N,0.000050,,,,641
N0973,N,0.000050,,,,641
N0974,N,0.000050,,,,641
N0975,N,0.000050,,,,641
N0976,N,0.000050,,,,641
N0977,N,0.000050,,,,641
N0978,N,0.000050,,,,641
N0979,N,0.000050,,,,641
N0980,N,0.000050,,,640,641
N0981,N,0.000050,,,,641
N0982,N,0.000050,,,,641
N0983,N,0.000050,,,,641
N0984,N,0.000050,,,,641
N0985,N,0.000050,,,,641
N0986,N,0.000050,,,,641
N0987,N,0.000050,,,,641
N0988,N,0.000050,,,,641
N0989,N,0.000050,,,,641
N0990,N,0.000050,,,,641
N0991,N,0.000050,,,,641
N0992,N,0.000050,,,,641
N0993,N,0.000050,,,,641
N0994,N,0.000050,,,,641
N0995,N,0.000050,,,,641
N0996,N,0.000050,,,,641
N0997,N,0.000050,,,,641
N0998,N,0.000050,,,,641
N0999,N,0.000050,,,,641
N1000,N,0.000050,,,,641
N1001,N,0.000050,,,,641
N1002,N,0.000050,,,,641
N1003,N,0.000050,,,,641
N1004,N,0.000050,,,,641
N1005,N,0.000050,,,,641
N1006,N,0.000050,,,,641
N1007,N,0.000050,,,,641
N1008,N,0.000050,,,,641
N1009,N,0.000050,,,,641
N1010,N,0.000050,,,,641
N1011,N,0.000050,,,,641
N1012,N,0.000050,,,,641
N1013,N,0.000050,,,,641
N1014,N,0.000050,,,,641
N1015,N,0.000050,,,,641
N1016,N,0.000050,,,,641
N1017,N,0.000050,,,,641
N1018,N,0.000050,,,,641
N1019,N,0.000050,,,,641
N1020,N,0.000050,,,,641
N1021,N,0.000050,,,,641
N1022,N,0.000050,,,,641
N1023,N,0.000050,,,,641
N1024,N,0.000050,,,,641
N1025,N,0.000050,,,,641
N1026,N,0.000050,,,,641
N1027,N,0.000050,,,,641
N1028,N,0.000050,,,,641
N1029,N,0.000050,,,,641
N1030,N,0.000050,,,,641
N1031,N,0.000050,,,,641
N1032,N,0.000050,,,,641
N1033,N,0.000050,,,,641
N1034,N,0.000050,,,,641
N1035,N,0.000050,,,,641
N1036,N,0.000050,,,,641
N1037,N,0.000050,,,,641
N1038,N,0.000050,,,,641
N1039,N,0.000050,,,,641
N1040,N,0.000050,,,,641
N1041,N,0.000050,,,,641
N1042,N,0.000050,,,,641
N1043,N,0.000050,,,,641
N1044,N,0.000050,,,,641
N1045,N,0.000050,,,,641
N1046,N,0.000050,,,,641
N1047,N,0.000050,,,,641
N1048,N,0.000050,,,,641
N1049,N,0.000050,,,,641
N1050,N,0.000050,,,,641
N1051,N,0.000050,,,,641
N1052,N,0.000050,,,,641
N1053,N,0.000050,,,,641
N1054,N,0.000050,,,,641
N1055,N,0.000050,,,,641
N1056,N,0.000050,,,,641
N1057,N,0.000050,,,,641
N1058,N,0.000050,,,,641
N1059,N,0.000050,,,,641
N1060,N,0.000050,,,,641
N1061,N,0.000050,,,,641
N1062,N,0.000050,,,,641
N1063,N,0.000050,,,,641
N1064,N,0.000050,,,,641
N1065,N,0.000050,,,,641
N1066,N,0.000050,,,,641
N1067,N,0.000050,,,,641
N1068,N,0.000050,,,,641
N1069,N,0.000050,,,,641
N1070,N,0.000050,,,,641
N1071,N,0.000050,,,,641
N1072,N,0.000050,,,,641
N1073,N,0.000050,,,640,641
N1074,N,0.000050,,,,641
N1075,N,0.000050,,,,641
N1076,N,0.000050,,,,641
N1077,N,0.000050,,,,641
N1078,N,0.000050,,,,641
N1079,N,0.000050,,,,641
N1080,N,0.000050,,,,641
N1081,N,0.000050,,,,641
N1082,N,0.000050,,,,641
N1083,N,0.000050,,,,641
N1084,N,0.000050,,,,641
N1085,N,0.000050,,,,641
N1086,N,0.000050,,,,641
N1087,N,0.000050,,,,641
N1088,N,0.000050,,,,641
N1089,N,0.000050,,,,641
N1090,N,0.000050,,,,641
N1091,N,0.000050,,,,641
N1092,N,0.000050,,,,641
N1093,N,0.000050,,,,641
N1094,N,0.000050,,,,641
N1095,N,0.000050,,,,641
N1096,N,0.000050,,,,641
N1097,N,0.000050,,,,641
N1098,N,0.000050,,,,641
N1099,N,0.000050,,,,641
N1100,N,0.000050,,,,641
N1101,N,0.000050,,,,641
N1102,N,0.000050,,,,641
N1103,N,0.000050,,,,641
N1104,N,0.000050,,,,641
N1105,N,0.000050,,,,641
N1106,N,0.000050,,,,641
N1107,N,0.000050,,,,641
N1108,N,0.000050,,,,641
N1109,N,0.000050,,,,641
N1110,N,0.000050,,,,641
N1111,N,0.000050,,,,641
N1112,N,0.000050,,,,641
N1113,N,0.000050,,,,641
N1114,N,0.000050,,,,641
N1115,N,0.000050,,,,641
N1116,N,0.000050,,,,641
N1117,N,0.000050,,,,641
N1118,N,0.000050,,,,641
N1119,N,0.000050,,,,641
N1120,N,0.000050,,,,641
N1121,N,0.000050,,,640,641
N1122,N,0.000050,,,,641
N1123,N,0.000050,,,,641
N1124,N,0.000050,,,,641
N1125,N,0.000050,,,,641
N1126,N,0.000050,,,,641
N1127,N,0.000050,,,,641
N1128,N,0.000050,,,640,641
N1129,N,0.000050,,,,641
N1130,N,0.000050,,,,641
N1131,N,0.000050,,,,641
N1132,N,0.000050,,,,641
N1133,N,0.000050,,,,641
N1134,N,0.000050,,,,641
N1135,N,0.000050,,,640,641
N1136,N,0.000050,,,,641
N1137,N,0.000050,,,,641
N1138,N,0.000050,,,,641
N1139,N,0.000050,,,,641
N1140,N,0.000050,,,,641
N1141,N,0.000050,,,,641
N1142,N,0.000050,,,,641
N1143,N,0.000050,,,,641
N1144,N,0.000050,,,640,641
N1145,N,0.000050,,,,641
N1146,N,0.000050,,,,641
N1147,N,0.000050,,,,641
N1148,N,0.000050,,,,641
N1149,N,0.000050,,,,641
N1150,N,0.000050,,,,641
N1151,N,0.000050,,,,641
N1152,N,0.000050,,,,641
N1153,N,0.000050,,,,641
N1154,N,0.000050,,,,641
N1155,N,0.000050,,,,641
N1156,N,0.000050,,,,641
N1157,N,0.000050,,,,641
N1158,N,0.000050,,,,641
N1159,N,0.000050,,,,641
N1160,N,0.000050,,,,641
N1161,N,0.000050,,,,641
N1162,N,0.000050,,,,641
N1163,N,0.000050,,,,641
N1164,N,0.000050,,,,641
N1165,N,0.000050,,,,641
N1166,N,0.000050,,,,641
N1167,N,0.000050,,,,641
N1168,N,0.000050,,,,641
N1169,N,0.000050,,,,641
N1170,N,0.000050,,,,641
N1171,N,0.000050,,,,641
N1172,N,0.000050,,,,641
N1173,N,0.000050,,,,641
N1174,N,0.000050,,,,641
N1175,N,0.000050,,,,641
N1176,N,0.000050,,,,641
N1177,N,0.000050,,,,641
N1178,N,0.000050,,,,641
N1179,N,0.000050,,,,641
N1180,N,0.000050,,,,641
N1181,N,0.000050,,,,641
N1182,N,0.000050,,,,641
N1183,N,0.000050,,,,641
N1184,N,0.000050,,,,641
N1185,N,0.000050,,,,641
N1186,N,0.000050,,,,641
N1187,N,0.000050,,,,641
N1188,N,0.000050,,,,641
N1189,N,0.000050,,,,641
N1190,N,0.000050,,,,641
N1191,N,0.000050,,,,641
N1192,N,0.000050,,,,641
N1193,N,0.000050,,,,641
N1194,N,0.000050,,,,641
N1195,N,0.000050,,,,641
N1196,N,0.000050,,,,641
N1197,N,0.000050,,,,641
N1198,N,0.000050,,,,641
N1199,N,0.000050,,,,641
N1200,N,0.000050,,,,641
N1201,N,0.000050,,,,641
N1202,N,0.000050,,,,641
N1203,N,0.000050,,,,641
N1204,N,0.000050,,,,641
N1205,N,0.000050,,,,641
N1206,N,0.000050,,,,641
N1207,N,0.000050,,,,641
N1208,N,0.000050,,,,641
N1209,N,0.000050,,,,641
N1210,N,0.000050,,,,641
N1211,N,0.000050,,,,641
N1212,N,0.000050,,,,641
N1213,N,0.000050,,,,641
N1214,N,0.000050,,,,641
N1215,N,0.000050,,,,641
N1216,N,0.000050,,,,641
N1217,N,0.000050,,,,641
N1218,N,0.000050,,,,641
N1219,N,0.000050,,,,641
N1220,N,0.000050,,,,641
N1221,N,0.000050,,,,641
N1222,N,0.000050,,,,641
N1223,N,0.000050,,,,641
N1224,N,0.000050,,,,641
N1225,N,0.000050,,,,641
N1226,N,0.000050,,,,641
N1227,N,0.000050,,,,641
N1228,N,0.000050,,,,641
N1229,N,0.000050,,,,641
N1230,N,0.000050,,,,641
N1231,N,0.000050,,,,641
N1232,N,0.000050,,,,641
N1233,N,0.000050,,,,641
N1234,N,0.000050,,,,641
N1235,N,0.000050,,,,641
N1236,N,0.000050,,,,641
N1237,N,0.000050,,,,641
N1238,N,0.000050,,,,641
N1239,N,0.000050,,,,641
N1240,N,0.000050,,,,641
N1241,N,0.000050,,,,641
N1242,N,0.000050,,,,641
N1243,N,0.000050,,,,641
N1244,N,0.000050,,,,641
N1245,N,0.000050,,,,641
N1246,N,0.000050,,,,641
N1247,N,0.000050,,,,641
N1248,N,0.000050,,,,641
N1249,N,0.000050,,,,641
N1250,N,0.000050,,,,641
N1251,N,0.000050,,,,641
N1252,N,0.000050,,,,641
N1253,N,0.000050,,,,641
N1254,N,0.000050,,,,641
N1255,N,0.000050,,,,641
N1256,N,0.000050,,,,641
N1257,N,0.000050,,,,641
N1258,N,0.000050,,,,641
N1259,N,0.000050,,,,641
N1260,N,0.000050,,,,641
N1261,N,0.000050,,,,641
N1262,N,0.000050,,,,641
N1263,N,0.000050,,,640,641
N1264,N,0.000050,,,,641
N1265,N,0.000050,,,,641
N1266,N,0.000050,,,,641
N1267,N,0.000050,,,,641
N1268,N,0.000050,,,,641
N1269,N,0.000050,,,,641
N1270,N,0.000050,,,,641
N1271,N,0.000050,,,,641
N1272,N,0.000050,,,,641
N1273,N,0.000050,,,,641
N1274,N,0.000050,,,,641
N1275,N,0.000050,,,,641
N1276,N,0.000050,,,,641
N1277,N,0.000050,,,,641
N1278,N,0.000050,,,,641
N1279,N,0.000050,,,,641
N1280,N,0.000050,,,,641
N1281,N,0.000050,,,,641
N1282,N,0.000050,,,,641
N1283,N,0.000050,,,,641
N1284,N,0.000050,,,,641
N1285,N,0.000050,,,,641
N1286,N,0.000050,,,640,641
N1287,N,0.000050,,,,641
N1288,N,0.000050,,,,641
N1289,N,0.000050,,,,641
N1290,N,0.000050,,,,641
N1291,N,0.000050,,,,641
N1292,N,0.000050,,,,641
N1293,N,0.000050,,,,641
N1294,N,0.000050,,,,641
N1295,N,0.000050,,,,641
N1296,N,0.000050,,,,641
N1297,N,0.000050,,,,641
N1298,N,0.000050,,,,641
N1299,N,0.000050,,,,641
N1300,N,0.000050,,,,641
N1301,N,0.000050,,,,641
N1302,N,0.000050,,,,641
N1303,N,0.000050,,,,641
N1304,N,0.000050,,,,641
N1305,N,0.000050,,,,641
N1306,N,0.000050,,,640,641
N1307,N,0.000050,,,,641
N1308,N,0.000050,,,,641
N1309,N,0.000050,,,,641
N1310,N,0.000050,,,,641
N1311,N,0.000050,,,,641
N1312,N,0.000050,,,,641
N1313,N,0.000050,,,,641
N1314,N,0.000050,,,,641
N1315,N,0.000050,,,,641
N1316,N,0.000050,,,,641
N1317,N,0.000050,,,,641
N1318,N,0.000050,,,,641
N1319,N,0.000050,,,,641
N1320,N,0.000050,,,,641
N1321,N,0.000050,,,,641
N1322,N,0.000050,,,,641
N1323,N,0.000050,,,,641
N1324,N,0.000050,,,,641
N1325,N,0.000050,,,,641
N1326,N,0.000050,,,,641
N1327,N,0.000050,,,,641
N1328,N,0.000050,,,,641
N1329,N,0.000050,,,,641
N1330,N,0.000050,,,,641
N1331,N,0.000050,,,,641
N1332,N,0.000050,,,,641
N1333,N,0.000050,,,,641
N1334,N,0.000050,,,,641
N1335,N,0.000050,,,,641
N1336,N,0.000050,,,,641
N1337,N,0.000050,,,,641
N1338,N,0.000050,,,,641
N1339,N,0.000050,,,,641
N1340,N,0.000050,,,,641
N1341,N,0.000050,,,,641
N1342,N,0.000050,,,,641
N1343,N,0.000050,,,,641
N1344,N,0.000050,,,,641
N1345,N,0.000050,,,,641
N1346,N,0.000050,,,,641
N1347,N,0.000050,,,,641
N1348,N,0.000050,,,,641
N1349,N,0.000050,,,,641
N1350,N,0.000050,,,,641
N1351,N,0.000050,,,,641
N1352,N,0.000050,,,,641
N1353,N,0.000050,,,,641
N1354,N,0.000050,,,640,641
N1355,N,0.000050,,,,641
N1356,N,0.000050,,,,641
N1357,N,0.000050,,,,641
N1358,N,0.000050,,,,641
N1359,N,0.000050,,,,641
N1360,N,0.000050,,,,641
N1361,N,0.000050,,,,641
N1362,N,0.000050,,,,641
N1363,N,0.000050,,,,641
N1364,N,0.000050,,,,641
N1365,N,0.000050,,,,641
N1366,N,0.000050,,,,641
N1367,N,0.000050,,,,641
N1368,N,0.000050,,,,641
N1369,N,0.000050,,,,641
N1370,N,0.000050,,,,641
N1371,N,0.000050,,,,641
N1372,N,0.000050,,,,641
N1373,N,0.000050,,,,641
N1374,N,0.000050,,,,641
N1375,N,0.000050,,,,641
N1376,N,0.000050,,,,641
N1377,N,0.000050,,,,641
N1378,N,0.000050,,,,641
N1379,N,0.000050,,,,641
N1380,N,0.000050,,,,641
N1381,N,0.000050,,,,641
N1382,N,0.000050,,,,641
N1383,N,0.000050,,,,641
N1384,N,0.000050,,,,641
N1385,N,0.000050,,,,641
N1386,N,0.000050,,,,641
N1387,N,0.000050,,,,641
N1388,N,0.000050,,,640,641
N1389,N,0.000050,,,,641
N1390,N,0.000050,,,,641
N1391,N,0.000050,,,,641
N1392,N,0.000050,,,,641
N1393,N,0.000050,,,,641
N1394,N,0.000050,,,,641
N1395,N,0.000050,,,,641
N1396,N,0.000050,,,,641
N1397,N,0.000050,,,,641
N1398,N,0.000050,,,,641
N1399,N,0.000050,,,,641
N1400,N,0.000050,,,,641
N1401,N,0.000050,,,,641
N1402,N,0.000050,,,,641
N1403,N,0.000050,,,,641
N1404,N,0.000050,,,,641
N1405,N,0.000050,,,,641
N1406,N,0.000050,,,,641
N1407,N,0.000050,,,,641
N1408,N,0.000050,,,,641
N1409,N,0.000050,,,,641
N1410,N,0.000050,,,,641
N1411,N,0.000050,,,,641
N1412,N,0.000050,,,,641
N1413,N,0.000050,,,,641
N1414,N,0.000050,,,,641
N1415,N,0.000050,,,,641
N1416,N,0.000050,,,,641
N1417,N,0.000050,,,,641
N1418,N,0.000050,,,,641
N1419,N,0.000050,,,,641
N1420,N,0.000050,,,,641
N1421,N,0.000050,,,,641
N1422,N,0.000050,,,,641
N1423,N,0.000050,,,,641
N1424,N,0.000050,,,,641
N1425,N,0.000050,,,,641
N1426,N,0.000050,,,,641
N1427,N,0.000050,,,,641
N1428,N,0.000050,,,,641
N1429,N,0.000050,,,,641
N1430,N,0.000050,,,,641
N1431,N,0.000050,,,,641
N1432,N,0.000050,,,,641
N1433,N,0.000050,,,,641
N1434,N,0.000050,,,,641
N1435,N,0.000050,,,,641
N1436,N,0.000050,,,,641
N1437,N,0.000050,,,,641
N1438,N,0.000050,,,,641
N1439,N,0.000050,,,,641
N1440,N,0.000050,,,,641
N1441,N,0.000050,,,,641
N1442,N,0.000050,,,,641
N1443,N,0.000050,,,640,641
N1444,N,0.000050,,,,641
N1445,N,0.000050,,,,641
N1446,N,0.000050,,,,641
N1447,N,0.000050,,,,641
N1448,N,0.000050,,,,641
N1449,N,0.000050,,,,641
N1450,N,0.000050,,,,641
N1451,N,0.000050,,,,641
N1452,N,0.000050,,,,641
N1453,N,0.000050,,,,641
N1454,N,0.000050,,,,641
N1455,N,0.000050,,,640,641
N1456,N,0.000050,,,,641
N1457,N,0.000050,,,,641
N1458,N,0.000050,,,,641
N1459,N,0.000050,,,,641
N1460,N,0.000050,,,640,641
N1461,N,0.000050,,,,641
N1462,N,0.000050,,,,641
N1463,N,0.000050,,,,641
N1464,N,0.000050,,,,641
N1465,N,0.000050,,,,641
N1466,N,0.000050,,,,641
N1467,N,0.000050,,,,641
N1468,N,0.000050,,,,641
N1469,N,0.000050,,,,641
N1470,N,0.000050,,,,641
N1471,N,0.000050,,,,641
N1472,N,0.000050,,,640,641
N1473,N,0.000050,,,,641
N1474,N,0.000050,,,,641
N1475,N,0.000050,,,,641
N1476,N,0.000050,,,,641
N1477,N,0.000050,,,,641
N1478,N,0.000050,,,,641
N1479,N,0.000050,,,,641
N1480,N,0.000050,,,,641
N1481,N,0.000050,,,,641
N1482,N,0.000050,,,,641
N1483,N,0.000050,,,,641
N1484,N,0.000050,,,,641
N1485,N,0.000050,,,,641
N1486,N,0.000050,,,640,641
N1487,N,0.000050,,,,641
N1488,N,0.000050,,,,641
N1489,N,0.000050,,,,641
N1490,N,0.000050,,,,641
N1491,N,0.000050,,,,641
N1492,N,0.000050,,,,641
N1493,N,0.000050,,,,641
N1494,N,0.000050,,,,641
N1495,N,0.000050,,,,641
N1496,N,0.000050,,,,641
N1497,N,0.000050,,,,641
N1498,N,0.000050,,,,641
N1499,N,0.000050,,,,641
N1500,N,0.000050,,,,641
N1501,N,0.000050,,,,641
N1502,N,0.000050,,,,641
N1503,N,0.000050,,,,641
N1504,N,0.000050,,,,641
N1505,N,0.000050,,,,641
N1506,N,0.000050,,,,641
N1507,N,0.000050,,,,641
N1508,N,0.000050,,,,641
N1509,N,0.000050,,,,641
N1510,N,0.000050,,,,641
N1511,N,0.000050,,,,641
N1512,N,0.000050,,,,641
N1513,N,0.000050,,,,641
N1514,N,0.000050,,,,641
N1515,N,0.000050,,,,641
N1516,N,0.000050,,,,641
N1517,N,0.000050,,,,641
N1518,N,0.000050,,,,641
N1519,N,0.000050,,,,641
N1520,N,0.000050,,,,641
N1521,N,0.000050,,,,641
N1522,N,0.000050,,,,641
N1523,N,0.000050,,,,641
N1524,N,0.000050,,,,641
N1525,N,0.000050,,,,641
N1526,N,0.000050,,,,641
N1527,N,0.000050,,,,641
N1528,N,0.000050,,,,641
N1529,N,0.000050,,,,641
N1530,N,0.000050,,,,641
N1531,N,0.000050,,,,641
N1532,N,0.000050,,,,641
N1533,N,0.000050,,,,641
N1534,N,0.000050,,,,641
N1535,N,0.000050,,,,641
N1536,N,0.000050,,,,641
N1537,N,0.000050,,,,641
N1538,N,0.000050,,,,641
N1539,N,0.000050,,,,641
N1540,N,0.000050,,,,641
N1541,N,0.000050,,,,641
N1542,N,0.000050,,,,641
N1543,N,0.000050,,,,641
N1544,N,0.000050,,,,641
N1545,N,0.000050,,,,641
N1546,N,0.000050,,,,641
N1547,N,0.000050,,,,641
N1548,N,0.000050,,,,641
N1549,N,0.000050,,,,641
N1550,N,0.000050,,,,641
N1551,N,0.000050,,,,641
N1552,N,0.000050,,,,641
N1553,N,0.000050,,,,641
N1554,N,0.000050,,,640,641
N1555,N,0.000050,,,,641
N1556,N,0.000050,,,,641
N1557,N,0.000050,,,,641
N1558,N,0.000050,,,,641
N1559,N,0.000050,,,,641
N1560,N,0.000050,,,,641
N1561,N,0.000050,,,,641
N1562,N,0.000050,,,,641
N1563,N,0.000050,,,,641
N1564,N,0.000050,,,,641
N1565,N,0.000050,,,,641
N1566,N,0.000050,,,,641
N1567,N,0.000050,,,,641
N1568,N,0.000050,,,,641
N1569,N,0.000050,,,,641
N1570,N,0.000050,,,,641
N1571,N,0.000050,,,,641
N1572,N,0.000050,,,,641
N1573,N,0.000050,,,,641
N1574,N,0.000050,,,,641
N1575,N,0.000050,,,,641
N1576,N,0.000050,,,,641
N1577,N,0.000050,,,,641
N1578,N,0.000050,,,,641
N1579,N,0.000050,,,,641
N1580,N,0.000050,,,,641
N1581,N,0.000050,,,,641
N1582,N,0.000050,,,,641
N1583,N,0.000050,,,,641
N1584,N,0.000050,,,,641
N1585,N,0.000050,,,,641
N1586,N,0.000050,,,,641
N1587,N,0.000050,,,,641
N1588,N,0.000050,,,,641
N1589,N,0.000050,,,,641
N1590,N,0.000050,,,,641
N1591,N,0.000050,,,,641
N1592,N,0.000050,,,,641
N1593,N,0.000050,,,,641
N1594,N,0.000050,,,,641
N1595,N,0.000050,,,,641
N1596,N,0.000050,,,,641
N1597,N,0.000050,,,,641
N1598,N,0.000050,,,,641
N1599,N,0.000050,,,,641
N1600,N,0.000050,,,,641
N1601,N,0.000050,,,,641
N1602,N,0.000050,,,,641
N1603,N,0.000050,,,,641
N1604,N,0.000050,,,,641
N1605,N,0.000050,,,,641
N1606,N,0.000050,,,,641
N1607,N,0.000050,,,,641
N1608,N,0.000050,,,,641
N1609,N,0.000050,,,,641
N1610,N,0.000050,,,,641
N1611,N,0.000050,,,,641
N1612,N,0.000050,,,,641
N1613,N,0.000050,,,,641
N1614,N,0.000050,,,,641
N1615,N,0.000050,,,,641
N1616,N,0.000050,,,,641
N1617,N,0.000050,,,,641
N1618,N,0.000050,,,,641
N1619,N,0.000050,,,,641
N1620,N,0.000050,,,,641
N1621,N,0.000050,,,,641
N1622,N,0.000050,,,,641
N1623,N,0.000050,,,,641
N1624,N,0.000050,,,,641
N1625,N,0.000050,,,,641
N1626,N,0.000050,,,,641
N1627,N,0.000050,,,640,641
N1628,N,0.000050,,,,641
N1629,N,0.000050,,,,641
N1630,N,0.000050,,,,641
N1631,N,0.000050,,,,641
N1632,N,0.000050,,,,641
N1633,N,0.000050,,,,641
N1634,N,0.000050,,,,641
N1635,N,0.000050,,,,641
N1636,N,0.000050,,,,641
N1637,N,0.000050,,,,641
N1638,N,0.000050,,,,641
N1639,N,0.000050,,,,641
N1640,N,0.000050,,,,641
N1641,N,0.000050,,,,641
N1642,N,0.000050,,,,641
N1643,N,0.000050,,,,641
N1644,N,0.000050,,,,641
N1645,N,0.000050,,,,641
N1646,N,0.000050,,,640,641
N1647,N,0.000050,,,,641
N1648,N,0.000050,,,,641
N1649,N,0.000050,,,,641
N1650,N,0.000050,,,,641
N1651,N,0.000050,,,,641
N1652,N,0.000050,,,640,641
N1653,N,0.000050,,,,641
N1654,N,0.000050,,,640,641
N1655,N,0.000050,,,,641
N1656,N,0.000050,,,,641
N1657,N,0.000050,,,,641
N1658,N,0.000050,,,,641
N1659,N,0.000050,,,,641
N1660,N,0.000050,,,,641
N1661,N,0.000050,,,,641
N1662,N,0.000050,,,,641
N1663,N,0.000050,,,,641
N1664,N,0.000050,,,,641
N1665,N,0.000050,,,,641
N1666,N,0.000050,,,,641
N1667,N,0.000050,,,,641
N1668,N,0.000050,,,640,641
N1669,N,0.000050,,,,641
N1670,N,0.000050,,,,641
N1671,N,0.000050,,,,641
N1672,N,0.000050,,,,641
N1673,N,0.000050,,,,641
N1674,N,0.000050,,,,641
N1675,N,0.000050,,,,641
N1676,N,0.000050,,,,641
N1677,N,0.000050,,,640,641
N1678,N,0.000050,,,,641
N1679,N,0.000050,,,,641
N1680,N,0.000050,,,,641
N1681,N,0.000050,,,,641
N1682,N,0.000050,,,,641
N1683,N,0.000050,,,,641
N1684,N,0.000050,,,,641
N1685,N,0.000050,,,,641
N1686,N,0.000050,,,,641
N1687,N,0.000050,,,,641
N1688,N,0.000050,,,,641
N1689,N,0.000050,,,640,641
N1690,N,0.000050,,,,641
N1691,N,0.000050,,,,641
N1692,N,0.000050,,,,641
N1693,N,0.000050,,,,641
N1694,N,0.000050,,,,641
N1695,N,0.000050,,,,641
N1696,N,0.000050,,,,641
N1697,N,0.000050,,,,641
N1698,N,0.000050,,,,641
N1699,N,0.000050,,,,641
N1700,N,0.000050,,,,641
N1701,N,0.000050,,,,641
N1702,N,0.000050,,,,641
N1703,N,0.000050,,,,641
N1704,N,0.000050,,,,641
N1705,N,0.000050,,,,641
N1706,N,0.000050,,,,641
N1707,N,0.000050,,,,641
N1708,N,0.000050,,,,641
N1709,N,0.000050,,,,641
N1710,N,0.000050,,,,641
N1711,N,0.000050,,,,641
N1712,N,0.000050,,,,641
N1713,N,0.000050,,,,641
N1714,N,0.000050,,,,641
N1715,N,0.000050,,,,641
N1716,N,0.000050,,,,641
N1717,N,0.000050,,,,641
N1718,N,0.000050,,,,641
N1719,N,0.000050,,,,641
N1720,N,0.000050,,,,641
N1721,N,0.000050,,,,641
N1722,N,0.000050,,,640,641
N1723,N,0.000050,,,,641
N1724,N,0.000050,,,,641
N1725,N,0.000050,,,,641
N1726,N,0.000050,,,,641
N1727,N,0.000050,,,,641
N1728,N,0.000050,,,,641
N1729,N,0.000050,,,,641
N1730,N,0.000050,,,,641
N1731,N,0.000050,,,,641
N1732,N,0.000050,,,,641
N1733,N,0.000050,,,,641
N1734,N,0.000050,,,,641
N1735,N,0.000050,,,,641
N1736,N,0.000050,,,,641
N1737,N,0.000050,,,,641
N1738,N,0.000050,,,,641
N1739,N,0.000050,,,,641
N1740,N,0.000050,,,,641
N1741,N,0.000050,,,,641
N1742,N,0.000050,,,,641
N1743,N,0.000050,,,,641
N1744,N,0.000050,,,,641
N1745,N,0.000050,,,,641
N1746,N,0.000050,,,,641
N1747,N,0.000050,,,,641
N1748,N,0.000050,,,,641
N1749,N,0.000050,,,,641
N1750,N,0.000050,,,,641
N1751,N,0.000050,,,,641
N1752,N,0.000050,,,,641
N1753,N,0.000050,,,,641
N1754,N,0.000050,,,,641
N1755,N,0.000050,,,,641
N1756,N,0.000050,,,,641
N1757,N,0.000050,,,,641
N1758,N,0.000050,,,,641
N1759,N,0.000050,,,,641
N1760,N,0.000050,,,,641
N1761,N,0.000050,,,,641
N1762,N,0.000050,,,,641
N1763,N,0.000050,,,,641
N1764,N,0.000050,,,,641
N1765,N,0.000050,,,,641
N1766,N,0.000050,,,,641
N1767,N,0.000050,,,,641
N1768,N,0.000050,,,,641
N1769,N,0.000050,,,,641
N1770,N,0.000050,,,,641
N1771,N,0.000050,,,,641
N1772,N,0.000050,,,,641
N1773,N,0.000050,,,,641
N1774,N,0.000050,,,,641
N1775,N,0.000050,,,,641
N1776,N,0.000050,,,,641
N1777,N,0.000050,,,,641
N1778,N,0.000050,,,,641
N1779,N,0.000050,,,,641
N1780,N,0.000050,,,,641
N1781,N,0.000050,,,,641
N1782,N,0.000050,,,,641
N1783,N,0.000050,,,,641
N1784,N,0.000050,,,,641
N1785,N,0.000050,,,,641
N1786,N,0.000050,,,,641
N1787,N,0.000050,,,640,641
N1788,N,0.000050,,,,641
N1789,N,0.000050,,,,641
N1790,N,0.000050,,,,641
N1791,N,0.000050,,,,641
N1792,N,0.000050,,,,641
N1793,N,0.000050,,,,641
N1794,N,0.000050,,,,641
N1795,N,0.000050,,,,641
N1796,N,0.000050,,,,641
N1797,N,0.000050,,,,641
N1798,N,0.000050,,,640,641
N1799,N,0.000050,,,,641
N1800,N,0.000050,,,,641
N1801,N,0.000050,,,,641
N1802,N,0.000050,,,,641
N1803,N,0.000050,,,,641
N1804,N,0.000050,,,,641
N1805,N,0.000050,,,,641
N1806,N,0.000050,,,,641
N1807,N,0.000050,,,,641
N1808,N,0.000050,,,,641
N1809,N,0.000050,,,,641
N1810,N,0.000050,,,640,641
N1811,N,0.000050,,,,641
N1812,N,0.000050,,,,641
N1813,N,0.000050,,,,641
N1814,N,0.000050,,,,641
N1815,N,0.000050,,,,641
N1816,N,0.000050,,,,641
N1817,N,0.000050,,,,641
N1818,N,0.000050,,,,641
N1819,N,0.000050,,,,641
N1820,N,0.000050,,,,641
N1821,N,0.000050,,,640,641
N1822,N,0.000050,,,,641
N1823,N,0.000050,,,,641
N1824,N,0.000050,,,,641
N1825,N,0.000050,,,,641
N1826,N,0.000050,,,,641
N1827,N,0.000050,,,,641
N1828,N,0.000050,,,,641
N1829,N,0.000050,,,,641
N1830,N,0.000050,,,640,641
N1831,N,0.000050,,,,641
N1832,N,0.000050,,,,641
N1833,N,0.000050,,,,641
N1834,N,0.000050,,,,641
N1835,N,0.000050,,,,641
N1836,N,0.000050,,,,641
N1837,N,0.000050,,,640,641
N1838,N,0.000050,,,,641
N1839,N,0.000050,,,640,641
N1840,N,0.000050,,,,641
N1841,N,0.000050,,,,641
N1842,N,0.000050,,,,641
N1843,N,0.000050,,,,641
N1844,N,0.000050,,,,641
N1845,N,0.000050,,,640,641
N1846,N,0.000050,,,,641
N1847,N,0.000050,,,,641
N1848,N,0.000050,,,,641
N1849,N,0.000050,,,,641
N1850,N,0.000050,,,640,641
N1851,N,0.000050,,,,641
N1852,N,0.000050,,,,641
N1853,N,0.000050,,,,641
N1854,N,0.000050,,,,641
N1855,N,0.000050,,,,641
N1856,N,0.000050,,,,641
N1857,N,0.000050,,,640,641
N1858,N,0.000050,,,,641
N1859,N,0.000050,,,,641
N1860,N,0.000050,,,,641
N1861,N,0.000050,,,,641
N1862,N,0.000050,,,,641
N1863,N,0.000050,,,,641
N1864,N,0.000050,,,,641
N1865,N,0.000050,,,,641
N1866,N,0.000050,,,,641
N1867,N,0.000050,,,,641
N1868,N,0.000050,,,,641
N1869,N,0.000050,,,,641
N1870,N,0.000050,,,,641
N1871,N,0.000050,,,,641
N1872,N,0.000050,,,,641
N1873,N,0.000050,,,,641
N1874,N,0.000050,,,,641
N1875,N,0.000050,,,,641
N1876,N,0.000050,,,,641
N1877,N,0.000050,,,,641
N1878,N,0.000050,,,,641
N1879,N,0.000050,,,,641
N1880,N,0.000050,,,,641
N1881,N,0.000050,,,,641
N1882,N,0.000050,,,,641
N1883,N,0.000050,,,,641
N1884,N,0.000050,,,,641
N1885,N,0.000050,,,,641
N1886,N,0.000050,,,,641
N1887,N,0.000050,,,,641
N1888,N,0.000050,,,,641
N1889,N,0.000050,,,,641
N1890,N,0.000050,,,,641
N1891,N,0.000050,,,,641
N1892,N,0.000050,,,,641
N1893,N,0.000050,,,,641
N1894,N,0.000050,,,,641
N1895,N,0.000050,,,,641
N1896,N,0.000050,,,,641
N1897,N,0.000050,,,,641
N1898,N,0.000050,,,,641
N1899,N,0.000050,,,,641
N1900,N,0.000050,,,,641
N1901,N,0.000050,,,,641
N1902,N,0.000050,,,,641
N1903,N,0.000050,,,,641
N1904,N,0.000050,,,,641
N1905,N,0.000050,,,,641
N1906,N,0.000050,,,,641
N1907,N,0.000050,,,,641
N1908,N,0.000050,,,,641
N1909,N,0.000050,,,,641
N1910,N,0.000050,,,,641
N1911,N,0.000050,,,,641
N1912,N,0.000050,,,,641
N1913,N,0.000050,,,,641
N1914,N,0.000050,,,,641
N1915,N,0.000050,,,640,641
N1916,N,0.000050,,,,641
N1917,N,0.000050,,,,641
N1918,N,0.000050,,,,641
N1919,N,0.000050,,,,641
N1920,N,0.000050,,,,641
N1921,N,0.000050,,,,641
N1922,N,0.000050,,,,641
N1923,N,0.000050,,,,641
N1924,N,0.000050,,,,641
N1925,N,0.000050,,,,641
N1926,N,0.000050,,,,641
N1927,N,0.000050,,,,641
N1928,N,0.000050,,,,641
N1929,N,0.000050,,,,641
N1930,N,0.000050,,,,641
N1931,N,0.000050,,,,641
N1932,N,0.000050,,,,641
N1933,N,0.000050,,,,641
N1934,N,0.000050,,,,641
N1935,N,0.000050,,,,641
N1936,N,0.000050,,,,641
N1937,N,0.000050,,,,641
N1938,N,0.000050,,,,641
N1939,N,0.000050,,,,641
N1940,N,0.000050,,,,641
N1941,N,0.000050,,,,641
N1942,N,0.000050,,,,641
N1943,N,0.000050,,,,641
N1944,N,0.000050,,,,641
N1945,N,0.000050,,,,641
N1946,N,0.000050,,,,641
N1947,N,0.000050,,,,641
N1948,N,0.000050,,,,641
N1949,N,0.000050,,,,641
N1950,N,0.000050,,,,641
N1951,N,0.000050,,,,641
N1952,N,0.000050,,,,641
N1953,N,0.000050,,,,641
N1954,N,0.000050,,,,641
N1955,N,0.000050,,,,641
N1956,N,0.000050,,,,641
N1957,N,0.000050,,,,641
N1958,N,0.000050,,,,641
N1959,N,0.000050,,,,641
N1960,N,0.000050,,,,641
N1961,N,0.000050,,,,641
N1962,N,0.000050,,,,641
N1963,N,0.000050,,,,641
N1964,N,0.000050,,,,641
N1965,N,0.000050,,,,641
N1966,N,0.000050,,,,641
N1967,N,0.000050,,,,641
N1968,N,0.000050,,,,641
N1969,N,0.000050,,,,641
N1970,N,0.000050,,,,641
N1971,N,0.000050,,,,641
N1972,N,0.000050,,,,641
N1973,N,0.000050,,,,641
N1974,N,0.000050,,,,641
N1975,N,0.000050,,,,641
N1976,N,0.000050,,,,641
N1977,N,0.000050,,,,641
N1978,N,0.000050,,,,641
N1979,N,0.000050,,,,641
N1980,N,0.000050,,,,641
N1981,N,0.000050,,,,641
N1982,N,0.000050,,,,641
N1983,N,0.000050,,,,641
N1984,N,0.000050,,,640,641
N1985,N,0.000050,,,,641
N1986,N,0.000050,,,,641
N1987,N,0.000050,,,,641
N1988,N,0.000050,,,,641
N1989,N,0.000050,,,,641
N1990,N,0.000050,,,,641
N1991,N,0.000050,,,,641
N1992,N,0.000050,,,640,641
N1993,N,0.000050,,,,641
N1994,N,0.000050,,,,641
N1995,N,0.000050,,,,641
N1996,N,0.000050,,,,641
N1997,N,0.000050,,,,641
N1998,N,0.000050,,,,641
N1999,N,0.000050,,,,641
N2000,N,0.000050,,,,641
N2001,N,0.000050,,,,641
N2002,N,0.000050,,,,641
N2003,N,0.000050,,,,641
N2004,N,0.000050,,,,641
N2005,N,0.000050,,,,641
N2006,N,0.000050,,,,641
N2007,N,0.000050,,,,641
N2008,N,0.000050,,,,641
N2009,N,0.000050,,,,641
N2010,N,0.000050,,,,641
N2011,N,0.000050,,,,641
N2012,N,0.000050,,,,641
N2013,N,0.000050,,,,641
N2014,N,0.000050,,,,641
N2015,N,0.000050,,,,641
N2016,N,0.000050,,,,641
N2017,N,0.000050,,,,641
N2018,N,0.000050,,,,641
N2019,N,0.000050,,,,641
N2020,N,0.000050,,,,641
N2021,N,0.000050,,,,641
N2022,N,0.000050,,,640,641
N2023,N,0.000050,,,,641
N2024,N,0.000050,,,,641
N2025,N,0.000050,,,,641
N2026,N,0.000050,,,,641
N2027,N,0.000050,,,,641
N2028,N,0.000050,,,,641
N2029,N,0.000050,,,,641
N2030,N,0.000050,,,,641
N2031,N,0.000050,,,,641
N2032,N,0.000050,,,,641
N2033,N,0.000050,,,,641
N2034,N,0.000050,,,,641
N2035,N,0.000050,,,,641
N2036,N,0.000050,,,,641
N2037,N,0.000050,,,,641
N2038,N,0.000050,,,,641
N2039,N,0.000050,,,,641
N2040,N,0.000050,,,,641
N2041,N,0.000050,,,,641
N2042,N,0.000050,,,,641
N2043,N,0.000050,,,,641
N2044,N,0.000050,,,,641
N2045,N,0.000050,,,640,641
N2046,N,0.000050,,,,641
N2047,N,0.000050,,,,641
N2048,N,0.000050,,,,641
N2049,N,0.000050,,,,641
N2050,N,0.000050,,,,641
N2051,N,0.000050,,,,641
N2052,N,0.000050,,,,641
N2053,N,0.000050,,,,641
N2054,N,0.000050,,,,641
N2055,N,0.000050,,,,641
N2056,N,0.000050,,,,641
N2057,N,0.000050,,,,641
N2058,N,0.000050,,,,641
N2059,N,0.000050,,,,641
N2060,N,0.000050,,,,641
N2061,N,0.000050,,,,641
N2062,N,0.000050,,,,641
N2063,N,0.000050,,,,641
N2064,N,0.000050,,,,641
N2065,N,0.000050,,,,641
N2066,N,0.000050,,,,641
N2067,N,0.000050,,,640,641
N2068,N,0.000050,,,,641
N2069,N,0.000050,,,,641
N2070,N,0.000050,,,,641
N2071,N,0.000050,,,,641
N2072,N,0.000050,,,,641
N2073,N,0.000050,,,,641
N2074,N,0.000050,,,,641
N2075,N,0.000050,,,,641
N2076,N,0.000050,,,,641
N2077,N,0.000050,,,,641
N2078,N,0.000050,,,,641
N2079,N,0.000050,,,,641
N2080,N,0.000050,,,,641
N2081,N,0.000050,,,,641
N2082,N,0.000050,,,,641
N2083,N,0.000050,,,,641
N2084,N,0.000050,,,,641
N2085,N,0.000050,,,,641
N2086,N,0.000050,,,,641
N2087,N,0.000050,,,,641
N2088,N,0.000050,,,,641
N2089,N,0.000050,,,,641
N2090,N,0.000050,,,,641
N2091,N,0.000050,,,,641
N2092,N,0.000050,,,,641
N2093,N,0.000050,,,,641
N2094,N,0.000050,,,,641
N2095,N,0.000050,,,,641
N2096,N,0.000050,,,,641
N2097,N,0.000050,,,,641
N2098,N,0.000050,,,,641
N2099,N,0.000050,,,,641
N2100,N,0.000050,,,,641
N2101,N,0.000050,,,,641
N2102,N,0.000050,,,,641
N2103,N,0.000050,,,,641
N2104,N,0.000050,,,,641
N2105,N,0.000050,,,,641
N2106,N,0.000050,,,,641
N2107,N,0.000050,,,,641
N2108,N,0.000050,,,640,641
N2109,N,0.000050,,,,641
N2110,N,0.000050,,,,641
N2111,N,0.000050,,,,641
N2112,N,0.000050,,,,641
N2113,N,0.000050,,,,641
N2114,N,0.000050,,,,641
N2115,N,0.000050,,,,641
N2116,N,0.000050,,,,641
N2117,N,0.000050,,,,641
N2118,N,0.000050,,,,641
N2119,N,0.000050,,,,641
N2120,N,0.000050,,,,641
N2121,N,0.000050,,,,641
N2122,N,0.000050,,,,641
N2123,N,0.000050,,,,641
N2124,N,0.000050,,,,641
N2125,N,0.000050,,,,641
N2126,N,0.000050,,,,641
N2127,N,0.000050,,,,641
N2128,N,0.000050,,,,641
N2129,N,0.000050,,,,641
N2130,N,0.000050,,,640,641
N2131,N,0.000050,,,,641
N2132,N,0.000050,,,,641
N2133,N,0.000050,,,,641
N2134,N,0.000050,,,,641
N2135,N,0.000050,,,,641
N2136,N,0.000050,,,,641
N2137,N,0.000050,,,,641
N2138,N,0.000050,,,,641
N2139,N,0.000050,,,,641
N2140,N,0.000050,,,,641
N2141,N,0.000050,,,,641
N2142,N,0.000050,,,,641
N2143,N,0.000050,,,640,641
N2144,N,0.000050,,,,641
N2145,N,0.000050,,,,641
N2146,N,0.000050,,,,641
N2147,N,0.000050,,,,641
N2148,N,0.000050,,,,641
N2149,N,0.000050,,,,641
N2150,N,0.000050,,,,641
N2151,N,0.000050,,,,641
N2152,N,0.000050,,,,641
N2153,N,0.000050,,,,641
N2154,N,0.000050,,,,641
N2155,N,0.000050,,,,641
N2156,N,0.000050,,,,641
N2157,N,0.000050,,,,641
N2158,N,0.000050,,,,641
N2159,N,0.000050,,,,641
N2160,N,0.000050,,,,641
N2161,N,0.000050,,,,641
N2162,N,0.000050,,,,641
N2163,N,0.000050,,,,641
N2164,N,0.000050,,,,641
N2165,N,0.000050,,,,641
N2166,N,0.000050,,,,641
N2167,N,0.000050,,,,641
N2168,N,0.000050,,,,641
N2169,N,0.000050,,,,641
N2170,N,0.000050,,,,641
N2171,N,0.000050,,,,641
N2172,N,0.000050,,,,641
N2173,N,0.000050,,,,641
N2174,N,0.000050,,,,641
N2175,N,0.000050,,,,641
N2176,N,0.000050,,,640,641
N2177,N,0.000050,,,,641
N2178,N,0.000050,,,,641
N2179,N,0.000050,,,,641
N2180,N,0.000050,,,,641
N2181,N,0.000050,,,,641
N2182,N,0.000050,,,,641
N2183,N,0.000050,,,,641
N2184,N,0.000050,,,,641
N2185,N,0.000050,,,,641
N2186,N,0.000050,,,,641
N2187,N,0.000050,,,,641
N2188,N,0.000050,,,,641
N2189,N,0.000050,,,,641
N2190,N,0.000050,,,,641
N2191,N,0.000050,,,,641
N2192,N,0.000050,,,,641
N2193,N,0.000050,,,,641
N2194,N,0.000050,,,,641
N2195,N,0.000050,,,,641
N2196,N,0.000050,,,,641
N2197,N,0.000050,,,,641
N2198,N,0.000050,,,,641
N2199,N,0.000050,,,,641
N2200,N,0.000050,,,,641
N2201,N,0.000050,,,,641
N2202,N,0.000050,,,,641
N2203,N,0.000050,,,,641
N2204,N,0.000050,,,,641
N2205,N,0.000050,,,,641
N2206,N,0.000050,,,,641
N2207,N,0.000050,,,,641
N2208,N,0.000050,,,,641
N2209,N,0.000050,,,,641
N2210,N,0.000050,,,,641
N2211,N,0.000050,,,,641
N2212,N,0.000050,,,,641
N2213,N,0.000050,,,,641
N2214,N,0.000050,,,,641
N2215,N,0.000050,,,,641
N2216,N,0.000050,,,,641
N2217,N,0.000050,,,,641
N2218,N,0.000050,,,,641
N2219,N,0.000050,,,,641
N2220,N,0.000050,,,,641
N2221,N,0.000050,,,,641
N2222,N,0.000050,,,,641
N2223,N,0.000050,,,,641
N2224,N,0.000050,,,,641
N2225,N,0.000050,,,,641
N2226,N,0.000050,,,,641
N2227,N,0.000050,,,,641
N2228,N,0.000050,,,,641
N2229,N,0.000050,,,,641
N2230,N,0.000050,,,,641
N2231,N,0.000050,,,,641
N2232,N,0.000050,,,,641
N2233,N,0.000050,,,,641
N2234,N,0.000050,,,,641
N2235,N,0.000050,,,,641
N2236,N,0.000050,,,,641
N2237,N,0.000050,,,,641
N2238,N,0.000050,,,,641
N2239,N,0.000050,,,,641
N2240,N,0.000050,,,,641
N2241,N,0.000050,,,,641
N2242,N,0.000050,,,,641
N2243,N,0.000050,,,,641
N2244,N,0.000050,,,,641
N2245,N,0.000050,,,,641
N2246,N,0.000050,,,,641
N2247,N,0.000050,,,,641
N2248,N,0.000050,,,,641
N2249,N,0.000050,,,,641
N2250,N,0.000050,,,,641
N2251,N,0.000050,,,,641
N2252,N,0.000050,,,640,641
N2253,N,0.000050,,,,641
N2254,N,0.000050,,,,641
N2255,N,0.000050,,,640,641
N2256,N,0.000050,,,,641
N2257,N,0.000050,,,,641
N2258,N,0.000050,,,,641
N2259,N,0.000050,,,,641
N2260,N,0.000050,,,,641
N2261,N,0.000050,,,,641
N2262,N,0.000050,,,,641
N2263,N,0.000050,,,,641
N2264,N,0.000050,,,,641
N2265,N,0.000050,,,,641
N2266,N,0.000050,,,,641
N2267,N,0.000050,,,,641
N2268,N,0.000050,,,,641
N2269,N,0.000050,,,,641
N2270,N,0.000050,,,,641
N2271,N,0.000050,,,,641
N2272,N,0.000050,,,,641
N2273,N,0.000050,,,,641
N2274,N,0.000050,,,,641
N2275,N,0.000050,,,,641
N2276,N,0.000050,,,,641
N2277,N,0.000050,,,,641
N2278,N,0.000050,,,,641
N2279,N,0.000050,,,,641
N2280,N,0.000050,,,,641
N2281,N,0.000050,,,,641
N2282,N,0.000050,,,,641
N2283,N,0.000050,,,,641
N2284,N,0.000050,,,,641
N2285,N,0.000050,,,,641
N2286,N,0.000050,,,,641
N2287,N,0.000050,,,,641
N2288,N,0.000050,,,,641
N2289,N,0.000050,,,,641
N2290,N,0.000050,,,,641
N2291,N,0.000050,,,,641
N2292,N,0.000050,,,,641
N2293,N,0.000050,,,,641
N2294,N,0.000050,,,,641
N2295,N,0.000050,,,,641
N2296,N,0.000050,,,,641
N2297,N,0.000050,,,,641
N2298,N,0.000050,,,,641
N2299,N,0.000050,,,,641
N2300,N,0.000050,,,,641
N2301,N,0.000050,,,,641
N2302,N,0.000050,,,,641
N2303,N,0.000050,,,,641
N2304,N,0.000050,,,,641
N2305,N,0.000050,,,,641
N2306,N,0.000050,,,,641
N2307,N,0.000050,,,,641
N2308,N,0.000050,,,,641
N2309,N,0.000050,,,,641
N2310,N,0.000050,,,,641
N2311,N,0.000050,,,,641
N2312,N,0.000050,,,,641
N2313,N,0.000050,,,,641
N2314,N,0.000050,,,,641
N2315,N,0.000050,,,,641
N2316,N,0.000050,,,,641
N2317,N,0.000050,,,,641
N2318,N,0.000050,,,,641
N2319,N,0.000050,,,,641
N2320,N,0.000050,,,,641
N2321,N,0.000050,,,,641
N2322,N,0.000050,,,,641
N2323,N,0.000050,,,,641
N2324,N,0.000050,,,,641
N2325,N,0.000050,,,,641
N2326,N,0.000050,,,,641
N2327,N,0.000050,,,,641
N2328,N,0.000050,,,,641
N2329,N,0.000050,,,,641
N2330,N,0.000050,,,,641
N2331,N,0.000050,,,,641
N2332,N,0.000050,,,,641
N2333,N,0.000050,,,,641
N2334,N,0.000050,,,,641
N2335,N,0.000050,,,,641
N2336,N,0.000050,,,,641
N2337,N,0.000050,,,,641
N2338,N,0.000050,,,,641
N2339,N,0.000050,,,,641
N2340,N,0.000050,,,,641
N2341,N,0.000050,,,,641
N2342,N,0.000050,,,,641
N2343,N,0.000050,,,,641
N2344,N,0.000050,,,,641
N2345,N,0.000050,,,,641
N2346,N,0.000050,,,,641
N2347,N,0.000050,,,,641
N2348,N,0.000050,,,,641
N2349,N,0.000050,,,,641
N2350,N,0.000050,,,,641
N2351,N,0.000050,,,,641
N2352,N,0.000050,,,,641
N2353,N,0.000050,,,,641
N2354,N,0.000050,,,,641
N2355,N,0.000050,,,,641
N2356,N,0.000050,,,640,641
N2357,N,0.000050,,,,641
N2358,N,0.000050,,,,641
N2359,N,0.000050,,,,641
N2360,N,0.000050,,,,641
N2361,N,0.000050,,,,641
N2362,N,0.000050,,,,641
N2363,N,0.000050,,,,641
N2364,N,0.000050,,,,641
N2365,N,0.000050,,,,641
N2366,N,0.000050,,,,641
N2367,N,0.000050,,,,641
N2368,N,0.000050,,,,641
N2369,N,0.000050,,,,641
N2370,N,0.000050,,,,641
N2371,N,0.000050,,,,641
N2372,N,0.000050,,,,641
N2373,N,0.000050,,,,641
N2374,N,0.000050,,,,641
N2375,N,0.000050,,,,641
N2376,N,0.000050,,,,641
N2377,N,0.000050,,,,641
N2378,N,0.000050,,,,641
N2379,N,0.000050,,,,641
N2380,N,0.000050,,,,641
N2381,N,0.000050,,,,641
N2382,N,0.000050,,,,641
N2383,N,0.000050,,,,641
N2384,N,0.000050,,,,641
N2385,N,0.000050,,,,641
N2386,N,0.000050,,,,641
N2387,N,0.000050,,,,641
N2388,N,0.000050,,,,641
N2389,N,0.000050,,,,641
N2390,N,0.000050,,,,641
N2391,N,0.000050,,,,641
N2392,N,0.000050,,,640,641
N2393,N,0.000050,,,,641
N2394,N,0.000050,,,,641
N2395,N,0.000050,,,,641
N2396,N,0.000050,,,,641
N2397,N,0.000050,,,,641
N2398,N,0.000050,,,,641
N2399,N,0.000050,,,,641
N2400,N,0.000050,,,,641
N2401,N,0.000050,,,,641
N2402,N,0.000050,,,,641
N2403,N,0.000050,,,,641
N2404,N,0.000050,,,,641
N2405,N,0.000050,,,,641
N2406,N,0.000050,,,,641
N2407,N,0.000050,,,,641
N2408,N,0.000050,,,,641
N2409,N,0.000050,,,,641
N2410,N,0.000050,,,,641
N2411,N,0.000050,,,,641
N2412,N,0.000050,,,,641
N2413,N,0.000050,,,,641
N2414,N,0.000050,,,,641
N2415,N,0.000050,,,,641
N2416,N,0.000050,,,,641
N2417,N,0.000050,,,,641
N2418,N,0.000050,,,,641
N2419,N,0.000050,,,,641
N2420,N,0.000050,,,,641
N2421,N,0.000050,,,,641
N2422,N,0.000050,,,640,641
N2423,N,0.000050,,,,641
N2424,N,0.000050,,,,641
N2425,N,0.000050,,,,641
N2426,N,0.000050,,,,641
N2427,N,0.000050,,,,641
N2428,N,0.000050,,,,641
N2429,N,0.000050,,,,641
N2430,N,0.000050,,,,641
N2431,N,0.000050,,,,641
N2432,N,0.000050,,,,641
N2433,N,0.000050,,,,641
N2434,N,0.000050,,,,641
N2435,N,0.000050,,,,641
N2436,N,0.000050,,,,641
N2437,N,0.000050,,,,641
N2438,N,0.000050,,,,641
N2439,N,0.000050,,,,641
N2440,N,0.000050,,,,641
N2441,N,0.000050,,,,641
N2442,N,0.000050,,,,641
N2443,N,0.000050,,,,641
N2444,N,0.000050,,,,641
N2445,N,0.000050,,,,641
N2446,N,0.000050,,,,641
N2447,N,0.000050,,,,641
N2448,N,0.000050,,,,641
N2449,N,0.000050,,,,641
N2450,N,0.000050,,,,641
N2451,N,0.000050,,,,641
N2452,N,0.000050,,,,641
N2453,N,0.000050,,,,641
N2454,N,0.000050,,,,641
N2455,N,0.000050,,,,641
N2456,N,0.000050,,,,641
N2457,N,0.000050,,,,641
N2458,N,0.000050,,,,641
N2459,N,0.000050,,,,641
N2460,N,0.000050,,,,641
N2461,N,0.000050,,,,641
N2462,N,0.000050,,,,641
N2463,N,0.000050,,,,641
N2464,N,0.000050,,,,641
N2465,N,0.000050,,,,641
N2466,N,0.000050,,,,641
N2467,N,0.000050,,,,641
N2468,N,0.000050,,,,641
N2469,N,0.000050,,,,641
N2470,N,0.000050,,,,641
N2471,N,0.000050,,,,641
N2472,N,0.000050,,,,641
N2473,N,0.000050,,,,641
N2474,N,0.000050,,,,641
N2475,N,0.000050,,,,641
N2476,N,0.000050,,,,641
N2477,N,0.000050,,,,641
N2478,N,0.000050,,,,641
N2479,N,0.000050,,,,641
N2480,N,0.000050,,,,641
N2481,N,0.000050,,,,641
N2482,N,0.000050,,,,641
N2483,N,0.000050,,,,641
N2484,N,0.000050,,,,641
N2485,N,0.000050,,,,641
N2486,N,0.000050,,,,641
N2487,N,0.000050,,,,641
N2488,N,0.000050,,,,641
N2489,N,0.000050,,,,641
N2490,N,0.000050,,,,641
N2491,N,0.000050,,,,641
N2492,N,0.000050,,,,641
N2493,N,0.000050,,,,641
N2494,N,0.000050,,,,641
N2495,N,0.000050,,,,641
N2496,N,0.000050,,,,641
N2497,N,0.000050,,,,641
N2498,N,0.000050,,,,641
N2499,N,0.000050,,,,641
N2500,N,0.000050,,,,641
N2501,N,0.000050,,,,641
N2502,N,0.000050,,,,641
N2503,N,0.000050,,,,641
N2504,N,0.000050,,,640,641
N2505,N,0.000050,,,,641
N2506,N,0.000050,,,,641
N2507,N,0.000050,,,,641
N2508,N,0.000050,,,,641
N2509,N,0.000050,,,,641
N2510,N,0.000050,,,,641
N2511,N,0.000050,,,,641
N2512,N,0.000050,,,640,641
N2513,N,0.000050,,,,641
N2514,N,0.000050,,,,641
N2515,N,0.000050,,,,641
N2516,N,0.000050,,,,641
N2517,N,0.000050,,,,641
N2518,N,0.000050,,,,641
N2519,N,0.000050,,,,641
N2520,N,0.000050,,,,641
N2521,N,0.000050,,,,641
N2522,N,0.000050,,,,641
N2523,N,0.000050,,,,641
N2524,N,0.000050,,,,641
N2525,N,0.000050,,,,641
N2526,N,0.000050,,,,641
N2527,N,0.000050,,,,641
N2528,N,0.000050,,,,641
N2529,N,0.000050,,,,641
N2530,N,0.000050,,,,641
N2531,N,0.000050,,,,641
N2532,N,0.000050,,,,641
N2533,N,0.000050,,,,641
N2534,N,0.000050,,,,641
N2535,N,0.000050,,,,641
N2536,N,0.000050,,,,641
N2537,N,0.000050,,,,641
N2538,N,0.000050,,,,641
N2539,N,0.000050,,,,641
N2540,N,0.000050,,,,641
N2541,N,0.000050,,,,641
N2542,N,0.000050,,,,641
N2543,N,0.000050,,,,641
N2544,N,0.000050,,,,641
N2545,N,0.000050,,,,641
N2546,N,0.000050,,,,641
N2547,N,0.000050,,,,641
N2548,N,0.000050,,,,641
N2549,N,0.000050,,,,641
N2550,N,0.000050,,,,641
N2551,N,0.000050,,,,641
N2552,N,0.000050,,,,641
N2553,N,0.000050,,,,641
N2554,N,0.000050,,,,641
N2555,N,0.000050,,,,641
N2556,N,0.000050,,,,641
N2557,N,0.000050,,,,641
N2558,N,0.000050,,,,641
N2559,N,0.000050,,,,641
N2560,N,0.000050,,,,641
N2561,N,0.000050,,,,641
N2562,N,0.000050,,,,641
N2563,N,0.000050,,,,641
N2564,N,0.000050,,,,641
N2565,N,0.000050,,,,641
N2566,N,0.000050,,,640,641
N2567,N,0.000050,,,,641
N2568,N,0.000050,,,,641
N2569,N,0.000050,,,,641
N2570,N,0.000050,,,,641
N2571,N,0.000050,,,,641
N2572,N,0.000050,,,,641
N2573,N,0.000050,,,,641
N2574,N,0.000050,,,,641
N2575,N,0.000050,,,,641
N2576,N,0.000050,,,,641
N2577,N,0.000050,,,,641
N2578,N,0.000050,,,,641
N2579,N,0.000050,,,,641
N2580,N,0.000050,,,,641
N2581,N,0.000050,,,,641
N2582,N,0.000050,,,,641
N2583,N,0.000050,,,,641
N2584,N,0.000050,,,,641
N2585,N,0.000050,,,,641
N2586,N,0.000050,,,,641
N2587,N,0.000050,,,,641
N2588,N,0.000050,,,,641
N2589,N,0.000050,,,,641
N2590,N,0.000050,,,,641
N2591,N,0.000050,,,,641
N2592,N,0.000050,,,,641
N2593,N,0.000050,,,,641
N2594,N,0.000050,,,,641
N2595,N,0.000050,,,,641
N2596,N,0.000050,,,,641
N2597,N,0.000050,,,,641
N2598,N,0.000050,,,,641
N2599,N,0.000050,,,,641
N2600,N,0.000050,,,,641
N2601,N,0.000050,,,,641
N2602,N,0.000050,,,,641
N2603,N,0.000050,,,,641
N2604,N,0.000050,,,,641
N2605,N,0.000050,,,,641
N2606,N,0.000050,,,,641
N2607,N,0.000050,,,,641
N2608,N,0.000050,,,,641
N2609,N,0.000050,,,,641
N2610,N,0.000050,,,640,641
N2611,N,0.000050,,,,641
N2612,N,0.000050,,,,641
N2613,N,0.000050,,,,641
N2614,N,0.000050,,,,641
N2615,N,0.000050,,,,641
N2616,N,0.000050,,,,641
N2617,N,0.000050,,,,641
N2618,N,0.000050,,,,641
N2619,N,0.000050,,,,641
N2620,N,0.000050,,,,641
N2621,N,0.000050,,,,641
N2622,N,0.000050,,,,641
N2623,N,0.000050,,,,641
N2624,N,0.000050,,,,641
N2625,N,0.000050,,,,641
N2626,N,0.000050,,,,641
N2627,N,0.000050,,,,641
N2628,N,0.000050,,,,641
N2629,N,0.000050,,,,641
N2630,N,0.000050,,,,641
N2631,N,0.000050,,,,641
N2632,N,0.000050,,,,641
N2633,N,0.000050,,,,641
N2634,N,0.000050,,,,641
N2635,N,0.000050,,,,641
N2636,N,0.000050,,,640,641
N2637,N,0.000050,,,,641
N2638,N,0.000050,,,,641
N2639,N,0.000050,,,,641
N2640,N,0.000050,,,,641
N2641,N,0.000050,,,,641
N2642,N,0.000050,,,,641
N2643,N,0.000050,,,,641
N2644,N,0.000050,,,,641
N2645,N,0.000050,,,,641
N2646,N,0.000050,,,,641
N2647,N,0.000050,,,,641
N2648,N,0.000050,,,,641
N2649,N,0.000050,,,,641
N2650,N,0.000050,,,,641
N2651,N,0.000050,,,,641
N2652,N,0.000050,,,,641
N2653,N,0.000050,,,,641
N2654,N,0.000050,,,,641
N2655,N,0.000050,,,,641
N2656,N,0.000050,,,,641
N2657,N,0.000050,,,,641
N2658,N,0.000050,,,,641
N2659,N,0.000050,,,,641
N2660,N,0.000050,,,,641
N2661,N,0.000050,,,,641
N2662,N,0.000050,,,,641
N2663,N,0.000050,,,,641
N2664,N,0.000050,,,,641
N2665,N,0.000050,,,,641
N2666,N,0.000050,,,,641
N2667,N,0.000050,,,,641
N2668,N,0.000050,,,,641
N2669,N,0.000050,,,,641
N2670,N,0.000050,,,,641
N2671,N,0.000050,,,,641
N2672,N,0.000050,,,,641
N2673,N,0.000050,,,,641
N2674,N,0.000050,,,,641
N2675,N,0.000050,,,640,641
N2676,N,0.000050,,,,641
N2677,N,0.000050,,,,641
N2678,N,0.000050,,,,641
N2679,N,0.000050,,,,641
N2680,N,0.000050,,,,641
N2681,N,0.000050,,,,641
N2682,N,0.000050,,,,641
N2683,N,0.000050,,,,641
N2684,N,0.000050,,,,641
N2685,N,0.000050,,,,641
N2686,N,0.000050,,,,641
N2687,N,0.000050,,,,641
N2688,N,0.000050,,,,641
N2689,N,0.000050,,,,641
N2690,N,0.000050,,,,641
N2691,N,0.000050,,,,641
N2692,N,0.000050,,,,641
N2693,N,0.000050,,,,641
N2694,N,0.000050,,,,641
N2695,N,0.000050,,,640,641
N2696,N,0.000050,,,,641
N2697,N,0.000050,,,,641
N2698,N,0.000050,,,,641
N2699,N,0.000050,,,,641
N2700,N,0.000050,,,,641
N2701,N,0.000050,,,,641
N2702,N,0.000050,,,,641
N2703,N,0.000050,,,,641
N2704,N,0.000050,,,,641
N2705,N,0.000050,,,,641
N2706,N,0.000050,,,,641
N2707,N,0.000050,,,,641
N2708,N,0.000050,,,,641
N2709,N,0.000050,,,,641
N2710,N,0.000050,,,,641
N2711,N,0.000050,,,,641
N2712,N,0.000050,,,,641
N2713,N,0.000050,,,,641
N2714,N,0.000050,,,,641
N2715,N,0.000050,,,,641
N2716,N,0.000050,,,,641
N2717,N,0.000050,,,,641
N2718,N,0.000050,,,,641
N2719,N,0.000050,,,,641
N2720,N,0.000050,,,,641
N2721,N,0.000050,,,,641
N2722,N,0.000050,,,,641
N2723,N,0.000050,,,,641
N2724,N,0.000050,,,,641
N2725,N,0.000050,,,,641
N2726,N,0.000050,,,,641
N2727,N,0.000050,,,,641
N2728,N,0.000050,,,640,641
N2729,N,0.000050,,,,641
N2730,N,0.000050,,,,641
N2731,N,0.000050,,,,641
N2732,N,0.000050,,,,641
N2733,N,0.000050,,,,641
N2734,N,0.000050,,,,641
N2735,N,0.000050,,,,641
N2736,N,0.000050,,,,641
N2737,N,0.000050,,,,641
N2738,N,0.000050,,,,641
N2739,N,0.000050,,,,641
N2740,N,0.000050,,,,641
N2741,N,0.000050,,,,641
N2742,N,0.000050,,,,641
N2743,N,0.000050,,,,641
N2744,N,0.000050,,,,641
N2745,N,0.000050,,,,641
N2746,N,0.000050,,,,641
N2747,N,0.000050,,,,641
N2748,N,0.000050,,,,641
N2749,N,0.000050,,,,641
N2750,N,0.000050,,,,641
N2751,N,0.000050,,,,641
N2752,N,0.000050,,,,641
N2753,N,0.000050,,,,641
N2754,N,0.000050,,,,641
N2755,N,0.000050,,,,641
N2756,N,0.000050,,,,641
N2757,N,0.000050,,,,641
N2758,N,0.000050,,,,641
N2759,N,0.000050,,,,641
N2760,N,0.000050,,,,641
N2761,N,0.000050,,,,641
N2762,N,0.000050,,,,641
N2763,N,0.000050,,,,641
N2764,N,0.000050,,,,641
N2765,N,0.000050,,,,641
N2766,N,0.000050,,,,641
N2767,N,0.000050,,,,641
N2768,N,0.000050,,,,641
N2769,N,0.000050,,,,641
N2770,N,0.000050,,,,641
N2771,N,0.000050,,,,641
N2772,N,0.000050,,,,641
N2773,N,0.000050,,,,641
N2774,N,0.000050,,,,641
N2775,N,0.000050,,,,641
N2776,N,0.000050,,,,641
N2777,N,0.000050,,,,641
N2778,N,0.000050,,,,641
N2779,N,0.000050,,,,641
N2780,N,0.000050,,,,641
N2781,N,0.000050,,,,641
N2782,N,0.000050,,,,641
N2783,N,0.000050,,,,641
N2784,N,0.000050,,,,641
N2785,N,0.000050,,,,641
N2786,N,0.000050,,,,641
N2787,N,0.000050,,,,641
N2788,N,0.000050,,,,641
N2789,N,0.000050,,,,641
N2790,N,0.000050,,,,641
N2791,N,0.000050,,,,641
N2792,N,0.000050,,,,641
N2793,N,0.000050,,,,641
N2794,N,0.000050,,,,641
N2795,N,0.000050,,,,641
N2796,N,0.000050,,,640,641
N2797,N,0.000050,,,,641
N2798,N,0.000050,,,,641
N2799,N,0.000050,,,,641
N2800,N,0.000050,,,,641
N2801,N,0.000050,,,,641
N2802,N,0.000050,,,,641
N2803,N,0.000050,,,,641
N2804,N,0.000050,,,,641
N2805,N,0.000050,,,,641
N2806,N,0.000050,,,,641
N2807,N,0.000050,,,,641
N2808,N,0.000050,,,,641
N2809,N,0.000050,,,,641
N2810,N,0.000050,,,,641
N2811,N,0.000050,,,,641
N2812,N,0.000050,,,,641
N2813,N,0.000050,,,640,641
N2814,N,0.000050,,,,641
N2815,N,0.000050,,,,641
N2816,N,0.000050,,,,641
N2817,N,0.000050,,,,641
N2818,N,0.000050,,,,641
N2819,N,0.000050,,,,641
N2820,N,0.000050,,,,641
N2821,N,0.000050,,,,641
N2822,N,0.000050,,,,641
N2823,N,0.000050,,,,641
N2824,N,0.000050,,,,641
N2825,N,0.000050,,,,641
N2826,N,0.000050,,,,641
N2827,N,0.000050,,,,641
N2828,N,0.000050,,,,641
N2829,N,0.000050,,,,641
N2830,N,0.000050,,,,641
N2831,N,0.000050,,,,641
N2832,N,0.000050,,,,641
N2833,N,0.000050,,,,641
N2834,N,0.000050,,,,641
N2835,N,0.000050,,,,641
N2836,N,0.000050,,,,641
N2837,N,0.000050,,,,641
N2838,N,0.000050,,,,641
N2839,N,0.000050,,,,641
N2840,N,0.000050,,,,641
N2841,N,0.000050,,,,641
N2842,N,0.000050,,,,641
N2843,N,0.000050,,,,641
N2844,N,0.000050,,,,641
N2845,N,0.000050,,,,641
N2846,N,0.000050,,,,641
N2847,N,0.000050,,,,641
N2848,N,0.000050,,,,641
N2849,N,0.000050,,,,641
N2850,N,0.000050,,,,641
N2851,N,0.000050,,,,641
N2852,N,0.000050,,,,641
N2853,N,0.000050,,,,641
N2854,N,0.000050,,,,641
N2855,N,0.000050,,,,641
N2856,N,0.000050,,,,641
N2857,N,0.000050,,,,641
N2858,N,0.000050,,,,641
N2859,N,0.000050,,,,641
N2860,N,0.000050,,,,641
N2861,N,0.000050,,,,641
N2862,N,0.000050,,,,641
N2863,N,0.000050,,,,641
N2864,N,0.000050,,,,641
N2865,N,0.000050,,,,641
N2866,N,0.000050,,,,641
N2867,N,0.000050,,,,641
N2868,N,0.000050,,,,641
N2869,N,0.000050,,,,641
N2870,N,0.000050,,,,641
N2871,N,0.000050,,,,641
N2872,N,0.000050,,,,641
N2873,N,0.000050,,,,641
N2874,N,0.000050,,,,641
N2875,N,0.000050,,,,641
N2876,N,0.000050,,,,641
N2877,N,0.000050,,,,641
N2878,N,0.000050,,,640,641
N2879,N,0.000050,,,,641
N2880,N,0.000050,,,,641
N2881,N,0.000050,,,,641
N2882,N,0.000050,,,,641
N2883,N,0.000050,,,,641
N2884,N,0.000050,,,,641
N2885,N,0.000050,,,,641
N2886,N,0.000050,,,,641
N2887,N,0.000050,,,,641
N2888,N,0.000050,,,,641
N2889,N,0.000050,,,,641
N2890,N,0.000050,,,,641
N2891,N,0.000050,,,,641
N2892,N,0.000050,,,,641
N2893,N,0.000050,,,,641
N2894,N,0.000050,,,,641
N2895,N,0.000050,,,,641
N2896,N,0.000050,,,,641
N2897,N,0.000050,,,,641
N2898,N,0.000050,,,,641
N2899,N,0.000050,,,,641
N2900,N,0.000050,,,,641
N2901,N,0.000050,,,,641
N2902,N,0.000050,,,,641
N2903,N,0.000050,,,,641
N2904,N,0.000050,,,,641
N2905,N,0.000050,,,,641
N2906,N,0.000050,,,,641
N2907,N,0.000050,,,,641
N2908,N,0.000050,,,,641
N2909,N,0.000050,,,,641
N2910,N,0.000050,,,,641
N2911,N,0.000050,,,,641
N2912,N,0.000050,,,,641
N2913,N,0.000050,,,,641
N2914,N,0.000050,,,,641
N2915,N,0.000050,,,,641
N2916,N,0.000050,,,,641
N2917,N,0.000050,,,,641
N2918,N,0.000050,,,,641
N2919,N,0.000050,,,,641
N2920,N,0.000050,,,,641
N2921,N,0.000050,,,,641
N2922,N,0.000050,,,640,641
N2923,N,0.000050,,,,641
N2924,N,0.000050,,,,641
N2925,N,0.000050,,,,641
N2926,N,0.000050,,,,641
N2927,N,0.000050,,,,641
N2928,N,0.000050,,,,641
N2929,N,0.000050,,,,641
N2930,N,0.000050,,,,641
N2931,N,0.000050,,,,641
N2932,N,0.000050,,,,641
N2933,N,0.000050,,,,641
N2934,N,0.000050,,,,641
N2935,N,0.000050,,,,641
N2936,N,0.000050,,,,641
N2937,N,0.000050,,,,641
N2938,N,0.000050,,,,641
N2939,N,0.000050,,,640,641
N2940,N,0.000050,,,,641
N2941,N,0.000050,,,,641
N2942,N,0.000050,,,,641
N2943,N,0.000050,,,,641
N2944,N,0.000050,,,,641
N2945,N,0.000050,,,,641
N2946,N,0.000050,,,,641
N2947,N,0.000050,,,,641
N2948,N,0.000050,,,640,641
N2949,N,0.000050,,,,641
N2950,N,0.000050,,,,641
N2951,N,0.000050,,,,641
N2952,N,0.000050,,,,641
N2953,N,0.000050,,,,641
N2954,N,0.000050,,,,641
N2955,N,0.000050,,,,641
N2956,N,0.000050,,,,641
N2957,N,0.000050,,,,641
N2958,N,0.000050,,,,641
N2959,N,0.000050,,,640,641
N2960,N,0.000050,,,,641
N2961,N,0.000050,,,,641
N2962,N,0.000050,,,,641
N2963,N,0.000050,,,,641
N2964,N,0.000050,,,,641
N2965,N,0.000050,,,,641
N2966,N,0.000050,,,,641
N2967,N,0.000050,,,,641
N2968,N,0.000050,,,,641
N2969,N,0.000050,,,,641
N2970,N,0.000050,,,,641
N2971,N,0.000050,,,,641
N2972,N,0.000050,,,640,641
N2973,N,0.000050,,,,641
N2974,N,0.000050,,,,641
N2975,N,0.000050,,,,641
N2976,N,0.000050,,,,641
N2977,N,0.000050,,,,641
N2978,N,0.000050,,,,641
N2979,N,0.000050,,,,641
N2980,N,0.000050,,,,641
N2981,N,0.000050,,,,641
N2982,N,0.000050,,,,641
N2983,N,0.000050,,,,641
N2984,N,0.000050,,,640,641
N2985,N,0.000050,,,,641
N2986,N,0.000050,,,,641
N2987,N,0.000050,,,,641
N2988,N,0.000050,,,,641
N2989,N,0.000050,,,,641
N2990,N,0.000050,,,,641
N2991,N,0.000050,,,,641
N2992,N,0.000050,,,,641
N2993,N,0.000050,,,,641
N2994,N,0.000050,,,,641
N2995,N,0.000050,,,,641
N2996,N,0.000050,,,,641
N2997,N,0.000050,,,,641
N2998,N,0.000050,,,,641
N2999,N,0.000050,,,,641
