merchant_id,endpoint,event_types
A0000,0,payment.authorized|payment.captured|payment.failed|refund.created|refund.settled|payout.paid|dispute.opened|dispute.won|dispute.lost|subscription.renewed|subscription.cancelled
A0000,982,payment.failed|dispute.opened
A0000,640,payment.authorized|dispute.opened
A0000,641,payment.authorized|payment.captured|payment.failed|refund.created|refund.settled|payout.paid|dispute.opened|dispute.won|dispute.lost|subscription.renewed|subscription.cancelled
A0001,1,payment.authorized|payment.captured|payment.failed|refund.created|refund.settled|payout.paid|dispute.opened|dispute.won|dispute.lost|subscription.renewed|subscription.cancelled
A0001,983,payment.failed|dispute.opened
A0001,640,payment.authorized|dispute.opened
A0001,641,payment.authorized|payment.captured|payment.failed|refund.created|refund.settled|payout.paid|dispute.opened|dispute.won|dispute.lost|subscription.renewed|subscription.cancelled
A0002,2,payment.authorized|payment.captured|payment.failed|refund.created|refund.settled|payout.paid|dispute.opened|dispute.won|dispute.lost|subscription.renewed|subscription.cancelled
A0002,984,payment.failed|dispute.opened
A0002,640,payment.authorized|dispute.opened
A0002,641,payment.authorized|payment.captured|payment.failed|refund.created|refund.settled|payout.paid|dispute.opened|dispute.won|dispute.lost|subscription.renewed|subscription.cancelled
A0003,3,payment.authorized|payment.captured|payment.failed|refund.created|refund.settled|payout.paid|dispute.opened|dispute.won|dispute.lost|subscription.renewed|subscription.cancelled
A0003,985,payment.failed|dispute.opened
A0003,640,payment.authorized|dispute.opened
A0003,641,payment.authorized|payment.captured|payment.failed|refund.created|refund.settled|payout.paid|dispute.opened|dispute.won|dispute.lost|subscription.renewed|subscription.cancelled
A0004,4,payment.authorized|payment.captured|payment.failed|refund.created|refund.settled|payout.paid|dispute.opened|dispute.won|dispute.lost|subscription.renewed|subscription.cancelled
A0004,986,payment.failed|dispute.opened
A0004,640,payment.authorized|dispute.opened
A0004,641,payment.authorized|payment.captured|payment.failed|refund.created|refund.settled|payout.paid|dispute.opened|dispute.won|dispute.lost|subscription.renewed|subscription.cancelled
A0005,5,payment.authorized|payment.captured|payment.failed|refund.created|refund.settled|payout.paid|dispute.opened|dispute.won|dispute.lost|subscription.renewed|subscription.cancelled
A0005,987,payment.failed|dispute.opened
A0005,640,payment.authorized|dispute.opened
A0005,641,payment.authorized|payment.captured|payment.failed|refund.created|refund.settled|payout.paid|dispute.opened|dispute.won|dispute.lost|subscription.renewed|subscription.cancelled
A0006,6,payment.authorized|payment.captured|payment.failed|refund.created|refund.settled|payout.paid|dispute.opened|dispute.won|dispute.lost|subscription.renewed|subscription.cancelled
A0006,988,payment.failed|dispute.opened
A0006,640,payment.authorized|dispute.opened
A0006,641,payment.authorized|payment.captured|payment.failed|refund.created|refund.settled|payout.paid|dispute.opened|dispute.won|dispute.lost|subscription.renewed|subscription.cancelled
A0007,7,payment.authorized|payment.captured|payment.failed|refund.created|refund.settled|payout.paid|dispute.opened|dispute.won|dispute.lost|subscription.renewed|subscription.cancelled
A0007,989,payment.failed|dispute.opened
A0007,640,payment.authorized|dispute.opened
A0007,641,payment.authorized|payment.captured|payment.failed|refund.created|refund.settled|payout.paid|dispute.opened|dispute.won|dispute.lost|subscription.renewed|subscription.cancelled
A0008,8,payment.authorized|payment.captured|payment.failed|refund.created|refund.settled|payout.paid|dispute.opened|dispute.won|dispute.lost|subscription.renewed|subscription.cancelled
A0008,990,payment.failed|dispute.opened
A0008,640,payment.authorized|dispute.opened
A0008,641,payment.authorized|payment.captured|payment.failed|refund.created|refund.settled|payout.paid|dispute.opened|dispute.won|dispute.lost|subscription.renewed|subscription.cancelled
A0009,9,payment.authorized|payment.captured|payment.failed|refund.created|refund.settled|payout.paid|dispute.opened|dispute.won|dispute.lost|subscription.renewed|subscription.cancelled
A0009,991,payment.failed|dispute.opened
A0009,640,payment.authorized|dispute.opened
A0009,641,payment.authorized|payment.captured|payment.failed|refund.created|refund.settled|payout.paid|dispute.opened|dispute.won|dispute.lost|subscription.renewed|subscription.cancelled
A0010,10,payment.authorized|payment.captured|payment.failed|refund.created|refund.settled|payout.paid|dispute.opened|dispute.won|dispute.lost|subscription.renewed|subscription.cancelled
A0010,992,payment.failed|dispute.opened
A0010,640,payment.authorized|dispute.opened
A0010,641,payment.authorized|payment.captured|payment.failed|refund.created|refund.settled|payout.paid|dispute.opened|dispute.won|dispute.lost|subscription.renewed|subscription.cancelled
A0011,11,payment.authorized|payment.captured|payment.failed|refund.created|refund.settled|payout.paid|dispute.opened|dispute.won|dispute.lost|subscription.renewed|subscription.cancelled
A0011,993,payment.failed|dispute.opened
A0011,640,payment.authorized|dispute.opened
A0011,641,payment.authorized|payment.captured|payment.failed|refund.created|refund.settled|payout.paid|dispute.opened|dispute.won|dispute.lost|subscription.renewed|subscription.cancelled
A0012,12,payment.authorized|payment.captured|payment.failed|refund.created|refund.settled|payout.paid|dispute.opened|dispute.won|dispute.lost|subscription.renewed|subscription.cancelled
A0012,994,payment.failed|dispute.opened
A0012,640,payment.authorized|dispute.opened
A0012,641,payment.authorized|payment.captured|payment.failed|refund.created|refund.settled|payout.paid|dispute.opened|dispute.won|dispute.lost|subscription.renewed|subscription.cancelled
A0013,13,payment.authorized|payment.captured|payment.failed|refund.created|refund.settled|payout.paid|dispute.opened|dispute.won|dispute.lost|subscription.renewed|subscription.cancelled
A0013,995,payment.failed|dispute.opened
A0013,640,payment.authorized|dispute.opened
A0013,641,payment.authorized|payment.captured|payment.failed|refund.created|refund.settled|payout.paid|dispute.opened|dispute.won|dispute.lost|subscription.renewed|subscription.cancelled
A0014,14,payment.authorized|payment.captured|payment.failed|refund.created|refund.settled|payout.paid|dispute.opened|dispute.won|dispute.lost|subscription.renewed|subscription.cancelled
A0014,996,payment.failed|dispute.opened
A0014,640,payment.authorized|dispute.opened
A0014,641,payment.authorized|payment.captured|payment.failed|refund.created|refund.settled|payout.paid|dispute.opened|dispute.won|dispute.lost|subscription.renewed|subscription.cancelled
A0015,15,payment.authorized|payment.captured|payment.failed|refund.created|refund.settled|payout.paid|dispute.opened|dispute.won|dispute.lost|subscription.renewed|subscription.cancelled
A0015,997,payment.failed|dispute.opened
A0015,640,payment.authorized|dispute.opened
A0015,641,payment.authorized|payment.captured|payment.failed|refund.created|refund.settled|payout.paid|dispute.opened|dispute.won|dispute.lost|subscription.renewed|subscription.cancelled
A0016,16,payment.authorized|payment.captured|payment.failed|refund.created|refund.settled|payout.paid|dispute.opened|dispute.won|dispute.lost|subscription.renewed|subscription.cancelled
A0016,998,payment.failed|dispute.opened
A0016,640,payment.authorized|dispute.opened
A0016,641,payment.authorized|payment.captured|payment.failed|refund.created|refund.settled|payout.paid|dispute.opened|dispute.won|dispute.lost|subscription.renewed|subscription.cancelled
A0017,17,payment.authorized|payment.captured|payment.failed|refund.created|refund.settled|payout.paid|dispute.opened|dispute.won|dispute.lost|subscription.renewed|subscription.cancelled
A0017,999,payment.failed|dispute.opened
A0017,640,payment.authorized|dispute.opened
A0017,641,payment.authorized|payment.captured|payment.failed|refund.created|refund.settled|payout.paid|dispute.opened|dispute.won|dispute.lost|subscription.renewed|subscription.cancelled
A0018,18,payment.authorized|payment.captured|payment.failed|refund.created|refund.settled|payout.paid|dispute.opened|dispute.won|dispute.lost|subscription.renewed|subscription.cancelled
A0018,1000,payment.failed|dispute.opened
A0018,640,payment.authorized|dispute.opened
A0018,641,payment.authorized|payment.captured|payment.failed|refund.created|refund.settled|payout.paid|dispute.opened|dispute.won|dispute.lost|subscription.renewed|subscription.cancelled
A0019,19,payment.authorized|payment.captured|payment.failed|refund.created|refund.settled|payout.paid|dispute.opened|dispute.won|dispute.lost|subscription.renewed|subscription.cancelled
A0019,1001,payment.failed|dispute.opened
A0019,640,payment.authorized|dispute.opened
A0019,641,payment.authorized|payment.captured|payment.failed|refund.created|refund.settled|payout.paid|dispute.opened|dispute.won|dispute.lost|subscription.renewed|subscription.cancelled
A0020,20,payment.authorized|payment.captured|payment.failed|refund.created|refund.settled|payout.paid|dispute.opened|dispute.won|dispute.lost|subscription.renewed|subscription.cancelled
A0020,1002,payment.failed|dispute.opened
A0020,640,payment.authorized|dispute.opened
A0020,641,payment.authorized|payment.captured|payment.failed|refund.created|refund.settled|payout.paid|dispute.opened|dispute.won|dispute.lost|subscription.renewed|subscription.cancelled
A0021,21,payment.authorized|payment.captured|payment.failed|refund.created|refund.settled|payout.paid|dispute.opened|dispute.won|dispute.lost|subscription.renewed|subscription.cancelled
A0021,1003,payment.failed|dispute.opened
A0021,640,payment.authorized|dispute.opened
A0021,641,payment.authorized|payment.captured|payment.failed|refund.created|refund.settled|payout.paid|dispute.opened|dispute.won|dispute.lost|subscription.renewed|subscription.cancelled
A0022,22,payment.authorized|payment.captured|payment.failed|refund.created|refund.settled|payout.paid|dispute.opened|dispute.won|dispute.lost|subscription.renewed|subscription.cancelled
A0022,1004,payment.failed|dispute.opened
A0022,640,payment.authorized|dispute.opened
A0022,641,payment.authorized|payment.captured|payment.failed|refund.created|refund.settled|payout.paid|dispute.opened|dispute.won|dispute.lost|subscription.renewed|subscription.cancelled
A0023,23,payment.authorized|payment.captured|payment.failed|refund.created|refund.settled|payout.paid|dispute.opened|dispute.won|dispute.lost|subscription.renewed|subscription.cancelled
A0023,1005,payment.failed|dispute.opened
A0023,640,payment.authorized|dispute.opened
A0023,641,payment.authorized|payment.captured|payment.failed|refund.created|refund.settled|payout.paid|dispute.opened|dispute.won|dispute.lost|subscription.renewed|subscription.cancelled
A0024,24,payment.authorized|payment.captured|payment.failed|refund.created|refund.settled|payout.paid|dispute.opened|dispute.won|dispute.lost|subscription.renewed|subscription.cancelled
A0024,1006,payment.failed|dispute.opened
A0024,640,payment.authorized|dispute.opened
A0024,641,payment.authorized|payment.captured|payment.failed|refund.created|refund.settled|payout.paid|dispute.opened|dispute.won|dispute.lost|subscription.renewed|subscription.cancelled
A0025,25,payment.authorized|payment.captured|payment.failed|refund.created|refund.settled|payout.paid|dispute.opened|dispute.won|dispute.lost|subscription.renewed|subscription.cancelled
A0025,1007,payment.failed|dispute.opened
A0025,640,payment.authorized|dispute.opened
A0025,641,payment.authorized|payment.captured|payment.failed|refund.created|refund.settled|payout.paid|dispute.opened|dispute.won|dispute.lost|subscription.renewed|subscription.cancelled
A0026,26,payment.authorized|payment.captured|payment.failed|refund.created|refund.settled|payout.paid|dispute.opened|dispute.won|dispute.lost|subscription.renewed|subscription.cancelled
A0026,1008,payment.failed|dispute.opened
A0026,640,payment.authorized|dispute.opened
A0026,641,payment.authorized|payment.captured|payment.failed|refund.created|refund.settled|payout.paid|dispute.opened|dispute.won|dispute.lost|subscription.renewed|subscription.cancelled
A0027,27,payment.authorized|payment.captured|payment.failed|refund.created|refund.settled|payout.paid|dispute.opened|dispute.won|dispute.lost|subscription.renewed|subscription.cancelled
A0027,1009,payment.failed|dispute.opened
A0027,640,payment.authorized|dispute.opened
A0027,641,payment.authorized|payment.captured|payment.failed|refund.created|refund.settled|payout.paid|dispute.opened|dispute.won|dispute.lost|subscription.renewed|subscription.cancelled
A0028,28,payment.authorized|payment.captured|payment.failed|refund.created|refund.settled|payout.paid|dispute.opened|dispute.won|dispute.lost|subscription.renewed|subscription.cancelled
A0028,1010,payment.failed|dispute.opened
A0028,640,payment.authorized|dispute.opened
A0028,641,payment.authorized|payment.captured|payment.failed|refund.created|refund.settled|payout.paid|dispute.opened|dispute.won|dispute.lost|subscription.renewed|subscription.cancelled
A0029,29,payment.authorized|payment.captured|payment.failed|refund.created|refund.settled|payout.paid|dispute.opened|dispute.won|dispute.lost|subscription.renewed|subscription.cancelled
A0029,1011,payment.failed|dispute.opened
A0029,640,payment.authorized|dispute.opened
A0029,641,payment.authorized|payment.captured|payment.failed|refund.created|refund.settled|payout.paid|dispute.opened|dispute.won|dispute.lost|subscription.renewed|subscription.cancelled
A0030,30,payment.authorized|payment.captured|payment.failed|refund.created|refund.settled|payout.paid|dispute.opened|dispute.won|dispute.lost|subscription.renewed|subscription.cancelled
A0030,1012,payment.failed|dispute.opened
A0030,640,payment.authorized|dispute.opened
A0030,641,payment.authorized|payment.captured|payment.failed|refund.created|refund.settled|payout.paid|dispute.opened|dispute.won|dispute.lost|subscription.renewed|subscription.cancelled
A0031,31,payment.authorized|payment.captured|payment.failed|refund.created|refund.settled|payout.paid|dispute.opened|dispute.won|dispute.lost|subscription.renewed|subscription.cancelled
A0031,1013,payment.failed|dispute.opened
A0031,640,payment.authorized|dispute.opened
A0031,641,payment.authorized|payment.captured|payment.failed|refund.created|refund.settled|payout.paid|dispute.opened|dispute.won|dispute.lost|subscription.renewed|subscription.cancelled
A0032,32,payment.authorized|payment.captured|payment.failed|refund.created|refund.settled|payout.paid|dispute.opened|dispute.won|dispute.lost|subscription.renewed|subscription.cancelled
A0032,1014,payment.failed|dispute.opened
A0032,640,payment.authorized|dispute.opened
A0032,641,payment.authorized|payment.captured|payment.failed|refund.created|refund.settled|payout.paid|dispute.opened|dispute.won|dispute.lost|subscription.renewed|subscription.cancelled
A0033,33,payment.authorized|payment.captured|payment.failed|refund.created|refund.settled|payout.paid|dispute.opened|dispute.won|dispute.lost|subscription.renewed|subscription.cancelled
A0033,1015,payment.failed|dispute.opened
A0033,640,payment.authorized|dispute.opened
A0033,641,payment.authorized|payment.captured|payment.failed|refund.created|refund.settled|payout.paid|dispute.opened|dispute.won|dispute.lost|subscription.renewed|subscription.cancelled
A0034,34,payment.authorized|payment.captured|payment.failed|refund.created|refund.settled|payout.paid|dispute.opened|dispute.won|dispute.lost|subscription.renewed|subscription.cancelled
A0034,1016,payment.failed|dispute.opened
A0034,640,payment.authorized|dispute.opened
A0034,641,payment.authorized|payment.captured|payment.failed|refund.created|refund.settled|payout.paid|dispute.opened|dispute.won|dispute.lost|subscription.renewed|subscription.cancelled
A0035,35,payment.authorized|payment.captured|payment.failed|refund.created|refund.settled|payout.paid|dispute.opened|dispute.won|dispute.lost|subscription.renewed|subscription.cancelled
A0035,1017,payment.failed|dispute.opened
A0035,640,payment.authorized|dispute.opened
A0035,641,payment.authorized|payment.captured|payment.failed|refund.created|refund.settled|payout.paid|dispute.opened|dispute.won|dispute.lost|subscription.renewed|subscription.cancelled
A0036,36,payment.authorized|payment.captured|payment.failed|refund.created|refund.settled|payout.paid|dispute.opened|dispute.won|dispute.lost|subscription.renewed|subscription.cancelled
A0036,1018,payment.failed|dispute.opened
A0036,640,payment.authorized|dispute.opened
A0036,641,payment.authorized|payment.captured|payment.failed|refund.created|refund.settled|payout.paid|dispute.opened|dispute.won|dispute.lost|subscription.renewed|subscription.cancelled
A0037,37,payment.authorized|payment.captured|payment.failed|refund.created|refund.settled|payout.paid|dispute.opened|dispute.won|dispute.lost|subscription.renewed|subscription.cancelled
A0037,1019,payment.failed|dispute.opened
A0037,640,payment.authorized|dispute.opened
A0037,641,payment.authorized|payment.captured|payment.failed|refund.created|refund.settled|payout.paid|dispute.opened|dispute.won|dispute.lost|subscription.renewed|subscription.cancelled
A0038,38,payment.authorized|payment.captured|payment.failed|refund.created|refund.settled|payout.paid|dispute.opened|dispute.won|dispute.lost|subscription.renewed|subscription.cancelled
A0038,1020,payment.failed|dispute.opened
A0038,640,payment.authorized|dispute.opened
A0038,641,payment.authorized|payment.captured|payment.failed|refund.created|refund.settled|payout.paid|dispute.opened|dispute.won|dispute.lost|subscription.renewed|subscription.cancelled
A0039,39,payment.authorized|payment.captured|payment.failed|refund.created|refund.settled|payout.paid|dispute.opened|dispute.won|dispute.lost|subscription.renewed|subscription.cancelled
A0039,1021,payment.failed|dispute.opened
A0039,640,payment.authorized|dispute.opened
A0039,641,payment.authorized|payment.captured|payment.failed|refund.created|refund.settled|payout.paid|dispute.opened|dispute.won|dispute.lost|subscription.renewed|subscription.cancelled
A0040,40,payment.authorized|payment.captured|payment.failed|refund.created|refund.settled|payout.paid|dispute.opened|dispute.won|dispute.lost|subscription.renewed|subscription.cancelled
A0040,1022,payment.failed|dispute.opened
A0040,640,payment.authorized|dispute.opened
A0040,641,payment.authorized|payment.captured|payment.failed|refund.created|refund.settled|payout.paid|dispute.opened|dispute.won|dispute.lost|subscription.renewed|subscription.cancelled
A0041,41,payment.authorized|payment.captured|payment.failed|refund.created|refund.settled|payout.paid|dispute.opened|dispute.won|dispute.lost|subscription.renewed|subscription.cancelled
A0041,1023,payment.failed|dispute.opened
A0041,640,payment.authorized|dispute.opened
A0041,641,payment.authorized|payment.captured|payment.failed|refund.created|refund.settled|payout.paid|dispute.opened|dispute.won|dispute.lost|subscription.renewed|subscription.cancelled
A0042,42,payment.authorized|payment.captured|payment.failed|refund.created|refund.settled|payout.paid|dispute.opened|dispute.won|dispute.lost|subscription.renewed|subscription.cancelled
A0042,1024,payment.failed|dispute.opened
A0042,640,payment.authorized|dispute.opened
A0042,641,payment.authorized|payment.captured|payment.failed|refund.created|refund.settled|payout.paid|dispute.opened|dispute.won|dispute.lost|subscription.renewed|subscription.cancelled
A0043,43,payment.authorized|payment.captured|payment.failed|refund.created|refund.settled|payout.paid|dispute.opened|dispute.won|dispute.lost|subscription.renewed|subscription.cancelled
A0043,1025,payment.failed|dispute.opened
A0043,640,payment.authorized|dispute.opened
A0043,641,payment.authorized|payment.captured|payment.failed|refund.created|refund.settled|payout.paid|dispute.opened|dispute.won|dispute.lost|subscription.renewed|subscription.cancelled
A0044,44,payment.authorized|payment.captured|payment.failed|refund.created|refund.settled|payout.paid|dispute.opened|dispute.won|dispute.lost|subscription.renewed|subscription.cancelled
A0044,1026,payment.failed|dispute.opened
A0044,640,payment.authorized|dispute.opened
A0044,641,payment.authorized|payment.captured|payment.failed|refund.created|refund.settled|payout.paid|dispute.opened|dispute.won|dispute.lost|subscription.renewed|subscription.cancelled
A0045,45,payment.authorized|payment.captured|payment.failed|refund.created|refund.settled|payout.paid|dispute.opened|dispute.won|dispute.lost|subscription.renewed|subscription.cancelled
A0045,1027,payment.failed|dispute.opened
A0045,640,payment.authorized|dispute.opened
A0045,641,payment.authorized|payment.captured|payment.failed|refund.created|refund.settled|payout.paid|dispute.opened|dispute.won|dispute.lost|subscription.renewed|subscription.cancelled
A0046,46,payment.authorized|payment.captured|payment.failed|refund.created|refund.settled|payout.paid|dispute.opened|dispute.won|dispute.lost|subscription.renewed|subscription.cancelled
A0046,1028,payment.failed|dispute.opened
A0046,640,payment.authorized|dispute.opened
A0046,641,payment.authorized|payment.captured|payment.failed|refund.created|refund.settled|payout.paid|dispute.opened|dispute.won|dispute.lost|subscription.renewed|subscription.cancelled
A0047,47,payment.authorized|payment.captured|payment.failed|refund.created|refund.settled|payout.paid|dispute.opened|dispute.won|dispute.lost|subscription.renewed|subscription.cancelled
A0047,1029,payment.failed|dispute.opened
A0047,640,payment.authorized|dispute.opened
A0047,641,payment.authorized|payment.captured|payment.failed|refund.created|refund.settled|payout.paid|dispute.opened|dispute.won|dispute.lost|subscription.renewed|subscription.cancelled
A0048,48,payment.authorized|payment.captured|payment.failed|refund.created|refund.settled|payout.paid|dispute.opened|dispute.won|dispute.lost|subscription.renewed|subscription.cancelled
A0048,1030,payment.failed|dispute.opened
A0048,640,payment.authorized|dispute.opened
A0048,641,payment.authorized|payment.captured|payment.failed|refund.created|refund.settled|payout.paid|dispute.opened|dispute.won|dispute.lost|subscription.renewed|subscription.cancelled
A0049,49,payment.authorized|payment.captured|payment.failed|refund.created|refund.settled|payout.paid|dispute.opened|dispute.won|dispute.lost|subscription.renewed|subscription.cancelled
A0049,1031,payment.failed|dispute.opened
A0049,640,payment.authorized|dispute.opened
A0049,641,payment.authorized|payment.captured|payment.failed|refund.created|refund.settled|payout.paid|dispute.opened|dispute.won|dispute.lost|subscription.renewed|subscription.cancelled
A0050,50,payment.authorized|payment.captured|payment.failed|refund.created|refund.settled|payout.paid|dispute.opened|dispute.won|dispute.lost|subscription.renewed|subscription.cancelled
A0050,1032,payment.failed|dispute.opened
A0050,640,payment.authorized|dispute.opened
A0050,641,payment.authorized|payment.captured|payment.failed|refund.created|refund.settled|payout.paid|dispute.opened|dispute.won|dispute.lost|subscription.renewed|subscription.cancelled
A0051,51,payment.authorized|payment.captured|payment.failed|refund.created|refund.settled|payout.paid|dispute.opened|dispute.won|dispute.lost|subscription.renewed|subscription.cancelled
A0051,1033,payment.failed|dispute.opened
A0051,640,payment.authorized|dispute.opened
A0051,641,payment.authorized|payment.captured|payment.failed|refund.created|refund.settled|payout.paid|dispute.opened|dispute.won|dispute.lost|subscription.renewed|subscription.cancelled
A0052,52,payment.authorized|payment.captured|payment.failed|refund.created|refund.settled|payout.paid|dispute.opened|dispute.won|dispute.lost|subscription.renewed|subscription.cancelled
A0052,1034,payment.failed|dispute.opened
A0052,640,payment.authorized|dispute.opened
A0052,641,payment.authorized|payment.captured|payment.failed|refund.created|refund.settled|payout.paid|dispute.opened|dispute.won|dispute.lost|subscription.renewed|subscription.cancelled
A0053,53,payment.authorized|payment.captured|payment.failed|refund.created|refund.settled|payout.paid|dispute.opened|dispute.won|dispute.lost|subscription.renewed|subscription.cancelled
A0053,1035,payment.failed|dispute.opened
A0053,640,payment.authorized|dispute.opened
A0053,641,payment.authorized|payment.captured|payment.failed|refund.created|refund.settled|payout.paid|dispute.opened|dispute.won|dispute.lost|subscription.renewed|subscription.cancelled
A0054,54,payment.authorized|payment.captured|payment.failed|refund.created|refund.settled|payout.paid|dispute.opened|dispute.won|dispute.lost|subscription.renewed|subscription.cancelled
A0054,1036,payment.failed|dispute.opened
A0054,640,payment.authorized|dispute.opened
A0054,641,payment.authorized|payment.captured|payment.failed|refund.created|refund.settled|payout.paid|dispute.opened|dispute.won|dispute.lost|subscription.renewed|subscription.cancelled
A0055,55,payment.authorized|payment.captured|payment.failed|refund.created|refund.settled|payout.paid|dispute.opened|dispute.won|dispute.lost|subscription.renewed|subscription.cancelled
A0055,1037,payment.failed|dispute.opened
A0055,640,payment.authorized|dispute.opened
A0055,641,payment.authorized|payment.captured|payment.failed|refund.created|refund.settled|payout.paid|dispute.opened|dispute.won|dispute.lost|subscription.renewed|subscription.cancelled
A0056,56,payment.authorized|payment.captured|payment.failed|refund.created|refund.settled|payout.paid|dispute.opened|dispute.won|dispute.lost|subscription.renewed|subscription.cancelled
A0056,1038,payment.failed|dispute.opened
A0056,640,payment.authorized|dispute.opened
A0056,641,payment.authorized|payment.captured|payment.failed|refund.created|refund.settled|payout.paid|dispute.opened|dispute.won|dispute.lost|subscription.renewed|subscription.cancelled
A0057,57,payment.authorized|payment.captured|payment.failed|refund.created|refund.settled|payout.paid|dispute.opened|dispute.won|dispute.lost|subscription.renewed|subscription.cancelled
A0057,1039,payment.failed|dispute.opened
A0057,640,payment.authorized|dispute.opened
A0057,641,payment.authorized|payment.captured|payment.failed|refund.created|refund.settled|payout.paid|dispute.opened|dispute.won|dispute.lost|subscription.renewed|subscription.cancelled
A0058,58,payment.authorized|payment.captured|payment.failed|refund.created|refund.settled|payout.paid|dispute.opened|dispute.won|dispute.lost|subscription.renewed|subscription.cancelled
A0058,1040,payment.failed|dispute.opened
A0058,640,payment.authorized|dispute.opened
A0058,641,payment.authorized|payment.captured|payment.failed|refund.created|refund.settled|payout.paid|dispute.opened|dispute.won|dispute.lost|subscription.renewed|subscription.cancelled
A0059,59,payment.authorized|payment.captured|payment.failed|refund.created|refund.settled|payout.paid|dispute.opened|dispute.won|dispute.lost|subscription.renewed|subscription.cancelled
A0059,1041,payment.failed|dispute.opened
A0059,640,payment.authorized|dispute.opened
A0059,641,payment.authorized|payment.captured|payment.failed|refund.created|refund.settled|payout.paid|dispute.opened|dispute.won|dispute.lost|subscription.renewed|subscription.cancelled
A0060,60,payment.authorized|payment.captured|payment.failed|refund.created|refund.settled|payout.paid|dispute.opened|dispute.won|dispute.lost|subscription.renewed|subscription.cancelled
A0060,1042,payment.failed|dispute.opened
A0060,640,payment.authorized|dispute.opened
A0060,641,payment.authorized|payment.captured|payment.failed|refund.created|refund.settled|payout.paid|dispute.opened|dispute.won|dispute.lost|subscription.renewed|subscription.cancelled
A0061,61,payment.authorized|payment.captured|payment.failed|refund.created|refund.settled|payout.paid|dispute.opened|dispute.won|dispute.lost|subscription.renewed|subscription.cancelled
A0061,1043,payment.failed|dispute.opened
A0061,640,payment.authorized|dispute.opened
A0061,641,payment.authorized|payment.captured|payment.failed|refund.created|refund.settled|payout.paid|dispute.opened|dispute.won|dispute.lost|subscription.renewed|subscription.cancelled
A0062,62,payment.authorized|payment.captured|payment.failed|refund.created|refund.settled|payout.paid|dispute.opened|dispute.won|dispute.lost|subscription.renewed|subscription.cancelled
A0062,1044,payment.failed|dispute.opened
A0062,640,payment.authorized|dispute.opened
A0062,641,payment.authorized|payment.captured|payment.failed|refund.created|refund.settled|payout.paid|dispute.opened|dispute.won|dispute.lost|subscription.renewed|subscription.cancelled
A0063,63,payment.authorized|payment.captured|payment.failed|refund.created|refund.settled|payout.paid|dispute.opened|dispute.won|dispute.lost|subscription.renewed|subscription.cancelled
A0063,1045,payment.failed|dispute.opened
A0063,640,payment.authorized|dispute.opened
A0063,641,payment.authorized|payment.captured|payment.failed|refund.created|refund.settled|payout.paid|dispute.opened|dispute.won|dispute.lost|subscription.renewed|subscription.cancelled
A0064,64,payment.authorized|payment.captured|payment.failed|refund.created|refund.settled|payout.paid|dispute.opened|dispute.won|dispute.lost|subscription.renewed|subscription.cancelled
A0064,1046,payment.failed|dispute.opened
A0064,640,payment.authorized|dispute.opened
A0064,641,payment.authorized|payment.captured|payment.failed|refund.created|refund.settled|payout.paid|dispute.opened|dispute.won|dispute.lost|subscription.renewed|subscription.cancelled
A0065,65,payment.authorized|payment.captured|payment.failed|refund.created|refund.settled|payout.paid|dispute.opened|dispute.won|dispute.lost|subscription.renewed|subscription.cancelled
A0065,1047,payment.failed|dispute.opened
A0065,640,payment.authorized|dispute.opened
A0065,641,payment.authorized|payment.captured|payment.failed|refund.created|refund.settled|payout.paid|dispute.opened|dispute.won|dispute.lost|subscription.renewed|subscription.cancelled
A0066,66,payment.authorized|payment.captured|payment.failed|refund.created|refund.settled|payout.paid|dispute.opened|dispute.won|dispute.lost|subscription.renewed|subscription.cancelled
A0066,1048,payment.failed|dispute.opened
A0066,640,payment.authorized|dispute.opened
A0066,641,payment.authorized|payment.captured|payment.failed|refund.created|refund.settled|payout.paid|dispute.opened|dispute.won|dispute.lost|subscription.renewed|subscription.cancelled
A0067,67,payment.authorized|payment.captured|payment.failed|refund.created|refund.settled|payout.paid|dispute.opened|dispute.won|dispute.lost|subscription.renewed|subscription.cancelled
A0067,1049,payment.failed|dispute.opened
A0067,640,payment.authorized|dispute.opened
A0067,641,payment.authorized|payment.captured|payment.failed|refund.created|refund.settled|payout.paid|dispute.opened|dispute.won|dispute.lost|subscription.renewed|subscription.cancelled
A0068,68,payment.authorized|payment.captured|payment.failed|refund.created|refund.settled|payout.paid|dispute.opened|dispute.won|dispute.lost|subscription.renewed|subscription.cancelled
A0068,1050,payment.failed|dispute.opened
A0068,640,payment.authorized|dispute.opened
A0068,641,payment.authorized|payment.captured|payment.failed|refund.created|refund.settled|payout.paid|dispute.opened|dispute.won|dispute.lost|subscription.renewed|subscription.cancelled
A0069,69,payment.authorized|payment.captured|payment.failed|refund.created|refund.settled|payout.paid|dispute.opened|dispute.won|dispute.lost|subscription.renewed|subscription.cancelled
A0069,1051,payment.failed|dispute.opened
A0069,640,payment.authorized|dispute.opened
A0069,641,payment.authorized|payment.captured|payment.failed|refund.created|refund.settled|payout.paid|dispute.opened|dispute.won|dispute.lost|subscription.renewed|subscription.cancelled
A0070,70,payment.authorized|payment.captured|payment.failed|refund.created|refund.settled|payout.paid|dispute.opened|dispute.won|dispute.lost|subscription.renewed|subscription.cancelled
A0070,1052,payment.failed|dispute.opened
A0070,640,payment.authorized|dispute.opened
A0070,641,payment.authorized|payment.captured|payment.failed|refund.created|refund.settled|payout.paid|dispute.opened|dispute.won|dispute.lost|subscription.renewed|subscription.cancelled
A0071,71,payment.authorized|payment.captured|payment.failed|refund.created|refund.settled|payout.paid|dispute.opened|dispute.won|dispute.lost|subscription.renewed|subscription.cancelled
A0071,1053,payment.failed|dispute.opened
A0071,640,payment.authorized|dispute.opened
A0071,641,payment.authorized|payment.captured|payment.failed|refund.created|refund.settled|payout.paid|dispute.opened|dispute.won|dispute.lost|subscription.renewed|subscription.cancelled
A0072,72,payment.authorized|payment.captured|payment.failed|refund.created|refund.settled|payout.paid|dispute.opened|dispute.won|dispute.lost|subscription.renewed|subscription.cancelled
A0072,1054,payment.failed|dispute.opened
A0072,640,payment.authorized|dispute.opened
A0072,641,payment.authorized|payment.captured|payment.failed|refund.created|refund.settled|payout.paid|dispute.opened|dispute.won|dispute.lost|subscription.renewed|subscription.cancelled
A0073,73,payment.authorized|payment.captured|payment.failed|refund.created|refund.settled|payout.paid|dispute.opened|dispute.won|dispute.lost|subscription.renewed|subscription.cancelled
A0073,1055,payment.failed|dispute.opened
A0073,640,payment.authorized|dispute.opened
A0073,641,payment.authorized|payment.captured|payment.failed|refund.created|refund.settled|payout.paid|dispute.opened|dispute.won|dispute.lost|subscription.renewed|subscription.cancelled
A0074,74,payment.authorized|payment.captured|payment.failed|refund.created|refund.settled|payout.paid|dispute.opened|dispute.won|dispute.lost|subscription.renewed|subscription.cancelled
A0074,1056,payment.failed|dispute.opened
A0074,640,payment.authorized|dispute.opened
A0074,641,payment.authorized|payment.captured|payment.failed|refund.created|refund.settled|payout.paid|dispute.opened|dispute.won|dispute.lost|subscription.renewed|subscription.cancelled
A0075,75,payment.authorized|payment.captured|payment.failed|refund.created|refund.settled|payout.paid|dispute.opened|dispute.won|dispute.lost|subscription.renewed|subscription.cancelled
A0075,1057,payment.failed|dispute.opened
A0075,640,payment.authorized|dispute.opened
A0075,641,payment.authorized|payment.captured|payment.failed|refund.created|refund.settled|payout.paid|dispute.opened|dispute.won|dispute.lost|subscription.renewed|subscription.cancelled
A0076,76,payment.authorized|payment.captured|payment.failed|refund.created|refund.settled|payout.paid|dispute.opened|dispute.won|dispute.lost|subscription.renewed|subscription.cancelled
A0076,1058,payment.failed|dispute.opened
A0076,640,payment.authorized|dispute.opened
A0076,641,payment.authorized|payment.captured|payment.failed|refund.created|refund.settled|payout.paid|dispute.opened|dispute.won|dispute.lost|subscription.renewed|subscription.cancelled
A0077,77,payment.authorized|payment.captured|payment.failed|refund.created|refund.settled|payout.paid|dispute.opened|dispute.won|dispute.lost|subscription.renewed|subscription.cancelled
A0077,1059,payment.failed|dispute.opened
A0077,640,payment.authorized|dispute.opened
A0077,641,payment.authorized|payment.captured|payment.failed|refund.created|refund.settled|payout.paid|dispute.opened|dispute.won|dispute.lost|subscription.renewed|subscription.cancelled
A0078,78,payment.authorized|payment.captured|payment.failed|refund.created|refund.settled|payout.paid|dispute.opened|dispute.won|dispute.lost|subscription.renewed|subscription.cancelled
A0078,1060,payment.failed|dispute.opened
A0078,640,payment.authorized|dispute.opened
A0078,641,payment.authorized|payment.captured|payment.failed|refund.created|refund.settled|payout.paid|dispute.opened|dispute.won|dispute.lost|subscription.renewed|subscription.cancelled
A0079,79,payment.authorized|payment.captured|payment.failed|refund.created|refund.settled|payout.paid|dispute.opened|dispute.won|dispute.lost|subscription.renewed|subscription.cancelled
A0079,1061,payment.failed|dispute.opened
A0079,640,payment.authorized|dispute.opened
A0079,641,payment.authorized|payment.captured|payment.failed|refund.created|refund.settled|payout.paid|dispute.opened|dispute.won|dispute.lost|subscription.renewed|subscription.cancelled
A0080,80,payment.authorized|payment.captured|payment.failed|refund.created|refund.settled|payout.paid|dispute.opened|dispute.won|dispute.lost|subscription.renewed|subscription.cancelled
A0080,1062,payment.failed|dispute.opened
A0080,640,payment.authorized|dispute.opened
A0080,641,payment.authorized|payment.captured|payment.failed|refund.created|refund.settled|payout.paid|dispute.opened|dispute.won|dispute.lost|subscription.renewed|subscription.cancelled
A0081,81,payment.authorized|payment.captured|payment.failed|refund.created|refund.settled|payout.paid|dispute.opened|dispute.won|dispute.lost|subscription.renewed|subscription.cancelled
A0081,1063,payment.failed|dispute.opened
A0081,640,payment.authorized|dispute.opened
A0081,641,payment.authorized|payment.captured|payment.failed|refund.created|refund.settled|payout.paid|dispute.opened|dispute.won|dispute.lost|subscription.renewed|subscription.cancelled
A0082,82,payment.authorized|payment.captured|payment.failed|refund.created|refund.settled|payout.paid|dispute.opened|dispute.won|dispute.lost|subscription.renewed|subscription.cancelled
A0082,1064,payment.failed|dispute.opened
A0082,640,payment.authorized|dispute.opened
A0082,641,payment.authorized|payment.captured|payment.failed|refund.created|refund.settled|payout.paid|dispute.opened|dispute.won|dispute.lost|subscription.renewed|subscription.cancelled
A0083,83,payment.authorized|payment.captured|payment.failed|refund.created|refund.settled|payout.paid|dispute.opened|dispute.won|dispute.lost|subscription.renewed|subscription.cancelled
A0083,1065,payment.failed|dispute.opened
A0083,640,payment.authorized|dispute.opened
A0083,641,payment.authorized|payment.captured|payment.failed|refund.created|refund.settled|payout.paid|dispute.opened|dispute.won|dispute.lost|subscription.renewed|subscription.cancelled
A0084,84,payment.authorized|payment.captured|payment.failed|refund.created|refund.settled|payout.paid|dispute.opened|dispute.won|dispute.lost|subscription.renewed|subscription.cancelled
A0084,1066,payment.failed|dispute.opened
A0084,640,payment.authorized|dispute.opened
A0084,641,payment.authorized|payment.captured|payment.failed|refund.created|refund.settled|payout.paid|dispute.opened|dispute.won|dispute.lost|subscription.renewed|subscription.cancelled
A0085,85,payment.authorized|payment.captured|payment.failed|refund.created|refund.settled|payout.paid|dispute.opened|dispute.won|dispute.lost|subscription.renewed|subscription.cancelled
A0085,1067,payment.failed|dispute.opened
A0085,640,payment.authorized|dispute.opened
A0085,641,payment.authorized|payment.captured|payment.failed|refund.created|refund.settled|payout.paid|dispute.opened|dispute.won|dispute.lost|subscription.renewed|subscription.cancelled
A0086,86,payment.authorized|payment.captured|payment.failed|refund.created|refund.settled|payout.paid|dispute.opened|dispute.won|dispute.lost|subscription.renewed|subscription.cancelled
A0086,1068,payment.failed|dispute.opened
A0086,640,payment.authorized|dispute.opened
A0086,641,payment.authorized|payment.captured|payment.failed|refund.created|refund.settled|payout.paid|dispute.opened|dispute.won|dispute.lost|subscription.renewed|subscription.cancelled
A0087,87,payment.authorized|payment.captured|payment.failed|refund.created|refund.settled|payout.paid|dispute.opened|dispute.won|dispute.lost|subscription.renewed|subscription.cancelled
A0087,1069,payment.failed|dispute.opened
A0087,640,payment.authorized|dispute.opened
A0087,641,payment.authorized|payment.captured|payment.failed|refund.created|refund.settled|payout.paid|dispute.opened|dispute.won|dispute.lost|subscription.renewed|subscription.cancelled
A0088,88,payment.authorized|payment.captured|payment.failed|refund.created|refund.settled|payout.paid|dispute.opened|dispute.won|dispute.lost|subscription.renewed|subscription.cancelled
A0088,1070,payment.failed|dispute.opened
A0088,640,payment.authorized|dispute.opened
A0088,641,payment.authorized|payment.captured|payment.failed|refund.created|refund.settled|payout.paid|dispute.opened|dispute.won|dispute.lost|subscription.renewed|subscription.cancelled
A0089,89,payment.authorized|payment.captured|payment.failed|refund.created|refund.settled|payout.paid|dispute.opened|dispute.won|dispute.lost|subscription.renewed|subscription.cancelled
A0089,1071,payment.failed|dispute.opened
A0089,640,payment.authorized|dispute.opened
A0089,641,payment.authorized|payment.captured|payment.failed|refund.created|refund.settled|payout.paid|dispute.opened|dispute.won|dispute.lost|subscription.renewed|subscription.cancelled
A0090,90,payment.authorized|payment.captured|payment.failed|refund.created|refund.settled|payout.paid|dispute.opened|dispute.won|dispute.lost|subscription.renewed|subscription.cancelled
A0090,1072,payment.failed|dispute.opened
A0090,640,payment.authorized|dispute.opened
A0090,641,payment.authorized|payment.captured|payment.failed|refund.created|refund.settled|payout.paid|dispute.opened|dispute.won|dispute.lost|subscription.renewed|subscription.cancelled
A0091,91,payment.authorized|payment.captured|payment.failed|refund.created|refund.settled|payout.paid|dispute.opened|dispute.won|dispute.lost|subscription.renewed|subscription.cancelled
A0091,1073,payment.failed|dispute.opened
A0091,640,payment.authorized|dispute.opened
A0091,641,payment.authorized|payment.captured|payment.failed|refund.created|refund.settled|payout.paid|dispute.opened|dispute.won|dispute.lost|subscription.renewed|subscription.cancelled
A0092,92,payment.authorized|payment.captured|payment.failed|refund.created|refund.settled|payout.paid|dispute.opened|dispute.won|dispute.lost|subscription.renewed|subscription.cancelled
A0092,1074,payment.failed|dispute.opened
A0092,640,payment.authorized|dispute.opened
A0092,641,payment.authorized|payment.captured|payment.failed|refund.created|refund.settled|payout.paid|dispute.opened|dispute.won|dispute.lost|subscription.renewed|subscription.cancelled
A0093,93,payment.authorized|payment.captured|payment.failed|refund.created|refund.settled|payout.paid|dispute.opened|dispute.won|dispute.lost|subscription.renewed|subscription.cancelled
A0093,1075,payment.failed|dispute.opened
A0093,640,payment.authorized|dispute.opened
A0093,641,payment.authorized|payment.captured|payment.failed|refund.created|refund.settled|payout.paid|dispute.opened|dispute.won|dispute.lost|subscription.renewed|subscription.cancelled
A0094,94,payment.authorized|payment.captured|payment.failed|refund.created|refund.settled|payout.paid|dispute.opened|dispute.won|dispute.lost|subscription.renewed|subscription.cancelled
A0094,1076,payment.failed|dispute.opened
A0094,640,payment.authorized|dispute.opened
A0094,641,payment.authorized|payment.captured|payment.failed|refund.created|refund.settled|payout.paid|dispute.opened|dispute.won|dispute.lost|subscription.renewed|subscription.cancelled
A0095,95,payment.authorized|payment.captured|payment.failed|refund.created|refund.settled|payout.paid|dispute.opened|dispute.won|dispute.lost|subscription.renewed|subscription.cancelled
A0095,1077,payment.failed|dispute.opened
A0095,640,payment.authorized|dispute.opened
A0095,641,payment.authorized|payment.captured|payment.failed|refund.created|refund.settled|payout.paid|dispute.opened|dispute.won|dispute.lost|subscription.renewed|subscription.cancelled
A0096,96,payment.authorized|payment.captured|payment.failed|refund.created|refund.settled|payout.paid|dispute.opened|dispute.won|dispute.lost|subscription.renewed|subscription.cancelled
A0096,1078,payment.failed|dispute.opened
A0096,640,payment.authorized|dispute.opened
A0096,641,payment.authorized|payment.captured|payment.failed|refund.created|refund.settled|payout.paid|dispute.opened|dispute.won|dispute.lost|subscription.renewed|subscription.cancelled
A0097,97,payment.authorized|payment.captured|payment.failed|refund.created|refund.settled|payout.paid|dispute.opened|dispute.won|dispute.lost|subscription.renewed|subscription.cancelled
A0097,1079,payment.failed|dispute.opened
A0097,640,payment.authorized|dispute.opened
A0097,641,payment.authorized|payment.captured|payment.failed|refund.created|refund.settled|payout.paid|dispute.opened|dispute.won|dispute.lost|subscription.renewed|subscription.cancelled
A0098,98,payment.authorized|payment.captured|payment.failed|refund.created|refund.settled|payout.paid|dispute.opened|dispute.won|dispute.lost|subscription.renewed|subscription.cancelled
A0098,1080,payment.failed|dispute.opened
A0098,640,payment.authorized|dispute.opened
A0098,641,payment.authorized|payment.captured|payment.failed|refund.created|refund.settled|payout.paid|dispute.opened|dispute.won|dispute.lost|subscription.renewed|subscription.cancelled
A0099,99,payment.authorized|payment.captured|payment.failed|refund.created|refund.settled|payout.paid|dispute.opened|dispute.won|dispute.lost|subscription.renewed|subscription.cancelled
A0099,1081,payment.failed|dispute.opened
A0099,640,payment.authorized|dispute.opened
A0099,641,payment.authorized|payment.captured|payment.failed|refund.created|refund.settled|payout.paid|dispute.opened|dispute.won|dispute.lost|subscription.renewed|subscription.cancelled
A0100,100,payment.authorized|payment.captured|payment.failed|refund.created|refund.settled|payout.paid|dispute.opened|dispute.won|dispute.lost|subscription.renewed|subscription.cancelled
A0100,1082,payment.failed|dispute.opened
A0100,640,payment.authorized|dispute.opened
A0100,641,payment.authorized|payment.captured|payment.failed|refund.created|refund.settled|payout.paid|dispute.opened|dispute.won|dispute.lost|subscription.renewed|subscription.cancelled
A0101,101,payment.authorized|payment.captured|payment.failed|refund.created|refund.settled|payout.paid|dispute.opened|dispute.won|dispute.lost|subscription.renewed|subscription.cancelled
A0101,1083,payment.failed|dispute.opened
A0101,640,payment.authorized|dispute.opened
A0101,641,payment.authorized|payment.captured|payment.failed|refund.created|refund.settled|payout.paid|dispute.opened|dispute.won|dispute.lost|subscription.renewed|subscription.cancelled
A0102,102,payment.authorized|payment.captured|payment.failed|refund.created|refund.settled|payout.paid|dispute.opened|dispute.won|dispute.lost|subscription.renewed|subscription.cancelled
A0102,1084,payment.failed|dispute.opened
A0102,640,payment.authorized|dispute.opened
A0102,641,payment.authorized|payment.captured|payment.failed|refund.created|refund.settled|payout.paid|dispute.opened|dispute.won|dispute.lost|subscription.renewed|subscription.cancelled
A0103,103,payment.authorized|payment.captured|payment.failed|refund.created|refund.settled|payout.paid|dispute.opened|dispute.won|dispute.lost|subscription.renewed|subscription.cancelled
A0103,1085,payment.failed|dispute.opened
A0103,640,payment.authorized|dispute.opened
A0103,641,payment.authorized|payment.captured|payment.failed|refund.created|refund.settled|payout.paid|dispute.opened|dispute.won|dispute.lost|subscription.renewed|subscription.cancelled
A0104,104,payment.authorized|payment.captured|payment.failed|refund.created|refund.settled|payout.paid|dispute.opened|dispute.won|dispute.lost|subscription.renewed|subscription.cancelled
A0104,1086,payment.failed|dispute.opened
A0104,640,payment.authorized|dispute.opened
A0104,641,payment.authorized|payment.captured|payment.failed|refund.created|refund.settled|payout.paid|dispute.opened|dispute.won|dispute.lost|subscription.renewed|subscription.cancelled
A0105,105,payment.authorized|payment.captured|payment.failed|refund.created|refund.settled|payout.paid|dispute.opened|dispute.won|dispute.lost|subscription.renewed|subscription.cancelled
A0105,1087,payment.failed|dispute.opened
A0105,640,payment.authorized|dispute.opened
A0105,641,payment.authorized|payment.captured|payment.failed|refund.created|refund.settled|payout.paid|dispute.opened|dispute.won|dispute.lost|subscription.renewed|subscription.cancelled
A0106,106,payment.authorized|payment.captured|payment.failed|refund.created|refund.settled|payout.paid|dispute.opened|dispute.won|dispute.lost|subscription.renewed|subscription.cancelled
A0106,1088,payment.failed|dispute.opened
A0106,640,payment.authorized|dispute.opened
A0106,641,payment.authorized|payment.captured|payment.failed|refund.created|refund.settled|payout.paid|dispute.opened|dispute.won|dispute.lost|subscription.renewed|subscription.cancelled
A0107,107,payment.authorized|payment.captured|payment.failed|refund.created|refund.settled|payout.paid|dispute.opened|dispute.won|dispute.lost|subscription.renewed|subscription.cancelled
A0107,1089,payment.failed|dispute.opened
A0107,640,payment.authorized|dispute.opened
A0107,641,payment.authorized|payment.captured|payment.failed|refund.created|refund.settled|payout.paid|dispute.opened|dispute.won|dispute.lost|subscription.renewed|subscription.cancelled
A0108,108,payment.authorized|payment.captured|payment.failed|refund.created|refund.settled|payout.paid|dispute.opened|dispute.won|dispute.lost|subscription.renewed|subscription.cancelled
A0108,1090,payment.failed|dispute.opened
A0108,640,payment.authorized|dispute.opened
A0108,641,payment.authorized|payment.captured|payment.failed|refund.created|refund.settled|payout.paid|dispute.opened|dispute.won|dispute.lost|subscription.renewed|subscription.cancelled
A0109,109,payment.authorized|payment.captured|payment.failed|refund.created|refund.settled|payout.paid|dispute.opened|dispute.won|dispute.lost|subscription.renewed|subscription.cancelled
A0109,1091,payment.failed|dispute.opened
A0109,640,payment.authorized|dispute.opened
A0109,641,payment.authorized|payment.captured|payment.failed|refund.created|refund.settled|payout.paid|dispute.opened|dispute.won|dispute.lost|subscription.renewed|subscription.cancelled
A0110,110,payment.authorized|payment.captured|payment.failed|refund.created|refund.settled|payout.paid|dispute.opened|dispute.won|dispute.lost|subscription.renewed|subscription.cancelled
A0110,1092,payment.failed|dispute.opened
A0110,640,payment.authorized|dispute.opened
A0110,641,payment.authorized|payment.captured|payment.failed|refund.created|refund.settled|payout.paid|dispute.opened|dispute.won|dispute.lost|subscription.renewed|subscription.cancelled
A0111,111,payment.authorized|payment.captured|payment.failed|refund.created|refund.settled|payout.paid|dispute.opened|dispute.won|dispute.lost|subscription.renewed|subscription.cancelled
A0111,1093,payment.failed|dispute.opened
A0111,640,payment.authorized|dispute.opened
A0111,641,payment.authorized|payment.captured|payment.failed|refund.created|refund.settled|payout.paid|dispute.opened|dispute.won|dispute.lost|subscription.renewed|subscription.cancelled
A0112,112,payment.authorized|payment.captured|payment.failed|refund.created|refund.settled|payout.paid|dispute.opened|dispute.won|dispute.lost|subscription.renewed|subscription.cancelled
A0112,1094,payment.failed|dispute.opened
A0112,640,payment.authorized|dispute.opened
A0112,641,payment.authorized|payment.captured|payment.failed|refund.created|refund.settled|payout.paid|dispute.opened|dispute.won|dispute.lost|subscription.renewed|subscription.cancelled
A0113,113,payment.authorized|payment.captured|payment.failed|refund.created|refund.settled|payout.paid|dispute.opened|dispute.won|dispute.lost|subscription.renewed|subscription.cancelled
A0113,1095,payment.failed|dispute.opened
A0113,640,payment.authorized|dispute.opened
A0113,641,payment.authorized|payment.captured|payment.failed|refund.created|refund.settled|payout.paid|dispute.opened|dispute.won|dispute.lost|subscription.renewed|subscription.cancelled
A0114,114,payment.authorized|payment.captured|payment.failed|refund.created|refund.settled|payout.paid|dispute.opened|dispute.won|dispute.lost|subscription.renewed|subscription.cancelled
A0114,1096,payment.failed|dispute.opened
A0114,640,payment.authorized|dispute.opened
A0114,641,payment.authorized|payment.captured|payment.failed|refund.created|refund.settled|payout.paid|dispute.opened|dispute.won|dispute.lost|subscription.renewed|subscription.cancelled
A0115,115,payment.authorized|payment.captured|payment.failed|refund.created|refund.settled|payout.paid|dispute.opened|dispute.won|dispute.lost|subscription.renewed|subscription.cancelled
A0115,1097,payment.failed|dispute.opened
A0115,640,payment.authorized|dispute.opened
A0115,641,payment.authorized|payment.captured|payment.failed|refund.created|refund.settled|payout.paid|dispute.opened|dispute.won|dispute.lost|subscription.renewed|subscription.cancelled
A0116,116,payment.authorized|payment.captured|payment.failed|refund.created|refund.settled|payout.paid|dispute.opened|dispute.won|dispute.lost|subscription.renewed|subscription.cancelled
A0116,1098,payment.failed|dispute.opened
A0116,640,payment.authorized|dispute.opened
A0116,641,payment.authorized|payment.captured|payment.failed|refund.created|refund.settled|payout.paid|dispute.opened|dispute.won|dispute.lost|subscription.renewed|subscription.cancelled
A0117,117,payment.authorized|payment.captured|payment.failed|refund.created|refund.settled|payout.paid|dispute.opened|dispute.won|dispute.lost|subscription.renewed|subscription.cancelled
A0117,1099,payment.failed|dispute.opened
A0117,640,payment.authorized|dispute.opened
A0117,641,payment.authorized|payment.captured|payment.failed|refund.created|refund.settled|payout.paid|dispute.opened|dispute.won|dispute.lost|subscription.renewed|subscription.cancelled
A0118,118,payment.authorized|payment.captured|payment.failed|refund.created|refund.settled|payout.paid|dispute.opened|dispute.won|dispute.lost|subscription.renewed|subscription.cancelled
A0118,1100,payment.failed|dispute.opened
A0118,640,payment.authorized|dispute.opened
A0118,641,payment.authorized|payment.captured|payment.failed|refund.created|refund.settled|payout.paid|dispute.opened|dispute.won|dispute.lost|subscription.renewed|subscription.cancelled
A0119,119,payment.authorized|payment.captured|payment.failed|refund.created|refund.settled|payout.paid|dispute.opened|dispute.won|dispute.lost|subscription.renewed|subscription.cancelled
A0119,1101,payment.failed|dispute.opened
A0119,640,payment.authorized|dispute.opened
A0119,641,payment.authorized|payment.captured|payment.failed|refund.created|refund.settled|payout.paid|dispute.opened|dispute.won|dispute.lost|subscription.renewed|subscription.cancelled
A0120,120,payment.authorized|payment.captured|payment.failed|refund.created|refund.settled|payout.paid|dispute.opened|dispute.won|dispute.lost|subscription.renewed|subscription.cancelled
A0120,1102,payment.failed|dispute.opened
A0120,640,payment.authorized|dispute.opened
A0120,641,payment.authorized|payment.captured|payment.failed|refund.created|refund.settled|payout.paid|dispute.opened|dispute.won|dispute.lost|subscription.renewed|subscription.cancelled
A0121,121,payment.authorized|payment.captured|payment.failed|refund.created|refund.settled|payout.paid|dispute.opened|dispute.won|dispute.lost|subscription.renewed|subscription.cancelled
A0121,1103,payment.failed|dispute.opened
A0121,640,payment.authorized|dispute.opened
A0121,641,payment.authorized|payment.captured|payment.failed|refund.created|refund.settled|payout.paid|dispute.opened|dispute.won|dispute.lost|subscription.renewed|subscription.cancelled
A0122,122,payment.authorized|payment.captured|payment.failed|refund.created|refund.settled|payout.paid|dispute.opened|dispute.won|dispute.lost|subscription.renewed|subscription.cancelled
A0122,1104,payment.failed|dispute.opened
A0122,640,payment.authorized|dispute.opened
A0122,641,payment.authorized|payment.captured|payment.failed|refund.created|refund.settled|payout.paid|dispute.opened|dispute.won|dispute.lost|subscription.renewed|subscription.cancelled
A0123,123,payment.authorized|payment.captured|payment.failed|refund.created|refund.settled|payout.paid|dispute.opened|dispute.won|dispute.lost|subscription.renewed|subscription.cancelled
A0123,1105,payment.failed|dispute.opened
A0123,640,payment.authorized|dispute.opened
A0123,641,payment.authorized|payment.captured|payment.failed|refund.created|refund.settled|payout.paid|dispute.opened|dispute.won|dispute.lost|subscription.renewed|subscription.cancelled
A0124,124,payment.authorized|payment.captured|payment.failed|refund.created|refund.settled|payout.paid|dispute.opened|dispute.won|dispute.lost|subscription.renewed|subscription.cancelled
A0124,1106,payment.failed|dispute.opened
A0124,640,payment.authorized|dispute.opened
A0124,641,payment.authorized|payment.captured|payment.failed|refund.created|refund.settled|payout.paid|dispute.opened|dispute.won|dispute.lost|subscription.renewed|subscription.cancelled
A0125,125,payment.authorized|payment.captured|payment.failed|refund.created|refund.settled|payout.paid|dispute.opened|dispute.won|dispute.lost|subscription.renewed|subscription.cancelled
A0125,1107,payment.failed|dispute.opened
A0125,640,payment.authorized|dispute.opened
A0125,641,payment.authorized|payment.captured|payment.failed|refund.created|refund.settled|payout.paid|dispute.opened|dispute.won|dispute.lost|subscription.renewed|subscription.cancelled
A0126,126,payment.authorized|payment.captured|payment.failed|refund.created|refund.settled|payout.paid|dispute.opened|dispute.won|dispute.lost|subscription.renewed|subscription.cancelled
A0126,1108,payment.failed|dispute.opened
A0126,640,payment.authorized|dispute.opened
A0126,641,payment.authorized|payment.captured|payment.failed|refund.created|refund.settled|payout.paid|dispute.opened|dispute.won|dispute.lost|subscription.renewed|subscription.cancelled
A0127,127,payment.authorized|payment.captured|payment.failed|refund.created|refund.settled|payout.paid|dispute.opened|dispute.won|dispute.lost|subscription.renewed|subscription.cancelled
A0127,1109,payment.failed|dispute.opened
A0127,640,payment.authorized|dispute.opened
A0127,641,payment.authorized|payment.captured|payment.failed|refund.created|refund.settled|payout.paid|dispute.opened|dispute.won|dispute.lost|subscription.renewed|subscription.cancelled
A0128,128,payment.authorized|payment.captured|payment.failed|refund.created|refund.settled|payout.paid|dispute.opened|dispute.won|dispute.lost|subscription.renewed|subscription.cancelled
A0128,1110,payment.failed|dispute.opened
A0128,640,payment.authorized|dispute.opened
A0128,641,payment.authorized|payment.captured|payment.failed|refund.created|refund.settled|payout.paid|dispute.opened|dispute.won|dispute.lost|subscription.renewed|subscription.cancelled
A0129,129,payment.authorized|payment.captured|payment.failed|refund.created|refund.settled|payout.paid|dispute.opened|dispute.won|dispute.lost|subscription.renewed|subscription.cancelled
A0129,1111,payment.failed|dispute.opened
A0129,640,payment.authorized|dispute.opened
A0129,641,payment.authorized|payment.captured|payment.failed|refund.created|refund.settled|payout.paid|dispute.opened|dispute.won|dispute.lost|subscription.renewed|subscription.cancelled
A0130,130,payment.authorized|payment.captured|payment.failed|refund.created|refund.settled|payout.paid|dispute.opened|dispute.won|dispute.lost|subscription.renewed|subscription.cancelled
A0130,1112,payment.failed|dispute.opened
A0130,640,payment.authorized|dispute.opened
A0130,641,payment.authorized|payment.captured|payment.failed|refund.created|refund.settled|payout.paid|dispute.opened|dispute.won|dispute.lost|subscription.renewed|subscription.cancelled
A0131,131,payment.authorized|payment.captured|payment.failed|refund.created|refund.settled|payout.paid|dispute.opened|dispute.won|dispute.lost|subscription.renewed|subscription.cancelled
A0131,1113,payment.failed|dispute.opened
A0131,640,payment.authorized|dispute.opened
A0131,641,payment.authorized|payment.captured|payment.failed|refund.created|refund.settled|payout.paid|dispute.opened|dispute.won|dispute.lost|subscription.renewed|subscription.cancelled
A0132,132,payment.authorized|payment.captured|payment.failed|refund.created|refund.settled|payout.paid|dispute.opened|dispute.won|dispute.lost|subscription.renewed|subscription.cancelled
A0132,1114,payment.failed|dispute.opened
A0132,640,payment.authorized|dispute.opened
A0132,641,payment.authorized|payment.captured|payment.failed|refund.created|refund.settled|payout.paid|dispute.opened|dispute.won|dispute.lost|subscription.renewed|subscription.cancelled
A0133,133,payment.authorized|payment.captured|payment.failed|refund.created|refund.settled|payout.paid|dispute.opened|dispute.won|dispute.lost|subscription.renewed|subscription.cancelled
A0133,1115,payment.failed|dispute.opened
A0133,640,payment.authorized|dispute.opened
A0133,641,payment.authorized|payment.captured|payment.failed|refund.created|refund.settled|payout.paid|dispute.opened|dispute.won|dispute.lost|subscription.renewed|subscription.cancelled
A0134,134,payment.authorized|payment.captured|payment.failed|refund.created|refund.settled|payout.paid|dispute.opened|dispute.won|dispute.lost|subscription.renewed|subscription.cancelled
A0134,1116,payment.failed|dispute.opened
A0134,640,payment.authorized|dispute.opened
A0134,641,payment.authorized|payment.captured|payment.failed|refund.created|refund.settled|payout.paid|dispute.opened|dispute.won|dispute.lost|subscription.renewed|subscription.cancelled
A0135,135,payment.authorized|payment.captured|payment.failed|refund.created|refund.settled|payout.paid|dispute.opened|dispute.won|dispute.lost|subscription.renewed|subscription.cancelled
A0135,1117,payment.failed|dispute.opened
A0135,640,payment.authorized|dispute.opened
A0135,641,payment.authorized|payment.captured|payment.failed|refund.created|refund.settled|payout.paid|dispute.opened|dispute.won|dispute.lost|subscription.renewed|subscription.cancelled
A0136,136,payment.authorized|payment.captured|payment.failed|refund.created|refund.settled|payout.paid|dispute.opened|dispute.won|dispute.lost|subscription.renewed|subscription.cancelled
A0136,1118,payment.failed|dispute.opened
A0136,640,payment.authorized|dispute.opened
A0136,641,payment.authorized|payment.captured|payment.failed|refund.created|refund.settled|payout.paid|dispute.opened|dispute.won|dispute.lost|subscription.renewed|subscription.cancelled
A0137,137,payment.authorized|payment.captured|payment.failed|refund.created|refund.settled|payout.paid|dispute.opened|dispute.won|dispute.lost|subscription.renewed|subscription.cancelled
A0137,1119,payment.failed|dispute.opened
A0137,640,payment.authorized|dispute.opened
A0137,641,payment.authorized|payment.captured|payment.failed|refund.created|refund.settled|payout.paid|dispute.opened|dispute.won|dispute.lost|subscription.renewed|subscription.cancelled
A0138,138,payment.authorized|payment.captured|payment.failed|refund.created|refund.settled|payout.paid|dispute.opened|dispute.won|dispute.lost|subscription.renewed|subscription.cancelled
A0138,1120,payment.failed|dispute.opened
A0138,640,payment.authorized|dispute.opened
A0138,641,payment.authorized|payment.captured|payment.failed|refund.created|refund.settled|payout.paid|dispute.opened|dispute.won|dispute.lost|subscription.renewed|subscription.cancelled
A0139,139,payment.authorized|payment.captured|payment.failed|refund.created|refund.settled|payout.paid|dispute.opened|dispute.won|dispute.lost|subscription.renewed|subscription.cancelled
A0139,1121,payment.failed|dispute.opened
A0139,640,payment.authorized|dispute.opened
A0139,641,payment.authorized|payment.captured|payment.failed|refund.created|refund.settled|payout.paid|dispute.opened|dispute.won|dispute.lost|subscription.renewed|subscription.cancelled
A0140,140,payment.authorized|payment.captured|payment.failed|refund.created|refund.settled|payout.paid|dispute.opened|dispute.won|dispute.lost|subscription.renewed|subscription.cancelled
A0140,1122,payment.failed|dispute.opened
A0140,640,payment.authorized|dispute.opened
A0140,641,payment.authorized|payment.captured|payment.failed|refund.created|refund.settled|payout.paid|dispute.opened|dispute.won|dispute.lost|subscription.renewed|subscription.cancelled
A0141,141,payment.authorized|payment.captured|payment.failed|refund.created|refund.settled|payout.paid|dispute.opened|dispute.won|dispute.lost|subscription.renewed|subscription.cancelled
A0141,1123,payment.failed|dispute.opened
A0141,640,payment.authorized|dispute.opened
A0141,641,payment.authorized|payment.captured|payment.failed|refund.created|refund.settled|payout.paid|dispute.opened|dispute.won|dispute.lost|subscription.renewed|subscription.cancelled
A0142,142,payment.authorized|payment.captured|payment.failed|refund.created|refund.settled|payout.paid|dispute.opened|dispute.won|dispute.lost|subscription.renewed|subscription.cancelled
A0142,1124,payment.failed|dispute.opened
A0142,640,payment.authorized|dispute.opened
A0142,641,payment.authorized|payment.captured|payment.failed|refund.created|refund.settled|payout.paid|dispute.opened|dispute.won|dispute.lost|subscription.renewed|subscription.cancelled
A0143,143,payment.authorized|payment.captured|payment.failed|refund.created|refund.settled|payout.paid|dispute.opened|dispute.won|dispute.lost|subscription.renewed|subscription.cancelled
A0143,1125,payment.failed|dispute.opened
A0143,640,payment.authorized|dispute.opened
A0143,641,payment.authorized|payment.captured|payment.failed|refund.created|refund.settled|payout.paid|dispute.opened|dispute.won|dispute.lost|subscription.renewed|subscription.cancelled
A0144,144,payment.authorized|payment.captured|payment.failed|refund.created|refund.settled|payout.paid|dispute.opened|dispute.won|dispute.lost|subscription.renewed|subscription.cancelled
A0144,1126,payment.failed|dispute.opened
A0144,640,payment.authorized|dispute.opened
A0144,641,payment.authorized|payment.captured|payment.failed|refund.created|refund.settled|payout.paid|dispute.opened|dispute.won|dispute.lost|subscription.renewed|subscription.cancelled
A0145,145,payment.authorized|payment.captured|payment.failed|refund.created|refund.settled|payout.paid|dispute.opened|dispute.won|dispute.lost|subscription.renewed|subscription.cancelled
A0145,1127,payment.failed|dispute.opened
A0145,640,payment.authorized|dispute.opened
A0145,641,payment.authorized|payment.captured|payment.failed|refund.created|refund.settled|payout.paid|dispute.opened|dispute.won|dispute.lost|subscription.renewed|subscription.cancelled
A0146,146,payment.authorized|payment.captured|payment.failed|refund.created|refund.settled|payout.paid|dispute.opened|dispute.won|dispute.lost|subscription.renewed|subscription.cancelled
A0146,1128,payment.failed|dispute.opened
A0146,640,payment.authorized|dispute.opened
A0146,641,payment.authorized|payment.captured|payment.failed|refund.created|refund.settled|payout.paid|dispute.opened|dispute.won|dispute.lost|subscription.renewed|subscription.cancelled
A0147,147,payment.authorized|payment.captured|payment.failed|refund.created|refund.settled|payout.paid|dispute.opened|dispute.won|dispute.lost|subscription.renewed|subscription.cancelled
A0147,1129,payment.failed|dispute.opened
A0147,640,payment.authorized|dispute.opened
A0147,641,payment.authorized|payment.captured|payment.failed|refund.created|refund.settled|payout.paid|dispute.opened|dispute.won|dispute.lost|subscription.renewed|subscription.cancelled
A0148,148,payment.authorized|payment.captured|payment.failed|refund.created|refund.settled|payout.paid|dispute.opened|dispute.won|dispute.lost|subscription.renewed|subscription.cancelled
A0148,1130,payment.failed|dispute.opened
A0148,640,payment.authorized|dispute.opened
A0148,641,payment.authorized|payment.captured|payment.failed|refund.created|refund.settled|payout.paid|dispute.opened|dispute.won|dispute.lost|subscription.renewed|subscription.cancelled
A0149,149,payment.authorized|payment.captured|payment.failed|refund.created|refund.settled|payout.paid|dispute.opened|dispute.won|dispute.lost|subscription.renewed|subscription.cancelled
A0149,1131,payment.failed|dispute.opened
A0149,640,payment.authorized|dispute.opened
A0149,641,payment.authorized|payment.captured|payment.failed|refund.created|refund.settled|payout.paid|dispute.opened|dispute.won|dispute.lost|subscription.renewed|subscription.cancelled
A0150,150,payment.authorized|payment.captured|payment.failed|refund.created|refund.settled|payout.paid|dispute.opened|dispute.won|dispute.lost|subscription.renewed|subscription.cancelled
A0150,1132,payment.failed|dispute.opened
A0150,640,payment.authorized|dispute.opened
A0150,641,payment.authorized|payment.captured|payment.failed|refund.created|refund.settled|payout.paid|dispute.opened|dispute.won|dispute.lost|subscription.renewed|subscription.cancelled
A0151,151,payment.authorized|payment.captured|payment.failed|refund.created|refund.settled|payout.paid|dispute.opened|dispute.won|dispute.lost|subscription.renewed|subscription.cancelled
A0151,1133,payment.failed|dispute.opened
A0151,640,payment.authorized|dispute.opened
A0151,641,payment.authorized|payment.captured|payment.failed|refund.created|refund.settled|payout.paid|dispute.opened|dispute.won|dispute.lost|subscription.renewed|subscription.cancelled
A0152,152,payment.authorized|payment.captured|payment.failed|refund.created|refund.settled|payout.paid|dispute.opened|dispute.won|dispute.lost|subscription.renewed|subscription.cancelled
A0152,1134,payment.failed|dispute.opened
A0152,640,payment.authorized|dispute.opened
A0152,641,payment.authorized|payment.captured|payment.failed|refund.created|refund.settled|payout.paid|dispute.opened|dispute.won|dispute.lost|subscription.renewed|subscription.cancelled
A0153,153,payment.authorized|payment.captured|payment.failed|refund.created|refund.settled|payout.paid|dispute.opened|dispute.won|dispute.lost|subscription.renewed|subscription.cancelled
A0153,1135,payment.failed|dispute.opened
A0153,640,payment.authorized|dispute.opened
A0153,641,payment.authorized|payment.captured|payment.failed|refund.created|refund.settled|payout.paid|dispute.opened|dispute.won|dispute.lost|subscription.renewed|subscription.cancelled
A0154,154,payment.authorized|payment.captured|payment.failed|refund.created|refund.settled|payout.paid|dispute.opened|dispute.won|dispute.lost|subscription.renewed|subscription.cancelled
A0154,1136,payment.failed|dispute.opened
A0154,640,payment.authorized|dispute.opened
A0154,641,payment.authorized|payment.captured|payment.failed|refund.created|refund.settled|payout.paid|dispute.opened|dispute.won|dispute.lost|subscription.renewed|subscription.cancelled
A0155,155,payment.authorized|payment.captured|payment.failed|refund.created|refund.settled|payout.paid|dispute.opened|dispute.won|dispute.lost|subscription.renewed|subscription.cancelled
A0155,1137,payment.failed|dispute.opened
A0155,640,payment.authorized|dispute.opened
A0155,641,payment.authorized|payment.captured|payment.failed|refund.created|refund.settled|payout.paid|dispute.opened|dispute.won|dispute.lost|subscription.renewed|subscription.cancelled
A0156,156,payment.authorized|payment.captured|payment.failed|refund.created|refund.settled|payout.paid|dispute.opened|dispute.won|dispute.lost|subscription.renewed|subscription.cancelled
A0156,1138,payment.failed|dispute.opened
A0156,640,payment.authorized|dispute.opened
A0156,641,payment.authorized|payment.captured|payment.failed|refund.created|refund.settled|payout.paid|dispute.opened|dispute.won|dispute.lost|subscription.renewed|subscription.cancelled
A0157,157,payment.authorized|payment.captured|payment.failed|refund.created|refund.settled|payout.paid|dispute.opened|dispute.won|dispute.lost|subscription.renewed|subscription.cancelled
A0157,1139,payment.failed|dispute.opened
A0157,640,payment.authorized|dispute.opened
A0157,641,payment.authorized|payment.captured|payment.failed|refund.created|refund.settled|payout.paid|dispute.opened|dispute.won|dispute.lost|subscription.renewed|subscription.cancelled
A0158,158,payment.authorized|payment.captured|payment.failed|refund.created|refund.settled|payout.paid|dispute.opened|dispute.won|dispute.lost|subscription.renewed|subscription.cancelled
A0158,1140,payment.failed|dispute.opened
A0158,640,payment.authorized|dispute.opened
A0158,641,payment.authorized|payment.captured|payment.failed|refund.created|refund.settled|payout.paid|dispute.opened|dispute.won|dispute.lost|subscription.renewed|subscription.cancelled
A0159,159,payment.authorized|payment.captured|payment.failed|refund.created|refund.settled|payout.paid|dispute.opened|dispute.won|dispute.lost|subscription.renewed|subscription.cancelled
A0159,1141,payment.failed|dispute.opened
A0159,640,payment.authorized|dispute.opened
A0159,641,payment.authorized|payment.captured|payment.failed|refund.created|refund.settled|payout.paid|dispute.opened|dispute.won|dispute.lost|subscription.renewed|subscription.cancelled
A0160,160,payment.authorized|payment.captured|payment.failed|refund.created|refund.settled|payout.paid|dispute.opened|dispute.won|dispute.lost|subscription.renewed|subscription.cancelled
A0160,640,payment.authorized|dispute.opened
A0160,641,payment.authorized|payment.captured|payment.failed|refund.created|refund.settled|payout.paid|dispute.opened|dispute.won|dispute.lost|subscription.renewed|subscription.cancelled
A0161,161,payment.authorized|payment.captured|payment.failed|refund.created|refund.settled|payout.paid|dispute.opened|dispute.won|dispute.lost|subscription.renewed|subscription.cancelled
A0161,640,payment.authorized|dispute.opened
A0161,641,payment.authorized|payment.captured|payment.failed|refund.created|refund.settled|payout.paid|dispute.opened|dispute.won|dispute.lost|subscription.renewed|subscription.cancelled
A0162,162,payment.authorized|payment.captured|payment.failed|refund.created|refund.settled|payout.paid|dispute.opened|dispute.won|dispute.lost|subscription.renewed|subscription.cancelled
A0162,640,payment.authorized|dispute.opened
A0162,641,payment.authorized|payment.captured|payment.failed|refund.created|refund.settled|payout.paid|dispute.opened|dispute.won|dispute.lost|subscription.renewed|subscription.cancelled
A0163,163,payment.authorized|payment.captured|payment.failed|refund.created|refund.settled|payout.paid|dispute.opened|dispute.won|dispute.lost|subscription.renewed|subscription.cancelled
A0163,640,payment.authorized|dispute.opened
A0163,641,payment.authorized|payment.captured|payment.failed|refund.created|refund.settled|payout.paid|dispute.opened|dispute.won|dispute.lost|subscription.renewed|subscription.cancelled
A0164,164,payment.authorized|payment.captured|payment.failed|refund.created|refund.settled|payout.paid|dispute.opened|dispute.won|dispute.lost|subscription.renewed|subscription.cancelled
A0164,640,payment.authorized|dispute.opened
A0164,641,payment.authorized|payment.captured|payment.failed|refund.created|refund.settled|payout.paid|dispute.opened|dispute.won|dispute.lost|subscription.renewed|subscription.cancelled
A0165,165,payment.authorized|payment.captured|payment.failed|refund.created|refund.settled|payout.paid|dispute.opened|dispute.won|dispute.lost|subscription.renewed|subscription.cancelled
A0165,640,payment.authorized|dispute.opened
A0165,641,payment.authorized|payment.captured|payment.failed|refund.created|refund.settled|payout.paid|dispute.opened|dispute.won|dispute.lost|subscription.renewed|subscription.cancelled
A0166,166,payment.authorized|payment.captured|payment.failed|refund.created|refund.settled|payout.paid|dispute.opened|dispute.won|dispute.lost|subscription.renewed|subscription.cancelled
A0166,640,payment.authorized|dispute.opened
A0166,641,payment.authorized|payment.captured|payment.failed|refund.created|refund.settled|payout.paid|dispute.opened|dispute.won|dispute.lost|subscription.renewed|subscription.cancelled
A0167,167,payment.authorized|payment.captured|payment.failed|refund.created|refund.settled|payout.paid|dispute.opened|dispute.won|dispute.lost|subscription.renewed|subscription.cancelled
A0167,640,payment.authorized|dispute.opened
A0167,641,payment.authorized|payment.captured|payment.failed|refund.created|refund.settled|payout.paid|dispute.opened|dispute.won|dispute.lost|subscription.renewed|subscription.cancelled
A0168,168,payment.authorized|payment.captured|payment.failed|refund.created|refund.settled|payout.paid|dispute.opened|dispute.won|dispute.lost|subscription.renewed|subscription.cancelled
A0168,640,payment.authorized|dispute.opened
A0168,641,payment.authorized|payment.captured|payment.failed|refund.created|refund.settled|payout.paid|dispute.opened|dispute.won|dispute.lost|subscription.renewed|subscription.cancelled
A0169,169,payment.authorized|payment.captured|payment.failed|refund.created|refund.settled|payout.paid|dispute.opened|dispute.won|dispute.lost|subscription.renewed|subscription.cancelled
A0169,640,payment.authorized|dispute.opened
A0169,641,payment.authorized|payment.captured|payment.failed|refund.created|refund.settled|payout.paid|dispute.opened|dispute.won|dispute.lost|subscription.renewed|subscription.cancelled
A0170,170,payment.authorized|payment.captured|payment.failed|refund.created|refund.settled|payout.paid|dispute.opened|dispute.won|dispute.lost|subscription.renewed|subscription.cancelled
A0170,640,payment.authorized|dispute.opened
A0170,641,payment.authorized|payment.captured|payment.failed|refund.created|refund.settled|payout.paid|dispute.opened|dispute.won|dispute.lost|subscription.renewed|subscription.cancelled
A0171,171,payment.authorized|payment.captured|payment.failed|refund.created|refund.settled|payout.paid|dispute.opened|dispute.won|dispute.lost|subscription.renewed|subscription.cancelled
A0171,640,payment.authorized|dispute.opened
A0171,641,payment.authorized|payment.captured|payment.failed|refund.created|refund.settled|payout.paid|dispute.opened|dispute.won|dispute.lost|subscription.renewed|subscription.cancelled
A0172,172,payment.authorized|payment.captured|payment.failed|refund.created|refund.settled|payout.paid|dispute.opened|dispute.won|dispute.lost|subscription.renewed|subscription.cancelled
A0172,640,payment.authorized|dispute.opened
A0172,641,payment.authorized|payment.captured|payment.failed|refund.created|refund.settled|payout.paid|dispute.opened|dispute.won|dispute.lost|subscription.renewed|subscription.cancelled
A0173,173,payment.authorized|payment.captured|payment.failed|refund.created|refund.settled|payout.paid|dispute.opened|dispute.won|dispute.lost|subscription.renewed|subscription.cancelled
A0173,640,payment.authorized|dispute.opened
A0173,641,payment.authorized|payment.captured|payment.failed|refund.created|refund.settled|payout.paid|dispute.opened|dispute.won|dispute.lost|subscription.renewed|subscription.cancelled
A0174,174,payment.authorized|payment.captured|payment.failed|refund.created|refund.settled|payout.paid|dispute.opened|dispute.won|dispute.lost|subscription.renewed|subscription.cancelled
A0174,640,payment.authorized|dispute.opened
A0174,641,payment.authorized|payment.captured|payment.failed|refund.created|refund.settled|payout.paid|dispute.opened|dispute.won|dispute.lost|subscription.renewed|subscription.cancelled
A0175,175,payment.authorized|payment.captured|payment.failed|refund.created|refund.settled|payout.paid|dispute.opened|dispute.won|dispute.lost|subscription.renewed|subscription.cancelled
A0175,640,payment.authorized|dispute.opened
A0175,641,payment.authorized|payment.captured|payment.failed|refund.created|refund.settled|payout.paid|dispute.opened|dispute.won|dispute.lost|subscription.renewed|subscription.cancelled
A0176,176,payment.authorized|payment.captured|payment.failed|refund.created|refund.settled|payout.paid|dispute.opened|dispute.won|dispute.lost|subscription.renewed|subscription.cancelled
A0176,640,payment.authorized|dispute.opened
A0176,641,payment.authorized|payment.captured|payment.failed|refund.created|refund.settled|payout.paid|dispute.opened|dispute.won|dispute.lost|subscription.renewed|subscription.cancelled
A0177,177,payment.authorized|payment.captured|payment.failed|refund.created|refund.settled|payout.paid|dispute.opened|dispute.won|dispute.lost|subscription.renewed|subscription.cancelled
A0177,640,payment.authorized|dispute.opened
A0177,641,payment.authorized|payment.captured|payment.failed|refund.created|refund.settled|payout.paid|dispute.opened|dispute.won|dispute.lost|subscription.renewed|subscription.cancelled
A0178,178,payment.authorized|payment.captured|payment.failed|refund.created|refund.settled|payout.paid|dispute.opened|dispute.won|dispute.lost|subscription.renewed|subscription.cancelled
A0178,640,payment.authorized|dispute.opened
A0178,641,payment.authorized|payment.captured|payment.failed|refund.created|refund.settled|payout.paid|dispute.opened|dispute.won|dispute.lost|subscription.renewed|subscription.cancelled
A0179,179,payment.authorized|payment.captured|payment.failed|refund.created|refund.settled|payout.paid|dispute.opened|dispute.won|dispute.lost|subscription.renewed|subscription.cancelled
A0179,640,payment.authorized|dispute.opened
A0179,641,payment.authorized|payment.captured|payment.failed|refund.created|refund.settled|payout.paid|dispute.opened|dispute.won|dispute.lost|subscription.renewed|subscription.cancelled
A0180,180,payment.authorized|payment.captured|payment.failed|refund.created|refund.settled|payout.paid|dispute.opened|dispute.won|dispute.lost|subscription.renewed|subscription.cancelled
A0180,640,payment.authorized|dispute.opened
A0180,641,payment.authorized|payment.captured|payment.failed|refund.created|refund.settled|payout.paid|dispute.opened|dispute.won|dispute.lost|subscription.renewed|subscription.cancelled
A0181,181,payment.authorized|payment.captured|payment.failed|refund.created|refund.settled|payout.paid|dispute.opened|dispute.won|dispute.lost|subscription.renewed|subscription.cancelled
A0181,640,payment.authorized|dispute.opened
A0181,641,payment.authorized|payment.captured|payment.failed|refund.created|refund.settled|payout.paid|dispute.opened|dispute.won|dispute.lost|subscription.renewed|subscription.cancelled
A0182,182,payment.authorized|payment.captured|payment.failed|refund.created|refund.settled|payout.paid|dispute.opened|dispute.won|dispute.lost|subscription.renewed|subscription.cancelled
A0182,640,payment.authorized|dispute.opened
A0182,641,payment.authorized|payment.captured|payment.failed|refund.created|refund.settled|payout.paid|dispute.opened|dispute.won|dispute.lost|subscription.renewed|subscription.cancelled
A0183,183,payment.authorized|payment.captured|payment.failed|refund.created|refund.settled|payout.paid|dispute.opened|dispute.won|dispute.lost|subscription.renewed|subscription.cancelled
A0183,640,payment.authorized|dispute.opened
A0183,641,payment.authorized|payment.captured|payment.failed|refund.created|refund.settled|payout.paid|dispute.opened|dispute.won|dispute.lost|subscription.renewed|subscription.cancelled
A0184,184,payment.authorized|payment.captured|payment.failed|refund.created|refund.settled|payout.paid|dispute.opened|dispute.won|dispute.lost|subscription.renewed|subscription.cancelled
A0184,640,payment.authorized|dispute.opened
A0184,641,payment.authorized|payment.captured|payment.failed|refund.created|refund.settled|payout.paid|dispute.opened|dispute.won|dispute.lost|subscription.renewed|subscription.cancelled
A0185,185,payment.authorized|payment.captured|payment.failed|refund.created|refund.settled|payout.paid|dispute.opened|dispute.won|dispute.lost|subscription.renewed|subscription.cancelled
A0185,640,payment.authorized|dispute.opened
A0185,641,payment.authorized|payment.captured|payment.failed|refund.created|refund.settled|payout.paid|dispute.opened|dispute.won|dispute.lost|subscription.renewed|subscription.cancelled
A0186,186,payment.authorized|payment.captured|payment.failed|refund.created|refund.settled|payout.paid|dispute.opened|dispute.won|dispute.lost|subscription.renewed|subscription.cancelled
A0186,640,payment.authorized|dispute.opened
A0186,641,payment.authorized|payment.captured|payment.failed|refund.created|refund.settled|payout.paid|dispute.opened|dispute.won|dispute.lost|subscription.renewed|subscription.cancelled
A0187,187,payment.authorized|payment.captured|payment.failed|refund.created|refund.settled|payout.paid|dispute.opened|dispute.won|dispute.lost|subscription.renewed|subscription.cancelled
A0187,640,payment.authorized|dispute.opened
A0187,641,payment.authorized|payment.captured|payment.failed|refund.created|refund.settled|payout.paid|dispute.opened|dispute.won|dispute.lost|subscription.renewed|subscription.cancelled
A0188,188,payment.authorized|payment.captured|payment.failed|refund.created|refund.settled|payout.paid|dispute.opened|dispute.won|dispute.lost|subscription.renewed|subscription.cancelled
A0188,640,payment.authorized|dispute.opened
A0188,641,payment.authorized|payment.captured|payment.failed|refund.created|refund.settled|payout.paid|dispute.opened|dispute.won|dispute.lost|subscription.renewed|subscription.cancelled
A0189,189,payment.authorized|payment.captured|payment.failed|refund.created|refund.settled|payout.paid|dispute.opened|dispute.won|dispute.lost|subscription.renewed|subscription.cancelled
A0189,640,payment.authorized|dispute.opened
A0189,641,payment.authorized|payment.captured|payment.failed|refund.created|refund.settled|payout.paid|dispute.opened|dispute.won|dispute.lost|subscription.renewed|subscription.cancelled
A0190,190,payment.authorized|payment.captured|payment.failed|refund.created|refund.settled|payout.paid|dispute.opened|dispute.won|dispute.lost|subscription.renewed|subscription.cancelled
A0190,640,payment.authorized|dispute.opened
A0190,641,payment.authorized|payment.captured|payment.failed|refund.created|refund.settled|payout.paid|dispute.opened|dispute.won|dispute.lost|subscription.renewed|subscription.cancelled
A0191,191,payment.authorized|payment.captured|payment.failed|refund.created|refund.settled|payout.paid|dispute.opened|dispute.won|dispute.lost|subscription.renewed|subscription.cancelled
A0191,640,payment.authorized|dispute.opened
A0191,641,payment.authorized|payment.captured|payment.failed|refund.created|refund.settled|payout.paid|dispute.opened|dispute.won|dispute.lost|subscription.renewed|subscription.cancelled
A0192,192,payment.authorized|payment.captured|payment.failed|refund.created|refund.settled|payout.paid|dispute.opened|dispute.won|dispute.lost|subscription.renewed|subscription.cancelled
A0192,640,payment.authorized|dispute.opened
A0192,641,payment.authorized|payment.captured|payment.failed|refund.created|refund.settled|payout.paid|dispute.opened|dispute.won|dispute.lost|subscription.renewed|subscription.cancelled
A0193,193,payment.authorized|payment.captured|payment.failed|refund.created|refund.settled|payout.paid|dispute.opened|dispute.won|dispute.lost|subscription.renewed|subscription.cancelled
A0193,640,payment.authorized|dispute.opened
A0193,641,payment.authorized|payment.captured|payment.failed|refund.created|refund.settled|payout.paid|dispute.opened|dispute.won|dispute.lost|subscription.renewed|subscription.cancelled
A0194,194,payment.authorized|payment.captured|payment.failed|refund.created|refund.settled|payout.paid|dispute.opened|dispute.won|dispute.lost|subscription.renewed|subscription.cancelled
A0194,640,payment.authorized|dispute.opened
A0194,641,payment.authorized|payment.captured|payment.failed|refund.created|refund.settled|payout.paid|dispute.opened|dispute.won|dispute.lost|subscription.renewed|subscription.cancelled
A0195,195,payment.authorized|payment.captured|payment.failed|refund.created|refund.settled|payout.paid|dispute.opened|dispute.won|dispute.lost|subscription.renewed|subscription.cancelled
A0195,640,payment.authorized|dispute.opened
A0195,641,payment.authorized|payment.captured|payment.failed|refund.created|refund.settled|payout.paid|dispute.opened|dispute.won|dispute.lost|subscription.renewed|subscription.cancelled
A0196,196,payment.authorized|payment.captured|payment.failed|refund.created|refund.settled|payout.paid|dispute.opened|dispute.won|dispute.lost|subscription.renewed|subscription.cancelled
A0196,640,payment.authorized|dispute.opened
A0196,641,payment.authorized|payment.captured|payment.failed|refund.created|refund.settled|payout.paid|dispute.opened|dispute.won|dispute.lost|subscription.renewed|subscription.cancelled
A0197,197,payment.authorized|payment.captured|payment.failed|refund.created|refund.settled|payout.paid|dispute.opened|dispute.won|dispute.lost|subscription.renewed|subscription.cancelled
A0197,640,payment.authorized|dispute.opened
A0197,641,payment.authorized|payment.captured|payment.failed|refund.created|refund.settled|payout.paid|dispute.opened|dispute.won|dispute.lost|subscription.renewed|subscription.cancelled
A0198,198,payment.authorized|payment.captured|payment.failed|refund.created|refund.settled|payout.paid|dispute.opened|dispute.won|dispute.lost|subscription.renewed|subscription.cancelled
A0198,640,payment.authorized|dispute.opened
A0198,641,payment.authorized|payment.captured|payment.failed|refund.created|refund.settled|payout.paid|dispute.opened|dispute.won|dispute.lost|subscription.renewed|subscription.cancelled
A0199,199,payment.authorized|payment.captured|payment.failed|refund.created|refund.settled|payout.paid|dispute.opened|dispute.won|dispute.lost|subscription.renewed|subscription.cancelled
A0199,640,payment.authorized|dispute.opened
A0199,641,payment.authorized|payment.captured|payment.failed|refund.created|refund.settled|payout.paid|dispute.opened|dispute.won|dispute.lost|subscription.renewed|subscription.cancelled
A0200,200,payment.authorized|payment.captured|payment.failed|refund.created|refund.settled|payout.paid|dispute.opened|dispute.won|dispute.lost|subscription.renewed|subscription.cancelled
A0200,640,payment.authorized|dispute.opened
A0200,641,payment.authorized|payment.captured|payment.failed|refund.created|refund.settled|payout.paid|dispute.opened|dispute.won|dispute.lost|subscription.renewed|subscription.cancelled
A0201,201,payment.authorized|payment.captured|payment.failed|refund.created|refund.settled|payout.paid|dispute.opened|dispute.won|dispute.lost|subscription.renewed|subscription.cancelled
A0201,640,payment.authorized|dispute.opened
A0201,641,payment.authorized|payment.captured|payment.failed|refund.created|refund.settled|payout.paid|dispute.opened|dispute.won|dispute.lost|subscription.renewed|subscription.cancelled
A0202,202,payment.authorized|payment.captured|payment.failed|refund.created|refund.settled|payout.paid|dispute.opened|dispute.won|dispute.lost|subscription.renewed|subscription.cancelled
A0202,640,payment.authorized|dispute.opened
A0202,641,payment.authorized|payment.captured|payment.failed|refund.created|refund.settled|payout.paid|dispute.opened|dispute.won|dispute.lost|subscription.renewed|subscription.cancelled
A0203,203,payment.authorized|payment.captured|payment.failed|refund.created|refund.settled|payout.paid|dispute.opened|dispute.won|dispute.lost|subscription.renewed|subscription.cancelled
A0203,640,payment.authorized|dispute.opened
A0203,641,payment.authorized|payment.captured|payment.failed|refund.created|refund.settled|payout.paid|dispute.opened|dispute.won|dispute.lost|subscription.renewed|subscription.cancelled
A0204,204,payment.authorized|payment.captured|payment.failed|refund.created|refund.settled|payout.paid|dispute.opened|dispute.won|dispute.lost|subscription.renewed|subscription.cancelled
A0204,640,payment.authorized|dispute.opened
A0204,641,payment.authorized|payment.captured|payment.failed|refund.created|refund.settled|payout.paid|dispute.opened|dispute.won|dispute.lost|subscription.renewed|subscription.cancelled
A0205,205,payment.authorized|payment.captured|payment.failed|refund.created|refund.settled|payout.paid|dispute.opened|dispute.won|dispute.lost|subscription.renewed|subscription.cancelled
A0205,640,payment.authorized|dispute.opened
A0205,641,payment.authorized|payment.captured|payment.failed|refund.created|refund.settled|payout.paid|dispute.opened|dispute.won|dispute.lost|subscription.renewed|subscription.cancelled
A0206,206,payment.authorized|payment.captured|payment.failed|refund.created|refund.settled|payout.paid|dispute.opened|dispute.won|dispute.lost|subscription.renewed|subscription.cancelled
A0206,640,payment.authorized|dispute.opened
A0206,641,payment.authorized|payment.captured|payment.failed|refund.created|refund.settled|payout.paid|dispute.opened|dispute.won|dispute.lost|subscription.renewed|subscription.cancelled
A0207,207,payment.authorized|payment.captured|payment.failed|refund.created|refund.settled|payout.paid|dispute.opened|dispute.won|dispute.lost|subscription.renewed|subscription.cancelled
A0207,640,payment.authorized|dispute.opened
A0207,641,payment.authorized|payment.captured|payment.failed|refund.created|refund.settled|payout.paid|dispute.opened|dispute.won|dispute.lost|subscription.renewed|subscription.cancelled
A0208,208,payment.authorized|payment.captured|payment.failed|refund.created|refund.settled|payout.paid|dispute.opened|dispute.won|dispute.lost|subscription.renewed|subscription.cancelled
A0208,640,payment.authorized|dispute.opened
A0208,641,payment.authorized|payment.captured|payment.failed|refund.created|refund.settled|payout.paid|dispute.opened|dispute.won|dispute.lost|subscription.renewed|subscription.cancelled
A0209,209,payment.authorized|payment.captured|payment.failed|refund.created|refund.settled|payout.paid|dispute.opened|dispute.won|dispute.lost|subscription.renewed|subscription.cancelled
A0209,640,payment.authorized|dispute.opened
A0209,641,payment.authorized|payment.captured|payment.failed|refund.created|refund.settled|payout.paid|dispute.opened|dispute.won|dispute.lost|subscription.renewed|subscription.cancelled
A0210,210,payment.authorized|payment.captured|payment.failed|refund.created|refund.settled|payout.paid|dispute.opened|dispute.won|dispute.lost|subscription.renewed|subscription.cancelled
A0210,640,payment.authorized|dispute.opened
A0210,641,payment.authorized|payment.captured|payment.failed|refund.created|refund.settled|payout.paid|dispute.opened|dispute.won|dispute.lost|subscription.renewed|subscription.cancelled
A0211,211,payment.authorized|payment.captured|payment.failed|refund.created|refund.settled|payout.paid|dispute.opened|dispute.won|dispute.lost|subscription.renewed|subscription.cancelled
A0211,640,payment.authorized|dispute.opened
A0211,641,payment.authorized|payment.captured|payment.failed|refund.created|refund.settled|payout.paid|dispute.opened|dispute.won|dispute.lost|subscription.renewed|subscription.cancelled
A0212,212,payment.authorized|payment.captured|payment.failed|refund.created|refund.settled|payout.paid|dispute.opened|dispute.won|dispute.lost|subscription.renewed|subscription.cancelled
A0212,640,payment.authorized|dispute.opened
A0212,641,payment.authorized|payment.captured|payment.failed|refund.created|refund.settled|payout.paid|dispute.opened|dispute.won|dispute.lost|subscription.renewed|subscription.cancelled
A0213,213,payment.authorized|payment.captured|payment.failed|refund.created|refund.settled|payout.paid|dispute.opened|dispute.won|dispute.lost|subscription.renewed|subscription.cancelled
A0213,640,payment.authorized|dispute.opened
A0213,641,payment.authorized|payment.captured|payment.failed|refund.created|refund.settled|payout.paid|dispute.opened|dispute.won|dispute.lost|subscription.renewed|subscription.cancelled
A0214,214,payment.authorized|payment.captured|payment.failed|refund.created|refund.settled|payout.paid|dispute.opened|dispute.won|dispute.lost|subscription.renewed|subscription.cancelled
A0214,640,payment.authorized|dispute.opened
A0214,641,payment.authorized|payment.captured|payment.failed|refund.created|refund.settled|payout.paid|dispute.opened|dispute.won|dispute.lost|subscription.renewed|subscription.cancelled
A0215,215,payment.authorized|payment.captured|payment.failed|refund.created|refund.settled|payout.paid|dispute.opened|dispute.won|dispute.lost|subscription.renewed|subscription.cancelled
A0215,640,payment.authorized|dispute.opened
A0215,641,payment.authorized|payment.captured|payment.failed|refund.created|refund.settled|payout.paid|dispute.opened|dispute.won|dispute.lost|subscription.renewed|subscription.cancelled
A0216,216,payment.authorized|payment.captured|payment.failed|refund.created|refund.settled|payout.paid|dispute.opened|dispute.won|dispute.lost|subscription.renewed|subscription.cancelled
A0216,640,payment.authorized|dispute.opened
A0216,641,payment.authorized|payment.captured|payment.failed|refund.created|refund.settled|payout.paid|dispute.opened|dispute.won|dispute.lost|subscription.renewed|subscription.cancelled
A0217,217,payment.authorized|payment.captured|payment.failed|refund.created|refund.settled|payout.paid|dispute.opened|dispute.won|dispute.lost|subscription.renewed|subscription.cancelled
A0217,640,payment.authorized|dispute.opened
A0217,641,payment.authorized|payment.captured|payment.failed|refund.created|refund.settled|payout.paid|dispute.opened|dispute.won|dispute.lost|subscription.renewed|subscription.cancelled
A0218,218,payment.authorized|payment.captured|payment.failed|refund.created|refund.settled|payout.paid|dispute.opened|dispute.won|dispute.lost|subscription.renewed|subscription.cancelled
A0218,640,payment.authorized|dispute.opened
A0218,641,payment.authorized|payment.captured|payment.failed|refund.created|refund.settled|payout.paid|dispute.opened|dispute.won|dispute.lost|subscription.renewed|subscription.cancelled
A0219,219,payment.authorized|payment.captured|payment.failed|refund.created|refund.settled|payout.paid|dispute.opened|dispute.won|dispute.lost|subscription.renewed|subscription.cancelled
A0219,640,payment.authorized|dispute.opened
A0219,641,payment.authorized|payment.captured|payment.failed|refund.created|refund.settled|payout.paid|dispute.opened|dispute.won|dispute.lost|subscription.renewed|subscription.cancelled
A0220,220,payment.authorized|payment.captured|payment.failed|refund.created|refund.settled|payout.paid|dispute.opened|dispute.won|dispute.lost|subscription.renewed|subscription.cancelled
A0220,640,payment.authorized|dispute.opened
A0220,641,payment.authorized|payment.captured|payment.failed|refund.created|refund.settled|payout.paid|dispute.opened|dispute.won|dispute.lost|subscription.renewed|subscription.cancelled
A0221,221,payment.authorized|payment.captured|payment.failed|refund.created|refund.settled|payout.paid|dispute.opened|dispute.won|dispute.lost|subscription.renewed|subscription.cancelled
A0221,640,payment.authorized|dispute.opened
A0221,641,payment.authorized|payment.captured|payment.failed|refund.created|refund.settled|payout.paid|dispute.opened|dispute.won|dispute.lost|subscription.renewed|subscription.cancelled
A0222,222,payment.authorized|payment.captured|payment.failed|refund.created|refund.settled|payout.paid|dispute.opened|dispute.won|dispute.lost|subscription.renewed|subscription.cancelled
A0222,640,payment.authorized|dispute.opened
A0222,641,payment.authorized|payment.captured|payment.failed|refund.created|refund.settled|payout.paid|dispute.opened|dispute.won|dispute.lost|subscription.renewed|subscription.cancelled
A0223,223,payment.authorized|payment.captured|payment.failed|refund.created|refund.settled|payout.paid|dispute.opened|dispute.won|dispute.lost|subscription.renewed|subscription.cancelled
A0223,640,payment.authorized|dispute.opened
A0223,641,payment.authorized|payment.captured|payment.failed|refund.created|refund.settled|payout.paid|dispute.opened|dispute.won|dispute.lost|subscription.renewed|subscription.cancelled
A0224,224,payment.authorized|payment.captured|payment.failed|refund.created|refund.settled|payout.paid|dispute.opened|dispute.won|dispute.lost|subscription.renewed|subscription.cancelled
A0224,640,payment.authorized|dispute.opened
A0224,641,payment.authorized|payment.captured|payment.failed|refund.created|refund.settled|payout.paid|dispute.opened|dispute.won|dispute.lost|subscription.renewed|subscription.cancelled
A0225,225,payment.authorized|payment.captured|payment.failed|refund.created|refund.settled|payout.paid|dispute.opened|dispute.won|dispute.lost|subscription.renewed|subscription.cancelled
A0225,640,payment.authorized|dispute.opened
A0225,641,payment.authorized|payment.captured|payment.failed|refund.created|refund.settled|payout.paid|dispute.opened|dispute.won|dispute.lost|subscription.renewed|subscription.cancelled
A0226,226,payment.authorized|payment.captured|payment.failed|refund.created|refund.settled|payout.paid|dispute.opened|dispute.won|dispute.lost|subscription.renewed|subscription.cancelled
A0226,640,payment.authorized|dispute.opened
A0226,641,payment.authorized|payment.captured|payment.failed|refund.created|refund.settled|payout.paid|dispute.opened|dispute.won|dispute.lost|subscription.renewed|subscription.cancelled
A0227,227,payment.authorized|payment.captured|payment.failed|refund.created|refund.settled|payout.paid|dispute.opened|dispute.won|dispute.lost|subscription.renewed|subscription.cancelled
A0227,640,payment.authorized|dispute.opened
A0227,641,payment.authorized|payment.captured|payment.failed|refund.created|refund.settled|payout.paid|dispute.opened|dispute.won|dispute.lost|subscription.renewed|subscription.cancelled
A0228,228,payment.authorized|payment.captured|payment.failed|refund.created|refund.settled|payout.paid|dispute.opened|dispute.won|dispute.lost|subscription.renewed|subscription.cancelled
A0228,640,payment.authorized|dispute.opened
A0228,641,payment.authorized|payment.captured|payment.failed|refund.created|refund.settled|payout.paid|dispute.opened|dispute.won|dispute.lost|subscription.renewed|subscription.cancelled
A0229,229,payment.authorized|payment.captured|payment.failed|refund.created|refund.settled|payout.paid|dispute.opened|dispute.won|dispute.lost|subscription.renewed|subscription.cancelled
A0229,640,payment.authorized|dispute.opened
A0229,641,payment.authorized|payment.captured|payment.failed|refund.created|refund.settled|payout.paid|dispute.opened|dispute.won|dispute.lost|subscription.renewed|subscription.cancelled
A0230,230,payment.authorized|payment.captured|payment.failed|refund.created|refund.settled|payout.paid|dispute.opened|dispute.won|dispute.lost|subscription.renewed|subscription.cancelled
A0230,640,payment.authorized|dispute.opened
A0230,641,payment.authorized|payment.captured|payment.failed|refund.created|refund.settled|payout.paid|dispute.opened|dispute.won|dispute.lost|subscription.renewed|subscription.cancelled
A0231,231,payment.authorized|payment.captured|payment.failed|refund.created|refund.settled|payout.paid|dispute.opened|dispute.won|dispute.lost|subscription.renewed|subscription.cancelled
A0231,640,payment.authorized|dispute.opened
A0231,641,payment.authorized|payment.captured|payment.failed|refund.created|refund.settled|payout.paid|dispute.opened|dispute.won|dispute.lost|subscription.renewed|subscription.cancelled
A0232,232,payment.authorized|payment.captured|payment.failed|refund.created|refund.settled|payout.paid|dispute.opened|dispute.won|dispute.lost|subscription.renewed|subscription.cancelled
A0232,640,payment.authorized|dispute.opened
A0232,641,payment.authorized|payment.captured|payment.failed|refund.created|refund.settled|payout.paid|dispute.opened|dispute.won|dispute.lost|subscription.renewed|subscription.cancelled
A0233,233,payment.authorized|payment.captured|payment.failed|refund.created|refund.settled|payout.paid|dispute.opened|dispute.won|dispute.lost|subscription.renewed|subscription.cancelled
A0233,640,payment.authorized|dispute.opened
A0233,641,payment.authorized|payment.captured|payment.failed|refund.created|refund.settled|payout.paid|dispute.opened|dispute.won|dispute.lost|subscription.renewed|subscription.cancelled
A0234,234,payment.authorized|payment.captured|payment.failed|refund.created|refund.settled|payout.paid|dispute.opened|dispute.won|dispute.lost|subscription.renewed|subscription.cancelled
A0234,640,payment.authorized|dispute.opened
A0234,641,payment.authorized|payment.captured|payment.failed|refund.created|refund.settled|payout.paid|dispute.opened|dispute.won|dispute.lost|subscription.renewed|subscription.cancelled
A0235,235,payment.authorized|payment.captured|payment.failed|refund.created|refund.settled|payout.paid|dispute.opened|dispute.won|dispute.lost|subscription.renewed|subscription.cancelled
A0235,640,payment.authorized|dispute.opened
A0235,641,payment.authorized|payment.captured|payment.failed|refund.created|refund.settled|payout.paid|dispute.opened|dispute.won|dispute.lost|subscription.renewed|subscription.cancelled
A0236,236,payment.authorized|payment.captured|payment.failed|refund.created|refund.settled|payout.paid|dispute.opened|dispute.won|dispute.lost|subscription.renewed|subscription.cancelled
A0236,640,payment.authorized|dispute.opened
A0236,641,payment.authorized|payment.captured|payment.failed|refund.created|refund.settled|payout.paid|dispute.opened|dispute.won|dispute.lost|subscription.renewed|subscription.cancelled
A0237,237,payment.authorized|payment.captured|payment.failed|refund.created|refund.settled|payout.paid|dispute.opened|dispute.won|dispute.lost|subscription.renewed|subscription.cancelled
A0237,640,payment.authorized|dispute.opened
A0237,641,payment.authorized|payment.captured|payment.failed|refund.created|refund.settled|payout.paid|dispute.opened|dispute.won|dispute.lost|subscription.renewed|subscription.cancelled
A0238,238,payment.authorized|payment.captured|payment.failed|refund.created|refund.settled|payout.paid|dispute.opened|dispute.won|dispute.lost|subscription.renewed|subscription.cancelled
A0238,640,payment.authorized|dispute.opened
A0238,641,payment.authorized|payment.captured|payment.failed|refund.created|refund.settled|payout.paid|dispute.opened|dispute.won|dispute.lost|subscription.renewed|subscription.cancelled
A0239,239,payment.authorized|payment.captured|payment.failed|refund.created|refund.settled|payout.paid|dispute.opened|dispute.won|dispute.lost|subscription.renewed|subscription.cancelled
A0239,640,payment.authorized|dispute.opened
A0239,641,payment.authorized|payment.captured|payment.failed|refund.created|refund.settled|payout.paid|dispute.opened|dispute.won|dispute.lost|subscription.renewed|subscription.cancelled
A0240,240,payment.authorized|payment.captured|payment.failed|refund.created|refund.settled|payout.paid|dispute.opened|dispute.won|dispute.lost|subscription.renewed|subscription.cancelled
A0240,640,payment.authorized|dispute.opened
A0240,641,payment.authorized|payment.captured|payment.failed|refund.created|refund.settled|payout.paid|dispute.opened|dispute.won|dispute.lost|subscription.renewed|subscription.cancelled
A0241,241,payment.authorized|payment.captured|payment.failed|refund.created|refund.settled|payout.paid|dispute.opened|dispute.won|dispute.lost|subscription.renewed|subscription.cancelled
A0241,640,payment.authorized|dispute.opened
A0241,641,payment.authorized|payment.captured|payment.failed|refund.created|refund.settled|payout.paid|dispute.opened|dispute.won|dispute.lost|subscription.renewed|subscription.cancelled
A0242,242,payment.authorized|payment.captured|payment.failed|refund.created|refund.settled|payout.paid|dispute.opened|dispute.won|dispute.lost|subscription.renewed|subscription.cancelled
A0242,640,payment.authorized|dispute.opened
A0242,641,payment.authorized|payment.captured|payment.failed|refund.created|refund.settled|payout.paid|dispute.opened|dispute.won|dispute.lost|subscription.renewed|subscription.cancelled
A0243,243,payment.authorized|payment.captured|payment.failed|refund.created|refund.settled|payout.paid|dispute.opened|dispute.won|dispute.lost|subscription.renewed|subscription.cancelled
A0243,640,payment.authorized|dispute.opened
A0243,641,payment.authorized|payment.captured|payment.failed|refund.created|refund.settled|payout.paid|dispute.opened|dispute.won|dispute.lost|subscription.renewed|subscription.cancelled
A0244,244,payment.authorized|payment.captured|payment.failed|refund.created|refund.settled|payout.paid|dispute.opened|dispute.won|dispute.lost|subscription.renewed|subscription.cancelled
A0244,640,payment.authorized|dispute.opened
A0244,641,payment.authorized|payment.captured|payment.failed|refund.created|refund.settled|payout.paid|dispute.opened|dispute.won|dispute.lost|subscription.renewed|subscription.cancelled
A0245,245,payment.authorized|payment.captured|payment.failed|refund.created|refund.settled|payout.paid|dispute.opened|dispute.won|dispute.lost|subscription.renewed|subscription.cancelled
A0245,640,payment.authorized|dispute.opened
A0245,641,payment.authorized|payment.captured|payment.failed|refund.created|refund.settled|payout.paid|dispute.opened|dispute.won|dispute.lost|subscription.renewed|subscription.cancelled
A0246,246,payment.authorized|payment.captured|payment.failed|refund.created|refund.settled|payout.paid|dispute.opened|dispute.won|dispute.lost|subscription.renewed|subscription.cancelled
A0246,640,payment.authorized|dispute.opened
A0246,641,payment.authorized|payment.captured|payment.failed|refund.created|refund.settled|payout.paid|dispute.opened|dispute.won|dispute.lost|subscription.renewed|subscription.cancelled
A0247,247,payment.authorized|payment.captured|payment.failed|refund.created|refund.settled|payout.paid|dispute.opened|dispute.won|dispute.lost|subscription.renewed|subscription.cancelled
A0247,640,payment.authorized|dispute.opened
A0247,641,payment.authorized|payment.captured|payment.failed|refund.created|refund.settled|payout.paid|dispute.opened|dispute.won|dispute.lost|subscription.renewed|subscription.cancelled
A0248,248,payment.authorized|payment.captured|payment.failed|refund.created|refund.settled|payout.paid|dispute.opened|dispute.won|dispute.lost|subscription.renewed|subscription.cancelled
A0248,640,payment.authorized|dispute.opened
A0248,641,payment.authorized|payment.captured|payment.failed|refund.created|refund.settled|payout.paid|dispute.opened|dispute.won|dispute.lost|subscription.renewed|subscription.cancelled
A0249,249,payment.authorized|payment.captured|payment.failed|refund.created|refund.settled|payout.paid|dispute.opened|dispute.won|dispute.lost|subscription.renewed|subscription.cancelled
A0249,640,payment.authorized|dispute.opened
A0249,641,payment.authorized|payment.captured|payment.failed|refund.created|refund.settled|payout.paid|dispute.opened|dispute.won|dispute.lost|subscription.renewed|subscription.cancelled
A0250,250,payment.authorized|payment.captured|payment.failed|refund.created|refund.settled|payout.paid|dispute.opened|dispute.won|dispute.lost|subscription.renewed|subscription.cancelled
A0250,640,payment.authorized|dispute.opened
A0250,641,payment.authorized|payment.captured|payment.failed|refund.created|refund.settled|payout.paid|dispute.opened|dispute.won|dispute.lost|subscription.renewed|subscription.cancelled
A0251,251,payment.authorized|payment.captured|payment.failed|refund.created|refund.settled|payout.paid|dispute.opened|dispute.won|dispute.lost|subscription.renewed|subscription.cancelled
A0251,640,payment.authorized|dispute.opened
A0251,641,payment.authorized|payment.captured|payment.failed|refund.created|refund.settled|payout.paid|dispute.opened|dispute.won|dispute.lost|subscription.renewed|subscription.cancelled
A0252,252,payment.authorized|payment.captured|payment.failed|refund.created|refund.settled|payout.paid|dispute.opened|dispute.won|dispute.lost|subscription.renewed|subscription.cancelled
A0252,640,payment.authorized|dispute.opened
A0252,641,payment.authorized|payment.captured|payment.failed|refund.created|refund.settled|payout.paid|dispute.opened|dispute.won|dispute.lost|subscription.renewed|subscription.cancelled
A0253,253,payment.authorized|payment.captured|payment.failed|refund.created|refund.settled|payout.paid|dispute.opened|dispute.won|dispute.lost|subscription.renewed|subscription.cancelled
A0253,640,payment.authorized|dispute.opened
A0253,641,payment.authorized|payment.captured|payment.failed|refund.created|refund.settled|payout.paid|dispute.opened|dispute.won|dispute.lost|subscription.renewed|subscription.cancelled
A0254,254,payment.authorized|payment.captured|payment.failed|refund.created|refund.settled|payout.paid|dispute.opened|dispute.won|dispute.lost|subscription.renewed|subscription.cancelled
A0254,640,payment.authorized|dispute.opened
A0254,641,payment.authorized|payment.captured|payment.failed|refund.created|refund.settled|payout.paid|dispute.opened|dispute.won|dispute.lost|subscription.renewed|subscription.cancelled
A0255,255,payment.authorized|payment.captured|payment.failed|refund.created|refund.settled|payout.paid|dispute.opened|dispute.won|dispute.lost|subscription.renewed|subscription.cancelled
A0255,640,payment.authorized|dispute.opened
A0255,641,payment.authorized|payment.captured|payment.failed|refund.created|refund.settled|payout.paid|dispute.opened|dispute.won|dispute.lost|subscription.renewed|subscription.cancelled
A0256,256,payment.authorized|payment.captured|payment.failed|refund.created|refund.settled|payout.paid|dispute.opened|dispute.won|dispute.lost|subscription.renewed|subscription.cancelled
A0256,640,payment.authorized|dispute.opened
A0256,641,payment.authorized|payment.captured|payment.failed|refund.created|refund.settled|payout.paid|dispute.opened|dispute.won|dispute.lost|subscription.renewed|subscription.cancelled
A0257,257,payment.authorized|payment.captured|payment.failed|refund.created|refund.settled|payout.paid|dispute.opened|dispute.won|dispute.lost|subscription.renewed|subscription.cancelled
A0257,640,payment.authorized|dispute.opened
A0257,641,payment.authorized|payment.captured|payment.failed|refund.created|refund.settled|payout.paid|dispute.opened|dispute.won|dispute.lost|subscription.renewed|subscription.cancelled
A0258,258,payment.authorized|payment.captured|payment.failed|refund.created|refund.settled|payout.paid|dispute.opened|dispute.won|dispute.lost|subscription.renewed|subscription.cancelled
A0258,640,payment.authorized|dispute.opened
A0258,641,payment.authorized|payment.captured|payment.failed|refund.created|refund.settled|payout.paid|dispute.opened|dispute.won|dispute.lost|subscription.renewed|subscription.cancelled
A0259,259,payment.authorized|payment.captured|payment.failed|refund.created|refund.settled|payout.paid|dispute.opened|dispute.won|dispute.lost|subscription.renewed|subscription.cancelled
A0259,640,payment.authorized|dispute.opened
A0259,641,payment.authorized|payment.captured|payment.failed|refund.created|refund.settled|payout.paid|dispute.opened|dispute.won|dispute.lost|subscription.renewed|subscription.cancelled
A0260,260,payment.authorized|payment.captured|payment.failed|refund.created|refund.settled|payout.paid|dispute.opened|dispute.won|dispute.lost|subscription.renewed|subscription.cancelled
A0260,640,payment.authorized|dispute.opened
A0260,641,payment.authorized|payment.captured|payment.failed|refund.created|refund.settled|payout.paid|dispute.opened|dispute.won|dispute.lost|subscription.renewed|subscription.cancelled
A0261,261,payment.authorized|payment.captured|payment.failed|refund.created|refund.settled|payout.paid|dispute.opened|dispute.won|dispute.lost|subscription.renewed|subscription.cancelled
A0261,640,payment.authorized|dispute.opened
A0261,641,payment.authorized|payment.captured|payment.failed|refund.created|refund.settled|payout.paid|dispute.opened|dispute.won|dispute.lost|subscription.renewed|subscription.cancelled
A0262,262,payment.authorized|payment.captured|payment.failed|refund.created|refund.settled|payout.paid|dispute.opened|dispute.won|dispute.lost|subscription.renewed|subscription.cancelled
A0262,640,payment.authorized|dispute.opened
A0262,641,payment.authorized|payment.captured|payment.failed|refund.created|refund.settled|payout.paid|dispute.opened|dispute.won|dispute.lost|subscription.renewed|subscription.cancelled
A0263,263,payment.authorized|payment.captured|payment.failed|refund.created|refund.settled|payout.paid|dispute.opened|dispute.won|dispute.lost|subscription.renewed|subscription.cancelled
A0263,640,payment.authorized|dispute.opened
A0263,641,payment.authorized|payment.captured|payment.failed|refund.created|refund.settled|payout.paid|dispute.opened|dispute.won|dispute.lost|subscription.renewed|subscription.cancelled
A0264,264,payment.authorized|payment.captured|payment.failed|refund.created|refund.settled|payout.paid|dispute.opened|dispute.won|dispute.lost|subscription.renewed|subscription.cancelled
A0264,640,payment.authorized|dispute.opened
A0264,641,payment.authorized|payment.captured|payment.failed|refund.created|refund.settled|payout.paid|dispute.opened|dispute.won|dispute.lost|subscription.renewed|subscription.cancelled
A0265,265,payment.authorized|payment.captured|payment.failed|refund.created|refund.settled|payout.paid|dispute.opened|dispute.won|dispute.lost|subscription.renewed|subscription.cancelled
A0265,640,payment.authorized|dispute.opened
A0265,641,payment.authorized|payment.captured|payment.failed|refund.created|refund.settled|payout.paid|dispute.opened|dispute.won|dispute.lost|subscription.renewed|subscription.cancelled
A0266,266,payment.authorized|payment.captured|payment.failed|refund.created|refund.settled|payout.paid|dispute.opened|dispute.won|dispute.lost|subscription.renewed|subscription.cancelled
A0266,640,payment.authorized|dispute.opened
A0266,641,payment.authorized|payment.captured|payment.failed|refund.created|refund.settled|payout.paid|dispute.opened|dispute.won|dispute.lost|subscription.renewed|subscription.cancelled
A0267,267,payment.authorized|payment.captured|payment.failed|refund.created|refund.settled|payout.paid|dispute.opened|dispute.won|dispute.lost|subscription.renewed|subscription.cancelled
A0267,640,payment.authorized|dispute.opened
A0267,641,payment.authorized|payment.captured|payment.failed|refund.created|refund.settled|payout.paid|dispute.opened|dispute.won|dispute.lost|subscription.renewed|subscription.cancelled
A0268,268,payment.authorized|payment.captured|payment.failed|refund.created|refund.settled|payout.paid|dispute.opened|dispute.won|dispute.lost|subscription.renewed|subscription.cancelled
A0268,640,payment.authorized|dispute.opened
A0268,641,payment.authorized|payment.captured|payment.failed|refund.created|refund.settled|payout.paid|dispute.opened|dispute.won|dispute.lost|subscription.renewed|subscription.cancelled
A0269,269,payment.authorized|payment.captured|payment.failed|refund.created|refund.settled|payout.paid|dispute.opened|dispute.won|dispute.lost|subscription.renewed|subscription.cancelled
A0269,640,payment.authorized|dispute.opened
A0269,641,payment.authorized|payment.captured|payment.failed|refund.created|refund.settled|payout.paid|dispute.opened|dispute.won|dispute.lost|subscription.renewed|subscription.cancelled
A0270,270,payment.authorized|payment.captured|payment.failed|refund.created|refund.settled|payout.paid|dispute.opened|dispute.won|dispute.lost|subscription.renewed|subscription.cancelled
A0270,640,payment.authorized|dispute.opened
A0270,641,payment.authorized|payment.captured|payment.failed|refund.created|refund.settled|payout.paid|dispute.opened|dispute.won|dispute.lost|subscription.renewed|subscription.cancelled
A0271,271,payment.authorized|payment.captured|payment.failed|refund.created|refund.settled|payout.paid|dispute.opened|dispute.won|dispute.lost|subscription.renewed|subscription.cancelled
A0271,640,payment.authorized|dispute.opened
A0271,641,payment.authorized|payment.captured|payment.failed|refund.created|refund.settled|payout.paid|dispute.opened|dispute.won|dispute.lost|subscription.renewed|subscription.cancelled
A0272,272,payment.authorized|payment.captured|payment.failed|refund.created|refund.settled|payout.paid|dispute.opened|dispute.won|dispute.lost|subscription.renewed|subscription.cancelled
A0272,640,payment.authorized|dispute.opened
A0272,641,payment.authorized|payment.captured|payment.failed|refund.created|refund.settled|payout.paid|dispute.opened|dispute.won|dispute.lost|subscription.renewed|subscription.cancelled
A0273,273,payment.authorized|payment.captured|payment.failed|refund.created|refund.settled|payout.paid|dispute.opened|dispute.won|dispute.lost|subscription.renewed|subscription.cancelled
A0273,640,payment.authorized|dispute.opened
A0273,641,payment.authorized|payment.captured|payment.failed|refund.created|refund.settled|payout.paid|dispute.opened|dispute.won|dispute.lost|subscription.renewed|subscription.cancelled
A0274,274,payment.authorized|payment.captured|payment.failed|refund.created|refund.settled|payout.paid|dispute.opened|dispute.won|dispute.lost|subscription.renewed|subscription.cancelled
A0274,640,payment.authorized|dispute.opened
A0274,641,payment.authorized|payment.captured|payment.failed|refund.created|refund.settled|payout.paid|dispute.opened|dispute.won|dispute.lost|subscription.renewed|subscription.cancelled
A0275,275,payment.authorized|payment.captured|payment.failed|refund.created|refund.settled|payout.paid|dispute.opened|dispute.won|dispute.lost|subscription.renewed|subscription.cancelled
A0275,640,payment.authorized|dispute.opened
A0275,641,payment.authorized|payment.captured|payment.failed|refund.created|refund.settled|payout.paid|dispute.opened|dispute.won|dispute.lost|subscription.renewed|subscription.cancelled
A0276,276,payment.authorized|payment.captured|payment.failed|refund.created|refund.settled|payout.paid|dispute.opened|dispute.won|dispute.lost|subscription.renewed|subscription.cancelled
A0276,640,payment.authorized|dispute.opened
A0276,641,payment.authorized|payment.captured|payment.failed|refund.created|refund.settled|payout.paid|dispute.opened|dispute.won|dispute.lost|subscription.renewed|subscription.cancelled
A0277,277,payment.authorized|payment.captured|payment.failed|refund.created|refund.settled|payout.paid|dispute.opened|dispute.won|dispute.lost|subscription.renewed|subscription.cancelled
A0277,640,payment.authorized|dispute.opened
A0277,641,payment.authorized|payment.captured|payment.failed|refund.created|refund.settled|payout.paid|dispute.opened|dispute.won|dispute.lost|subscription.renewed|subscription.cancelled
A0278,278,payment.authorized|payment.captured|payment.failed|refund.created|refund.settled|payout.paid|dispute.opened|dispute.won|dispute.lost|subscription.renewed|subscription.cancelled
A0278,640,payment.authorized|dispute.opened
A0278,641,payment.authorized|payment.captured|payment.failed|refund.created|refund.settled|payout.paid|dispute.opened|dispute.won|dispute.lost|subscription.renewed|subscription.cancelled
A0279,279,payment.authorized|payment.captured|payment.failed|refund.created|refund.settled|payout.paid|dispute.opened|dispute.won|dispute.lost|subscription.renewed|subscription.cancelled
A0279,640,payment.authorized|dispute.opened
A0279,641,payment.authorized|payment.captured|payment.failed|refund.created|refund.settled|payout.paid|dispute.opened|dispute.won|dispute.lost|subscription.renewed|subscription.cancelled
A0280,280,payment.authorized|payment.captured|payment.failed|refund.created|refund.settled|payout.paid|dispute.opened|dispute.won|dispute.lost|subscription.renewed|subscription.cancelled
A0280,640,payment.authorized|dispute.opened
A0280,641,payment.authorized|payment.captured|payment.failed|refund.created|refund.settled|payout.paid|dispute.opened|dispute.won|dispute.lost|subscription.renewed|subscription.cancelled
A0281,281,payment.authorized|payment.captured|payment.failed|refund.created|refund.settled|payout.paid|dispute.opened|dispute.won|dispute.lost|subscription.renewed|subscription.cancelled
A0281,640,payment.authorized|dispute.opened
A0281,641,payment.authorized|payment.captured|payment.failed|refund.created|refund.settled|payout.paid|dispute.opened|dispute.won|dispute.lost|subscription.renewed|subscription.cancelled
A0282,282,payment.authorized|payment.captured|payment.failed|refund.created|refund.settled|payout.paid|dispute.opened|dispute.won|dispute.lost|subscription.renewed|subscription.cancelled
A0282,640,payment.authorized|dispute.opened
A0282,641,payment.authorized|payment.captured|payment.failed|refund.created|refund.settled|payout.paid|dispute.opened|dispute.won|dispute.lost|subscription.renewed|subscription.cancelled
A0283,283,payment.authorized|payment.captured|payment.failed|refund.created|refund.settled|payout.paid|dispute.opened|dispute.won|dispute.lost|subscription.renewed|subscription.cancelled
A0283,640,payment.authorized|dispute.opened
A0283,641,payment.authorized|payment.captured|payment.failed|refund.created|refund.settled|payout.paid|dispute.opened|dispute.won|dispute.lost|subscription.renewed|subscription.cancelled
A0284,284,payment.authorized|payment.captured|payment.failed|refund.created|refund.settled|payout.paid|dispute.opened|dispute.won|dispute.lost|subscription.renewed|subscription.cancelled
A0284,640,payment.authorized|dispute.opened
A0284,641,payment.authorized|payment.captured|payment.failed|refund.created|refund.settled|payout.paid|dispute.opened|dispute.won|dispute.lost|subscription.renewed|subscription.cancelled
A0285,285,payment.authorized|payment.captured|payment.failed|refund.created|refund.settled|payout.paid|dispute.opened|dispute.won|dispute.lost|subscription.renewed|subscription.cancelled
A0285,640,payment.authorized|dispute.opened
A0285,641,payment.authorized|payment.captured|payment.failed|refund.created|refund.settled|payout.paid|dispute.opened|dispute.won|dispute.lost|subscription.renewed|subscription.cancelled
A0286,286,payment.authorized|payment.captured|payment.failed|refund.created|refund.settled|payout.paid|dispute.opened|dispute.won|dispute.lost|subscription.renewed|subscription.cancelled
A0286,640,payment.authorized|dispute.opened
A0286,641,payment.authorized|payment.captured|payment.failed|refund.created|refund.settled|payout.paid|dispute.opened|dispute.won|dispute.lost|subscription.renewed|subscription.cancelled
A0287,287,payment.authorized|payment.captured|payment.failed|refund.created|refund.settled|payout.paid|dispute.opened|dispute.won|dispute.lost|subscription.renewed|subscription.cancelled
A0287,640,payment.authorized|dispute.opened
A0287,641,payment.authorized|payment.captured|payment.failed|refund.created|refund.settled|payout.paid|dispute.opened|dispute.won|dispute.lost|subscription.renewed|subscription.cancelled
A0288,288,payment.authorized|payment.captured|payment.failed|refund.created|refund.settled|payout.paid|dispute.opened|dispute.won|dispute.lost|subscription.renewed|subscription.cancelled
A0288,640,payment.authorized|dispute.opened
A0288,641,payment.authorized|payment.captured|payment.failed|refund.created|refund.settled|payout.paid|dispute.opened|dispute.won|dispute.lost|subscription.renewed|subscription.cancelled
A0289,289,payment.authorized|payment.captured|payment.failed|refund.created|refund.settled|payout.paid|dispute.opened|dispute.won|dispute.lost|subscription.renewed|subscription.cancelled
A0289,640,payment.authorized|dispute.opened
A0289,641,payment.authorized|payment.captured|payment.failed|refund.created|refund.settled|payout.paid|dispute.opened|dispute.won|dispute.lost|subscription.renewed|subscription.cancelled
A0290,290,payment.authorized|payment.captured|payment.failed|refund.created|refund.settled|payout.paid|dispute.opened|dispute.won|dispute.lost|subscription.renewed|subscription.cancelled
A0290,640,payment.authorized|dispute.opened
A0290,641,payment.authorized|payment.captured|payment.failed|refund.created|refund.settled|payout.paid|dispute.opened|dispute.won|dispute.lost|subscription.renewed|subscription.cancelled
A0291,291,payment.authorized|payment.captured|payment.failed|refund.created|refund.settled|payout.paid|dispute.opened|dispute.won|dispute.lost|subscription.renewed|subscription.cancelled
A0291,640,payment.authorized|dispute.opened
A0291,641,payment.authorized|payment.captured|payment.failed|refund.created|refund.settled|payout.paid|dispute.opened|dispute.won|dispute.lost|subscription.renewed|subscription.cancelled
A0292,292,payment.authorized|payment.captured|payment.failed|refund.created|refund.settled|payout.paid|dispute.opened|dispute.won|dispute.lost|subscription.renewed|subscription.cancelled
A0292,640,payment.authorized|dispute.opened
A0292,641,payment.authorized|payment.captured|payment.failed|refund.created|refund.settled|payout.paid|dispute.opened|dispute.won|dispute.lost|subscription.renewed|subscription.cancelled
A0293,293,payment.authorized|payment.captured|payment.failed|refund.created|refund.settled|payout.paid|dispute.opened|dispute.won|dispute.lost|subscription.renewed|subscription.cancelled
A0293,640,payment.authorized|dispute.opened
A0293,641,payment.authorized|payment.captured|payment.failed|refund.created|refund.settled|payout.paid|dispute.opened|dispute.won|dispute.lost|subscription.renewed|subscription.cancelled
A0294,294,payment.authorized|payment.captured|payment.failed|refund.created|refund.settled|payout.paid|dispute.opened|dispute.won|dispute.lost|subscription.renewed|subscription.cancelled
A0294,640,payment.authorized|dispute.opened
A0294,641,payment.authorized|payment.captured|payment.failed|refund.created|refund.settled|payout.paid|dispute.opened|dispute.won|dispute.lost|subscription.renewed|subscription.cancelled
A0295,295,payment.authorized|payment.captured|payment.failed|refund.created|refund.settled|payout.paid|dispute.opened|dispute.won|dispute.lost|subscription.renewed|subscription.cancelled
A0295,640,payment.authorized|dispute.opened
A0295,641,payment.authorized|payment.captured|payment.failed|refund.created|refund.settled|payout.paid|dispute.opened|dispute.won|dispute.lost|subscription.renewed|subscription.cancelled
A0296,296,payment.authorized|payment.captured|payment.failed|refund.created|refund.settled|payout.paid|dispute.opened|dispute.won|dispute.lost|subscription.renewed|subscription.cancelled
A0296,640,payment.authorized|dispute.opened
A0296,641,payment.authorized|payment.captured|payment.failed|refund.created|refund.settled|payout.paid|dispute.opened|dispute.won|dispute.lost|subscription.renewed|subscription.cancelled
A0297,297,payment.authorized|payment.captured|payment.failed|refund.created|refund.settled|payout.paid|dispute.opened|dispute.won|dispute.lost|subscription.renewed|subscription.cancelled
A0297,640,payment.authorized|dispute.opened
A0297,641,payment.authorized|payment.captured|payment.failed|refund.created|refund.settled|payout.paid|dispute.opened|dispute.won|dispute.lost|subscription.renewed|subscription.cancelled
A0298,298,payment.authorized|payment.captured|payment.failed|refund.created|refund.settled|payout.paid|dispute.opened|dispute.won|dispute.lost|subscription.renewed|subscription.cancelled
A0298,640,payment.authorized|dispute.opened
A0298,641,payment.authorized|payment.captured|payment.failed|refund.created|refund.settled|payout.paid|dispute.opened|dispute.won|dispute.lost|subscription.renewed|subscription.cancelled
A0299,299,payment.authorized|payment.captured|payment.failed|refund.created|refund.settled|payout.paid|dispute.opened|dispute.won|dispute.lost|subscription.renewed|subscription.cancelled
A0299,640,payment.authorized|dispute.opened
A0299,641,payment.authorized|payment.captured|payment.failed|refund.created|refund.settled|payout.paid|dispute.opened|dispute.won|dispute.lost|subscription.renewed|subscription.cancelled
A0300,300,payment.authorized|payment.captured|payment.failed|refund.created|refund.settled|payout.paid|dispute.opened|dispute.won|dispute.lost|subscription.renewed|subscription.cancelled
A0300,640,payment.authorized|dispute.opened
A0300,641,payment.authorized|payment.captured|payment.failed|refund.created|refund.settled|payout.paid|dispute.opened|dispute.won|dispute.lost|subscription.renewed|subscription.cancelled
A0301,301,payment.authorized|payment.captured|payment.failed|refund.created|refund.settled|payout.paid|dispute.opened|dispute.won|dispute.lost|subscription.renewed|subscription.cancelled
A0301,640,payment.authorized|dispute.opened
A0301,641,payment.authorized|payment.captured|payment.failed|refund.created|refund.settled|payout.paid|dispute.opened|dispute.won|dispute.lost|subscription.renewed|subscription.cancelled
A0302,302,payment.authorized|payment.captured|payment.failed|refund.created|refund.settled|payout.paid|dispute.opened|dispute.won|dispute.lost|subscription.renewed|subscription.cancelled
A0302,640,payment.authorized|dispute.opened
A0302,641,payment.authorized|payment.captured|payment.failed|refund.created|refund.settled|payout.paid|dispute.opened|dispute.won|dispute.lost|subscription.renewed|subscription.cancelled
A0303,303,payment.authorized|payment.captured|payment.failed|refund.created|refund.settled|payout.paid|dispute.opened|dispute.won|dispute.lost|subscription.renewed|subscription.cancelled
A0303,640,payment.authorized|dispute.opened
A0303,641,payment.authorized|payment.captured|payment.failed|refund.created|refund.settled|payout.paid|dispute.opened|dispute.won|dispute.lost|subscription.renewed|subscription.cancelled
A0304,304,payment.authorized|payment.captured|payment.failed|refund.created|refund.settled|payout.paid|dispute.opened|dispute.won|dispute.lost|subscription.renewed|subscription.cancelled
A0304,640,payment.authorized|dispute.opened
A0304,641,payment.authorized|payment.captured|payment.failed|refund.created|refund.settled|payout.paid|dispute.opened|dispute.won|dispute.lost|subscription.renewed|subscription.cancelled
A0305,305,payment.authorized|payment.captured|payment.failed|refund.created|refund.settled|payout.paid|dispute.opened|dispute.won|dispute.lost|subscription.renewed|subscription.cancelled
A0305,640,payment.authorized|dispute.opened
A0305,641,payment.authorized|payment.captured|payment.failed|refund.created|refund.settled|payout.paid|dispute.opened|dispute.won|dispute.lost|subscription.renewed|subscription.cancelled
A0306,306,payment.authorized|payment.captured|payment.failed|refund.created|refund.settled|payout.paid|dispute.opened|dispute.won|dispute.lost|subscription.renewed|subscription.cancelled
A0306,640,payment.authorized|dispute.opened
A0306,641,payment.authorized|payment.captured|payment.failed|refund.created|refund.settled|payout.paid|dispute.opened|dispute.won|dispute.lost|subscription.renewed|subscription.cancelled
A0307,307,payment.authorized|payment.captured|payment.failed|refund.created|refund.settled|payout.paid|dispute.opened|dispute.won|dispute.lost|subscription.renewed|subscription.cancelled
A0307,640,payment.authorized|dispute.opened
A0307,641,payment.authorized|payment.captured|payment.failed|refund.created|refund.settled|payout.paid|dispute.opened|dispute.won|dispute.lost|subscription.renewed|subscription.cancelled
A0308,308,payment.authorized|payment.captured|payment.failed|refund.created|refund.settled|payout.paid|dispute.opened|dispute.won|dispute.lost|subscription.renewed|subscription.cancelled
A0308,640,payment.authorized|dispute.opened
A0308,641,payment.authorized|payment.captured|payment.failed|refund.created|refund.settled|payout.paid|dispute.opened|dispute.won|dispute.lost|subscription.renewed|subscription.cancelled
A0309,309,payment.authorized|payment.captured|payment.failed|refund.created|refund.settled|payout.paid|dispute.opened|dispute.won|dispute.lost|subscription.renewed|subscription.cancelled
A0309,640,payment.authorized|dispute.opened
A0309,641,payment.authorized|payment.captured|payment.failed|refund.created|refund.settled|payout.paid|dispute.opened|dispute.won|dispute.lost|subscription.renewed|subscription.cancelled
A0310,310,payment.authorized|payment.captured|payment.failed|refund.created|refund.settled|payout.paid|dispute.opened|dispute.won|dispute.lost|subscription.renewed|subscription.cancelled
A0310,640,payment.authorized|dispute.opened
A0310,641,payment.authorized|payment.captured|payment.failed|refund.created|refund.settled|payout.paid|dispute.opened|dispute.won|dispute.lost|subscription.renewed|subscription.cancelled
A0311,311,payment.authorized|payment.captured|payment.failed|refund.created|refund.settled|payout.paid|dispute.opened|dispute.won|dispute.lost|subscription.renewed|subscription.cancelled
A0311,640,payment.authorized|dispute.opened
A0311,641,payment.authorized|payment.captured|payment.failed|refund.created|refund.settled|payout.paid|dispute.opened|dispute.won|dispute.lost|subscription.renewed|subscription.cancelled
A0312,312,payment.authorized|payment.captured|payment.failed|refund.created|refund.settled|payout.paid|dispute.opened|dispute.won|dispute.lost|subscription.renewed|subscription.cancelled
A0312,640,payment.authorized|dispute.opened
A0312,641,payment.authorized|payment.captured|payment.failed|refund.created|refund.settled|payout.paid|dispute.opened|dispute.won|dispute.lost|subscription.renewed|subscription.cancelled
A0313,313,payment.authorized|payment.captured|payment.failed|refund.created|refund.settled|payout.paid|dispute.opened|dispute.won|dispute.lost|subscription.renewed|subscription.cancelled
A0313,640,payment.authorized|dispute.opened
A0313,641,payment.authorized|payment.captured|payment.failed|refund.created|refund.settled|payout.paid|dispute.opened|dispute.won|dispute.lost|subscription.renewed|subscription.cancelled
A0314,314,payment.authorized|payment.captured|payment.failed|refund.created|refund.settled|payout.paid|dispute.opened|dispute.won|dispute.lost|subscription.renewed|subscription.cancelled
A0314,640,payment.authorized|dispute.opened
A0314,641,payment.authorized|payment.captured|payment.failed|refund.created|refund.settled|payout.paid|dispute.opened|dispute.won|dispute.lost|subscription.renewed|subscription.cancelled
A0315,315,payment.authorized|payment.captured|payment.failed|refund.created|refund.settled|payout.paid|dispute.opened|dispute.won|dispute.lost|subscription.renewed|subscription.cancelled
A0315,640,payment.authorized|dispute.opened
A0315,641,payment.authorized|payment.captured|payment.failed|refund.created|refund.settled|payout.paid|dispute.opened|dispute.won|dispute.lost|subscription.renewed|subscription.cancelled
A0316,316,payment.authorized|payment.captured|payment.failed|refund.created|refund.settled|payout.paid|dispute.opened|dispute.won|dispute.lost|subscription.renewed|subscription.cancelled
A0316,640,payment.authorized|dispute.opened
A0316,641,payment.authorized|payment.captured|payment.failed|refund.created|refund.settled|payout.paid|dispute.opened|dispute.won|dispute.lost|subscription.renewed|subscription.cancelled
A0317,317,payment.authorized|payment.captured|payment.failed|refund.created|refund.settled|payout.paid|dispute.opened|dispute.won|dispute.lost|subscription.renewed|subscription.cancelled
A0317,640,payment.authorized|dispute.opened
A0317,641,payment.authorized|payment.captured|payment.failed|refund.created|refund.settled|payout.paid|dispute.opened|dispute.won|dispute.lost|subscription.renewed|subscription.cancelled
A0318,318,payment.authorized|payment.captured|payment.failed|refund.created|refund.settled|payout.paid|dispute.opened|dispute.won|dispute.lost|subscription.renewed|subscription.cancelled
A0318,640,payment.authorized|dispute.opened
A0318,641,payment.authorized|payment.captured|payment.failed|refund.created|refund.settled|payout.paid|dispute.opened|dispute.won|dispute.lost|subscription.renewed|subscription.cancelled
A0319,319,payment.authorized|payment.captured|payment.failed|refund.created|refund.settled|payout.paid|dispute.opened|dispute.won|dispute.lost|subscription.renewed|subscription.cancelled
A0319,640,payment.authorized|dispute.opened
A0319,641,payment.authorized|payment.captured|payment.failed|refund.created|refund.settled|payout.paid|dispute.opened|dispute.won|dispute.lost|subscription.renewed|subscription.cancelled
A0320,320,payment.authorized|payment.captured|payment.failed|refund.created|refund.settled|payout.paid|dispute.opened|dispute.won|dispute.lost|subscription.renewed|subscription.cancelled
A0320,640,payment.authorized|dispute.opened
A0320,641,payment.authorized|payment.captured|payment.failed|refund.created|refund.settled|payout.paid|dispute.opened|dispute.won|dispute.lost|subscription.renewed|subscription.cancelled
A0321,321,payment.authorized|payment.captured|payment.failed|refund.created|refund.settled|payout.paid|dispute.opened|dispute.won|dispute.lost|subscription.renewed|subscription.cancelled
A0321,640,payment.authorized|dispute.opened
A0321,641,payment.authorized|payment.captured|payment.failed|refund.created|refund.settled|payout.paid|dispute.opened|dispute.won|dispute.lost|subscription.renewed|subscription.cancelled
A0322,322,payment.authorized|payment.captured|payment.failed|refund.created|refund.settled|payout.paid|dispute.opened|dispute.won|dispute.lost|subscription.renewed|subscription.cancelled
A0322,640,payment.authorized|dispute.opened
A0322,641,payment.authorized|payment.captured|payment.failed|refund.created|refund.settled|payout.paid|dispute.opened|dispute.won|dispute.lost|subscription.renewed|subscription.cancelled
A0323,323,payment.authorized|payment.captured|payment.failed|refund.created|refund.settled|payout.paid|dispute.opened|dispute.won|dispute.lost|subscription.renewed|subscription.cancelled
A0323,640,payment.authorized|dispute.opened
A0323,641,payment.authorized|payment.captured|payment.failed|refund.created|refund.settled|payout.paid|dispute.opened|dispute.won|dispute.lost|subscription.renewed|subscription.cancelled
A0324,324,payment.authorized|payment.captured|payment.failed|refund.created|refund.settled|payout.paid|dispute.opened|dispute.won|dispute.lost|subscription.renewed|subscription.cancelled
A0324,640,payment.authorized|dispute.opened
A0324,641,payment.authorized|payment.captured|payment.failed|refund.created|refund.settled|payout.paid|dispute.opened|dispute.won|dispute.lost|subscription.renewed|subscription.cancelled
A0325,325,payment.authorized|payment.captured|payment.failed|refund.created|refund.settled|payout.paid|dispute.opened|dispute.won|dispute.lost|subscription.renewed|subscription.cancelled
A0325,640,payment.authorized|dispute.opened
A0325,641,payment.authorized|payment.captured|payment.failed|refund.created|refund.settled|payout.paid|dispute.opened|dispute.won|dispute.lost|subscription.renewed|subscription.cancelled
A0326,326,payment.authorized|payment.captured|payment.failed|refund.created|refund.settled|payout.paid|dispute.opened|dispute.won|dispute.lost|subscription.renewed|subscription.cancelled
A0326,640,payment.authorized|dispute.opened
A0326,641,payment.authorized|payment.captured|payment.failed|refund.created|refund.settled|payout.paid|dispute.opened|dispute.won|dispute.lost|subscription.renewed|subscription.cancelled
A0327,327,payment.authorized|payment.captured|payment.failed|refund.created|refund.settled|payout.paid|dispute.opened|dispute.won|dispute.lost|subscription.renewed|subscription.cancelled
A0327,640,payment.authorized|dispute.opened
A0327,641,payment.authorized|payment.captured|payment.failed|refund.created|refund.settled|payout.paid|dispute.opened|dispute.won|dispute.lost|subscription.renewed|subscription.cancelled
A0328,328,payment.authorized|payment.captured|payment.failed|refund.created|refund.settled|payout.paid|dispute.opened|dispute.won|dispute.lost|subscription.renewed|subscription.cancelled
A0328,640,payment.authorized|dispute.opened
A0328,641,payment.authorized|payment.captured|payment.failed|refund.created|refund.settled|payout.paid|dispute.opened|dispute.won|dispute.lost|subscription.renewed|subscription.cancelled
A0329,329,payment.authorized|payment.captured|payment.failed|refund.created|refund.settled|payout.paid|dispute.opened|dispute.won|dispute.lost|subscription.renewed|subscription.cancelled
A0329,640,payment.authorized|dispute.opened
A0329,641,payment.authorized|payment.captured|payment.failed|refund.created|refund.settled|payout.paid|dispute.opened|dispute.won|dispute.lost|subscription.renewed|subscription.cancelled
A0330,330,payment.authorized|payment.captured|payment.failed|refund.created|refund.settled|payout.paid|dispute.opened|dispute.won|dispute.lost|subscription.renewed|subscription.cancelled
A0330,640,payment.authorized|dispute.opened
A0330,641,payment.authorized|payment.captured|payment.failed|refund.created|refund.settled|payout.paid|dispute.opened|dispute.won|dispute.lost|subscription.renewed|subscription.cancelled
A0331,331,payment.authorized|payment.captured|payment.failed|refund.created|refund.settled|payout.paid|dispute.opened|dispute.won|dispute.lost|subscription.renewed|subscription.cancelled
A0331,640,payment.authorized|dispute.opened
A0331,641,payment.authorized|payment.captured|payment.failed|refund.created|refund.settled|payout.paid|dispute.opened|dispute.won|dispute.lost|subscription.renewed|subscription.cancelled
A0332,332,payment.authorized|payment.captured|payment.failed|refund.created|refund.settled|payout.paid|dispute.opened|dispute.won|dispute.lost|subscription.renewed|subscription.cancelled
A0332,640,payment.authorized|dispute.opened
A0332,641,payment.authorized|payment.captured|payment.failed|refund.created|refund.settled|payout.paid|dispute.opened|dispute.won|dispute.lost|subscription.renewed|subscription.cancelled
A0333,333,payment.authorized|payment.captured|payment.failed|refund.created|refund.settled|payout.paid|dispute.opened|dispute.won|dispute.lost|subscription.renewed|subscription.cancelled
A0333,640,payment.authorized|dispute.opened
A0333,641,payment.authorized|payment.captured|payment.failed|refund.created|refund.settled|payout.paid|dispute.opened|dispute.won|dispute.lost|subscription.renewed|subscription.cancelled
A0334,334,payment.authorized|payment.captured|payment.failed|refund.created|refund.settled|payout.paid|dispute.opened|dispute.won|dispute.lost|subscription.renewed|subscription.cancelled
A0334,640,payment.authorized|dispute.opened
A0334,641,payment.authorized|payment.captured|payment.failed|refund.created|refund.settled|payout.paid|dispute.opened|dispute.won|dispute.lost|subscription.renewed|subscription.cancelled
A0335,335,payment.authorized|payment.captured|payment.failed|refund.created|refund.settled|payout.paid|dispute.opened|dispute.won|dispute.lost|subscription.renewed|subscription.cancelled
A0335,640,payment.authorized|dispute.opened
A0335,641,payment.authorized|payment.captured|payment.failed|refund.created|refund.settled|payout.paid|dispute.opened|dispute.won|dispute.lost|subscription.renewed|subscription.cancelled
A0336,336,payment.authorized|payment.captured|payment.failed|refund.created|refund.settled|payout.paid|dispute.opened|dispute.won|dispute.lost|subscription.renewed|subscription.cancelled
A0336,640,payment.authorized|dispute.opened
A0336,641,payment.authorized|payment.captured|payment.failed|refund.created|refund.settled|payout.paid|dispute.opened|dispute.won|dispute.lost|subscription.renewed|subscription.cancelled
A0337,337,payment.authorized|payment.captured|payment.failed|refund.created|refund.settled|payout.paid|dispute.opened|dispute.won|dispute.lost|subscription.renewed|subscription.cancelled
A0337,640,payment.authorized|dispute.opened
A0337,641,payment.authorized|payment.captured|payment.failed|refund.created|refund.settled|payout.paid|dispute.opened|dispute.won|dispute.lost|subscription.renewed|subscription.cancelled
A0338,338,payment.authorized|payment.captured|payment.failed|refund.created|refund.settled|payout.paid|dispute.opened|dispute.won|dispute.lost|subscription.renewed|subscription.cancelled
A0338,640,payment.authorized|dispute.opened
A0338,641,payment.authorized|payment.captured|payment.failed|refund.created|refund.settled|payout.paid|dispute.opened|dispute.won|dispute.lost|subscription.renewed|subscription.cancelled
A0339,339,payment.authorized|payment.captured|payment.failed|refund.created|refund.settled|payout.paid|dispute.opened|dispute.won|dispute.lost|subscription.renewed|subscription.cancelled
A0339,640,payment.authorized|dispute.opened
A0339,641,payment.authorized|payment.captured|payment.failed|refund.created|refund.settled|payout.paid|dispute.opened|dispute.won|dispute.lost|subscription.renewed|subscription.cancelled
A0340,340,payment.authorized|payment.captured|payment.failed|refund.created|refund.settled|payout.paid|dispute.opened|dispute.won|dispute.lost|subscription.renewed|subscription.cancelled
A0340,640,payment.authorized|dispute.opened
A0340,641,payment.authorized|payment.captured|payment.failed|refund.created|refund.settled|payout.paid|dispute.opened|dispute.won|dispute.lost|subscription.renewed|subscription.cancelled
A0341,341,payment.authorized|payment.captured|payment.failed|refund.created|refund.settled|payout.paid|dispute.opened|dispute.won|dispute.lost|subscription.renewed|subscription.cancelled
A0341,640,payment.authorized|dispute.opened
A0341,641,payment.authorized|payment.captured|payment.failed|refund.created|refund.settled|payout.paid|dispute.opened|dispute.won|dispute.lost|subscription.renewed|subscription.cancelled
A0342,342,payment.authorized|payment.captured|payment.failed|refund.created|refund.settled|payout.paid|dispute.opened|dispute.won|dispute.lost|subscription.renewed|subscription.cancelled
A0342,640,payment.authorized|dispute.opened
A0342,641,payment.authorized|payment.captured|payment.failed|refund.created|refund.settled|payout.paid|dispute.opened|dispute.won|dispute.lost|subscription.renewed|subscription.cancelled
A0343,343,payment.authorized|payment.captured|payment.failed|refund.created|refund.settled|payout.paid|dispute.opened|dispute.won|dispute.lost|subscription.renewed|subscription.cancelled
A0343,640,payment.authorized|dispute.opened
A0343,641,payment.authorized|payment.captured|payment.failed|refund.created|refund.settled|payout.paid|dispute.opened|dispute.won|dispute.lost|subscription.renewed|subscription.cancelled
A0344,344,payment.authorized|payment.captured|payment.failed|refund.created|refund.settled|payout.paid|dispute.opened|dispute.won|dispute.lost|subscription.renewed|subscription.cancelled
A0344,640,payment.authorized|dispute.opened
A0344,641,payment.authorized|payment.captured|payment.failed|refund.created|refund.settled|payout.paid|dispute.opened|dispute.won|dispute.lost|subscription.renewed|subscription.cancelled
A0345,345,payment.authorized|payment.captured|payment.failed|refund.created|refund.settled|payout.paid|dispute.opened|dispute.won|dispute.lost|subscription.renewed|subscription.cancelled
A0345,640,payment.authorized|dispute.opened
A0345,641,payment.authorized|payment.captured|payment.failed|refund.created|refund.settled|payout.paid|dispute.opened|dispute.won|dispute.lost|subscription.renewed|subscription.cancelled
A0346,346,payment.authorized|payment.captured|payment.failed|refund.created|refund.settled|payout.paid|dispute.opened|dispute.won|dispute.lost|subscription.renewed|subscription.cancelled
A0346,640,payment.authorized|dispute.opened
A0346,641,payment.authorized|payment.captured|payment.failed|refund.created|refund.settled|payout.paid|dispute.opened|dispute.won|dispute.lost|subscription.renewed|subscription.cancelled
A0347,347,payment.authorized|payment.captured|payment.failed|refund.created|refund.settled|payout.paid|dispute.opened|dispute.won|dispute.lost|subscription.renewed|subscription.cancelled
A0347,640,payment.authorized|dispute.opened
A0347,641,payment.authorized|payment.captured|payment.failed|refund.created|refund.settled|payout.paid|dispute.opened|dispute.won|dispute.lost|subscription.renewed|subscription.cancelled
A0348,348,payment.authorized|payment.captured|payment.failed|refund.created|refund.settled|payout.paid|dispute.opened|dispute.won|dispute.lost|subscription.renewed|subscription.cancelled
A0348,640,payment.authorized|dispute.opened
A0348,641,payment.authorized|payment.captured|payment.failed|refund.created|refund.settled|payout.paid|dispute.opened|dispute.won|dispute.lost|subscription.renewed|subscription.cancelled
A0349,349,payment.authorized|payment.captured|payment.failed|refund.created|refund.settled|payout.paid|dispute.opened|dispute.won|dispute.lost|subscription.renewed|subscription.cancelled
A0349,640,payment.authorized|dispute.opened
A0349,641,payment.authorized|payment.captured|payment.failed|refund.created|refund.settled|payout.paid|dispute.opened|dispute.won|dispute.lost|subscription.renewed|subscription.cancelled
A0350,350,payment.authorized|payment.captured|payment.failed|refund.created|refund.settled|payout.paid|dispute.opened|dispute.won|dispute.lost|subscription.renewed|subscription.cancelled
A0350,640,payment.authorized|dispute.opened
A0350,641,payment.authorized|payment.captured|payment.failed|refund.created|refund.settled|payout.paid|dispute.opened|dispute.won|dispute.lost|subscription.renewed|subscription.cancelled
A0351,351,payment.authorized|payment.captured|payment.failed|refund.created|refund.settled|payout.paid|dispute.opened|dispute.won|dispute.lost|subscription.renewed|subscription.cancelled
A0351,640,payment.authorized|dispute.opened
A0351,641,payment.authorized|payment.captured|payment.failed|refund.created|refund.settled|payout.paid|dispute.opened|dispute.won|dispute.lost|subscription.renewed|subscription.cancelled
A0352,352,payment.authorized|payment.captured|payment.failed|refund.created|refund.settled|payout.paid|dispute.opened|dispute.won|dispute.lost|subscription.renewed|subscription.cancelled
A0352,640,payment.authorized|dispute.opened
A0352,641,payment.authorized|payment.captured|payment.failed|refund.created|refund.settled|payout.paid|dispute.opened|dispute.won|dispute.lost|subscription.renewed|subscription.cancelled
A0353,353,payment.authorized|payment.captured|payment.failed|refund.created|refund.settled|payout.paid|dispute.opened|dispute.won|dispute.lost|subscription.renewed|subscription.cancelled
A0353,640,payment.authorized|dispute.opened
A0353,641,payment.authorized|payment.captured|payment.failed|refund.created|refund.settled|payout.paid|dispute.opened|dispute.won|dispute.lost|subscription.renewed|subscription.cancelled
A0354,354,payment.authorized|payment.captured|payment.failed|refund.created|refund.settled|payout.paid|dispute.opened|dispute.won|dispute.lost|subscription.renewed|subscription.cancelled
A0354,640,payment.authorized|dispute.opened
A0354,641,payment.authorized|payment.captured|payment.failed|refund.created|refund.settled|payout.paid|dispute.opened|dispute.won|dispute.lost|subscription.renewed|subscription.cancelled
A0355,355,payment.authorized|payment.captured|payment.failed|refund.created|refund.settled|payout.paid|dispute.opened|dispute.won|dispute.lost|subscription.renewed|subscription.cancelled
A0355,640,payment.authorized|dispute.opened
A0355,641,payment.authorized|payment.captured|payment.failed|refund.created|refund.settled|payout.paid|dispute.opened|dispute.won|dispute.lost|subscription.renewed|subscription.cancelled
A0356,356,payment.authorized|payment.captured|payment.failed|refund.created|refund.settled|payout.paid|dispute.opened|dispute.won|dispute.lost|subscription.renewed|subscription.cancelled
A0356,640,payment.authorized|dispute.opened
A0356,641,payment.authorized|payment.captured|payment.failed|refund.created|refund.settled|payout.paid|dispute.opened|dispute.won|dispute.lost|subscription.renewed|subscription.cancelled
A0357,357,payment.authorized|payment.captured|payment.failed|refund.created|refund.settled|payout.paid|dispute.opened|dispute.won|dispute.lost|subscription.renewed|subscription.cancelled
A0357,640,payment.authorized|dispute.opened
A0357,641,payment.authorized|payment.captured|payment.failed|refund.created|refund.settled|payout.paid|dispute.opened|dispute.won|dispute.lost|subscription.renewed|subscription.cancelled
A0358,358,payment.authorized|payment.captured|payment.failed|refund.created|refund.settled|payout.paid|dispute.opened|dispute.won|dispute.lost|subscription.renewed|subscription.cancelled
A0358,640,payment.authorized|dispute.opened
A0358,641,payment.authorized|payment.captured|payment.failed|refund.created|refund.settled|payout.paid|dispute.opened|dispute.won|dispute.lost|subscription.renewed|subscription.cancelled
A0359,359,payment.authorized|payment.captured|payment.failed|refund.created|refund.settled|payout.paid|dispute.opened|dispute.won|dispute.lost|subscription.renewed|subscription.cancelled
A0359,640,payment.authorized|dispute.opened
A0359,641,payment.authorized|payment.captured|payment.failed|refund.created|refund.settled|payout.paid|dispute.opened|dispute.won|dispute.lost|subscription.renewed|subscription.cancelled
A0360,360,payment.authorized|payment.captured|payment.failed|refund.created|refund.settled|payout.paid|dispute.opened|dispute.won|dispute.lost|subscription.renewed|subscription.cancelled
A0360,640,payment.authorized|dispute.opened
A0360,641,payment.authorized|payment.captured|payment.failed|refund.created|refund.settled|payout.paid|dispute.opened|dispute.won|dispute.lost|subscription.renewed|subscription.cancelled
A0361,361,payment.authorized|payment.captured|payment.failed|refund.created|refund.settled|payout.paid|dispute.opened|dispute.won|dispute.lost|subscription.renewed|subscription.cancelled
A0361,640,payment.authorized|dispute.opened
A0361,641,payment.authorized|payment.captured|payment.failed|refund.created|refund.settled|payout.paid|dispute.opened|dispute.won|dispute.lost|subscription.renewed|subscription.cancelled
A0362,362,payment.authorized|payment.captured|payment.failed|refund.created|refund.settled|payout.paid|dispute.opened|dispute.won|dispute.lost|subscription.renewed|subscription.cancelled
A0362,640,payment.authorized|dispute.opened
A0362,641,payment.authorized|payment.captured|payment.failed|refund.created|refund.settled|payout.paid|dispute.opened|dispute.won|dispute.lost|subscription.renewed|subscription.cancelled
A0363,363,payment.authorized|payment.captured|payment.failed|refund.created|refund.settled|payout.paid|dispute.opened|dispute.won|dispute.lost|subscription.renewed|subscription.cancelled
A0363,640,payment.authorized|dispute.opened
A0363,641,payment.authorized|payment.captured|payment.failed|refund.created|refund.settled|payout.paid|dispute.opened|dispute.won|dispute.lost|subscription.renewed|subscription.cancelled
A0364,364,payment.authorized|payment.captured|payment.failed|refund.created|refund.settled|payout.paid|dispute.opened|dispute.won|dispute.lost|subscription.renewed|subscription.cancelled
A0364,640,payment.authorized|dispute.opened
A0364,641,payment.authorized|payment.captured|payment.failed|refund.created|refund.settled|payout.paid|dispute.opened|dispute.won|dispute.lost|subscription.renewed|subscription.cancelled
A0365,365,payment.authorized|payment.captured|payment.failed|refund.created|refund.settled|payout.paid|dispute.opened|dispute.won|dispute.lost|subscription.renewed|subscription.cancelled
A0365,640,payment.authorized|dispute.opened
A0365,641,payment.authorized|payment.captured|payment.failed|refund.created|refund.settled|payout.paid|dispute.opened|dispute.won|dispute.lost|subscription.renewed|subscription.cancelled
A0366,366,payment.authorized|payment.captured|payment.failed|refund.created|refund.settled|payout.paid|dispute.opened|dispute.won|dispute.lost|subscription.renewed|subscription.cancelled
A0366,640,payment.authorized|dispute.opened
A0366,641,payment.authorized|payment.captured|payment.failed|refund.created|refund.settled|payout.paid|dispute.opened|dispute.won|dispute.lost|subscription.renewed|subscription.cancelled
A0367,367,payment.authorized|payment.captured|payment.failed|refund.created|refund.settled|payout.paid|dispute.opened|dispute.won|dispute.lost|subscription.renewed|subscription.cancelled
A0367,640,payment.authorized|dispute.opened
A0367,641,payment.authorized|payment.captured|payment.failed|refund.created|refund.settled|payout.paid|dispute.opened|dispute.won|dispute.lost|subscription.renewed|subscription.cancelled
A0368,368,payment.authorized|payment.captured|payment.failed|refund.created|refund.settled|payout.paid|dispute.opened|dispute.won|dispute.lost|subscription.renewed|subscription.cancelled
A0368,640,payment.authorized|dispute.opened
A0368,641,payment.authorized|payment.captured|payment.failed|refund.created|refund.settled|payout.paid|dispute.opened|dispute.won|dispute.lost|subscription.renewed|subscription.cancelled
A0369,369,payment.authorized|payment.captured|payment.failed|refund.created|refund.settled|payout.paid|dispute.opened|dispute.won|dispute.lost|subscription.renewed|subscription.cancelled
A0369,640,payment.authorized|dispute.opened
A0369,641,payment.authorized|payment.captured|payment.failed|refund.created|refund.settled|payout.paid|dispute.opened|dispute.won|dispute.lost|subscription.renewed|subscription.cancelled
A0370,370,payment.authorized|payment.captured|payment.failed|refund.created|refund.settled|payout.paid|dispute.opened|dispute.won|dispute.lost|subscription.renewed|subscription.cancelled
A0370,640,payment.authorized|dispute.opened
A0370,641,payment.authorized|payment.captured|payment.failed|refund.created|refund.settled|payout.paid|dispute.opened|dispute.won|dispute.lost|subscription.renewed|subscription.cancelled
A0371,371,payment.authorized|payment.captured|payment.failed|refund.created|refund.settled|payout.paid|dispute.opened|dispute.won|dispute.lost|subscription.renewed|subscription.cancelled
A0371,640,payment.authorized|dispute.opened
A0371,641,payment.authorized|payment.captured|payment.failed|refund.created|refund.settled|payout.paid|dispute.opened|dispute.won|dispute.lost|subscription.renewed|subscription.cancelled
A0372,372,payment.authorized|payment.captured|payment.failed|refund.created|refund.settled|payout.paid|dispute.opened|dispute.won|dispute.lost|subscription.renewed|subscription.cancelled
A0372,640,payment.authorized|dispute.opened
A0372,641,payment.authorized|payment.captured|payment.failed|refund.created|refund.settled|payout.paid|dispute.opened|dispute.won|dispute.lost|subscription.renewed|subscription.cancelled
A0373,373,payment.authorized|payment.captured|payment.failed|refund.created|refund.settled|payout.paid|dispute.opened|dispute.won|dispute.lost|subscription.renewed|subscription.cancelled
A0373,640,payment.authorized|dispute.opened
A0373,641,payment.authorized|payment.captured|payment.failed|refund.created|refund.settled|payout.paid|dispute.opened|dispute.won|dispute.lost|subscription.renewed|subscription.cancelled
A0374,374,payment.authorized|payment.captured|payment.failed|refund.created|refund.settled|payout.paid|dispute.opened|dispute.won|dispute.lost|subscription.renewed|subscription.cancelled
A0374,640,payment.authorized|dispute.opened
A0374,641,payment.authorized|payment.captured|payment.failed|refund.created|refund.settled|payout.paid|dispute.opened|dispute.won|dispute.lost|subscription.renewed|subscription.cancelled
A0375,375,payment.authorized|payment.captured|payment.failed|refund.created|refund.settled|payout.paid|dispute.opened|dispute.won|dispute.lost|subscription.renewed|subscription.cancelled
A0375,640,payment.authorized|dispute.opened
A0375,641,payment.authorized|payment.captured|payment.failed|refund.created|refund.settled|payout.paid|dispute.opened|dispute.won|dispute.lost|subscription.renewed|subscription.cancelled
A0376,376,payment.authorized|payment.captured|payment.failed|refund.created|refund.settled|payout.paid|dispute.opened|dispute.won|dispute.lost|subscription.renewed|subscription.cancelled
A0376,640,payment.authorized|dispute.opened
A0376,641,payment.authorized|payment.captured|payment.failed|refund.created|refund.settled|payout.paid|dispute.opened|dispute.won|dispute.lost|subscription.renewed|subscription.cancelled
A0377,377,payment.authorized|payment.captured|payment.failed|refund.created|refund.settled|payout.paid|dispute.opened|dispute.won|dispute.lost|subscription.renewed|subscription.cancelled
A0377,640,payment.authorized|dispute.opened
A0377,641,payment.authorized|payment.captured|payment.failed|refund.created|refund.settled|payout.paid|dispute.opened|dispute.won|dispute.lost|subscription.renewed|subscription.cancelled
A0378,378,payment.authorized|payment.captured|payment.failed|refund.created|refund.settled|payout.paid|dispute.opened|dispute.won|dispute.lost|subscription.renewed|subscription.cancelled
A0378,640,payment.authorized|dispute.opened
A0378,641,payment.authorized|payment.captured|payment.failed|refund.created|refund.settled|payout.paid|dispute.opened|dispute.won|dispute.lost|subscription.renewed|subscription.cancelled
A0379,379,payment.authorized|payment.captured|payment.failed|refund.created|refund.settled|payout.paid|dispute.opened|dispute.won|dispute.lost|subscription.renewed|subscription.cancelled
A0379,640,payment.authorized|dispute.opened
A0379,641,payment.authorized|payment.captured|payment.failed|refund.created|refund.settled|payout.paid|dispute.opened|dispute.won|dispute.lost|subscription.renewed|subscription.cancelled
A0380,380,payment.authorized|payment.captured|payment.failed|refund.created|refund.settled|payout.paid|dispute.opened|dispute.won|dispute.lost|subscription.renewed|subscription.cancelled
A0380,640,payment.authorized|dispute.opened
A0380,641,payment.authorized|payment.captured|payment.failed|refund.created|refund.settled|payout.paid|dispute.opened|dispute.won|dispute.lost|subscription.renewed|subscription.cancelled
A0381,381,payment.authorized|payment.captured|payment.failed|refund.created|refund.settled|payout.paid|dispute.opened|dispute.won|dispute.lost|subscription.renewed|subscription.cancelled
A0381,640,payment.authorized|dispute.opened
A0381,641,payment.authorized|payment.captured|payment.failed|refund.created|refund.settled|payout.paid|dispute.opened|dispute.won|dispute.lost|subscription.renewed|subscription.cancelled
A0382,382,payment.authorized|payment.captured|payment.failed|refund.created|refund.settled|payout.paid|dispute.opened|dispute.won|dispute.lost|subscription.renewed|subscription.cancelled
A0382,640,payment.authorized|dispute.opened
A0382,641,payment.authorized|payment.captured|payment.failed|refund.created|refund.settled|payout.paid|dispute.opened|dispute.won|dispute.lost|subscription.renewed|subscription.cancelled
A0383,383,payment.authorized|payment.captured|payment.failed|refund.created|refund.settled|payout.paid|dispute.opened|dispute.won|dispute.lost|subscription.renewed|subscription.cancelled
A0383,640,payment.authorized|dispute.opened
A0383,641,payment.authorized|payment.captured|payment.failed|refund.created|refund.settled|payout.paid|dispute.opened|dispute.won|dispute.lost|subscription.renewed|subscription.cancelled
A0384,384,payment.authorized|payment.captured|payment.failed|refund.created|refund.settled|payout.paid|dispute.opened|dispute.won|dispute.lost|subscription.renewed|subscription.cancelled
A0384,640,payment.authorized|dispute.opened
A0384,641,payment.authorized|payment.captured|payment.failed|refund.created|refund.settled|payout.paid|dispute.opened|dispute.won|dispute.lost|subscription.renewed|subscription.cancelled
A0385,385,payment.authorized|payment.captured|payment.failed|refund.created|refund.settled|payout.paid|dispute.opened|dispute.won|dispute.lost|subscription.renewed|subscription.cancelled
A0385,640,payment.authorized|dispute.opened
A0385,641,payment.authorized|payment.captured|payment.failed|refund.created|refund.settled|payout.paid|dispute.opened|dispute.won|dispute.lost|subscription.renewed|subscription.cancelled
A0386,386,payment.authorized|payment.captured|payment.failed|refund.created|refund.settled|payout.paid|dispute.opened|dispute.won|dispute.lost|subscription.renewed|subscription.cancelled
A0386,640,payment.authorized|dispute.opened
A0386,641,payment.authorized|payment.captured|payment.failed|refund.created|refund.settled|payout.paid|dispute.opened|dispute.won|dispute.lost|subscription.renewed|subscription.cancelled
A0387,387,payment.authorized|payment.captured|payment.failed|refund.created|refund.settled|payout.paid|dispute.opened|dispute.won|dispute.lost|subscription.renewed|subscription.cancelled
A0387,640,payment.authorized|dispute.opened
A0387,641,payment.authorized|payment.captured|payment.failed|refund.created|refund.settled|payout.paid|dispute.opened|dispute.won|dispute.lost|subscription.renewed|subscription.cancelled
A0388,388,payment.authorized|payment.captured|payment.failed|refund.created|refund.settled|payout.paid|dispute.opened|dispute.won|dispute.lost|subscription.renewed|subscription.cancelled
A0388,640,payment.authorized|dispute.opened
A0388,641,payment.authorized|payment.captured|payment.failed|refund.created|refund.settled|payout.paid|dispute.opened|dispute.won|dispute.lost|subscription.renewed|subscription.cancelled
A0389,389,payment.authorized|payment.captured|payment.failed|refund.created|refund.settled|payout.paid|dispute.opened|dispute.won|dispute.lost|subscription.renewed|subscription.cancelled
A0389,640,payment.authorized|dispute.opened
A0389,641,payment.authorized|payment.captured|payment.failed|refund.created|refund.settled|payout.paid|dispute.opened|dispute.won|dispute.lost|subscription.renewed|subscription.cancelled
A0390,390,payment.authorized|payment.captured|payment.failed|refund.created|refund.settled|payout.paid|dispute.opened|dispute.won|dispute.lost|subscription.renewed|subscription.cancelled
A0390,640,payment.authorized|dispute.opened
A0390,641,payment.authorized|payment.captured|payment.failed|refund.created|refund.settled|payout.paid|dispute.opened|dispute.won|dispute.lost|subscription.renewed|subscription.cancelled
A0391,391,payment.authorized|payment.captured|payment.failed|refund.created|refund.settled|payout.paid|dispute.opened|dispute.won|dispute.lost|subscription.renewed|subscription.cancelled
A0391,640,payment.authorized|dispute.opened
A0391,641,payment.authorized|payment.captured|payment.failed|refund.created|refund.settled|payout.paid|dispute.opened|dispute.won|dispute.lost|subscription.renewed|subscription.cancelled
A0392,392,payment.authorized|payment.captured|payment.failed|refund.created|refund.settled|payout.paid|dispute.opened|dispute.won|dispute.lost|subscription.renewed|subscription.cancelled
A0392,640,payment.authorized|dispute.opened
A0392,641,payment.authorized|payment.captured|payment.failed|refund.created|refund.settled|payout.paid|dispute.opened|dispute.won|dispute.lost|subscription.renewed|subscription.cancelled
A0393,393,payment.authorized|payment.captured|payment.failed|refund.created|refund.settled|payout.paid|dispute.opened|dispute.won|dispute.lost|subscription.renewed|subscription.cancelled
A0393,640,payment.authorized|dispute.opened
A0393,641,payment.authorized|payment.captured|payment.failed|refund.created|refund.settled|payout.paid|dispute.opened|dispute.won|dispute.lost|subscription.renewed|subscription.cancelled
A0394,394,payment.authorized|payment.captured|payment.failed|refund.created|refund.settled|payout.paid|dispute.opened|dispute.won|dispute.lost|subscription.renewed|subscription.cancelled
A0394,640,payment.authorized|dispute.opened
A0394,641,payment.authorized|payment.captured|payment.failed|refund.created|refund.settled|payout.paid|dispute.opened|dispute.won|dispute.lost|subscription.renewed|subscription.cancelled
A0395,395,payment.authorized|payment.captured|payment.failed|refund.created|refund.settled|payout.paid|dispute.opened|dispute.won|dispute.lost|subscription.renewed|subscription.cancelled
A0395,640,payment.authorized|dispute.opened
A0395,641,payment.authorized|payment.captured|payment.failed|refund.created|refund.settled|payout.paid|dispute.opened|dispute.won|dispute.lost|subscription.renewed|subscription.cancelled
A0396,396,payment.authorized|payment.captured|payment.failed|refund.created|refund.settled|payout.paid|dispute.opened|dispute.won|dispute.lost|subscription.renewed|subscription.cancelled
A0396,640,payment.authorized|dispute.opened
A0396,641,payment.authorized|payment.captured|payment.failed|refund.created|refund.settled|payout.paid|dispute.opened|dispute.won|dispute.lost|subscription.renewed|subscription.cancelled
A0397,397,payment.authorized|payment.captured|payment.failed|refund.created|refund.settled|payout.paid|dispute.opened|dispute.won|dispute.lost|subscription.renewed|subscription.cancelled
A0397,640,payment.authorized|dispute.opened
A0397,641,payment.authorized|payment.captured|payment.failed|refund.created|refund.settled|payout.paid|dispute.opened|dispute.won|dispute.lost|subscription.renewed|subscription.cancelled
A0398,398,payment.authorized|payment.captured|payment.failed|refund.created|refund.settled|payout.paid|dispute.opened|dispute.won|dispute.lost|subscription.renewed|subscription.cancelled
A0398,640,payment.authorized|dispute.opened
A0398,641,payment.authorized|payment.captured|payment.failed|refund.created|refund.settled|payout.paid|dispute.opened|dispute.won|dispute.lost|subscription.renewed|subscription.cancelled
A0399,399,payment.authorized|payment.captured|payment.failed|refund.created|refund.settled|payout.paid|dispute.opened|dispute.won|dispute.lost|subscription.renewed|subscription.cancelled
A0399,640,payment.authorized|dispute.opened
A0399,641,payment.authorized|payment.captured|payment.failed|refund.created|refund.settled|payout.paid|dispute.opened|dispute.won|dispute.lost|subscription.renewed|subscription.cancelled
A0400,400,payment.authorized|payment.captured|payment.failed|refund.created|refund.settled|payout.paid|dispute.opened|dispute.won|dispute.lost|subscription.renewed|subscription.cancelled
A0400,640,payment.authorized|dispute.opened
A0400,641,payment.authorized|payment.captured|payment.failed|refund.created|refund.settled|payout.paid|dispute.opened|dispute.won|dispute.lost|subscription.renewed|subscription.cancelled
A0401,401,payment.authorized|payment.captured|payment.failed|refund.created|refund.settled|payout.paid|dispute.opened|dispute.won|dispute.lost|subscription.renewed|subscription.cancelled
A0401,640,payment.authorized|dispute.opened
A0401,641,payment.authorized|payment.captured|payment.failed|refund.created|refund.settled|payout.paid|dispute.opened|dispute.won|dispute.lost|subscription.renewed|subscription.cancelled
A0402,402,payment.authorized|payment.captured|payment.failed|refund.created|refund.settled|payout.paid|dispute.opened|dispute.won|dispute.lost|subscription.renewed|subscription.cancelled
A0402,640,payment.authorized|dispute.opened
A0402,641,payment.authorized|payment.captured|payment.failed|refund.created|refund.settled|payout.paid|dispute.opened|dispute.won|dispute.lost|subscription.renewed|subscription.cancelled
A0403,403,payment.authorized|payment.captured|payment.failed|refund.created|refund.settled|payout.paid|dispute.opened|dispute.won|dispute.lost|subscription.renewed|subscription.cancelled
A0403,640,payment.authorized|dispute.opened
A0403,641,payment.authorized|payment.captured|payment.failed|refund.created|refund.settled|payout.paid|dispute.opened|dispute.won|dispute.lost|subscription.renewed|subscription.cancelled
A0404,404,payment.authorized|payment.captured|payment.failed|refund.created|refund.settled|payout.paid|dispute.opened|dispute.won|dispute.lost|subscription.renewed|subscription.cancelled
A0404,640,payment.authorized|dispute.opened
A0404,641,payment.authorized|payment.captured|payment.failed|refund.created|refund.settled|payout.paid|dispute.opened|dispute.won|dispute.lost|subscription.renewed|subscription.cancelled
A0405,405,payment.authorized|payment.captured|payment.failed|refund.created|refund.settled|payout.paid|dispute.opened|dispute.won|dispute.lost|subscription.renewed|subscription.cancelled
A0405,640,payment.authorized|dispute.opened
A0405,641,payment.authorized|payment.captured|payment.failed|refund.created|refund.settled|payout.paid|dispute.opened|dispute.won|dispute.lost|subscription.renewed|subscription.cancelled
A0406,406,payment.authorized|payment.captured|payment.failed|refund.created|refund.settled|payout.paid|dispute.opened|dispute.won|dispute.lost|subscription.renewed|subscription.cancelled
A0406,640,payment.authorized|dispute.opened
A0406,641,payment.authorized|payment.captured|payment.failed|refund.created|refund.settled|payout.paid|dispute.opened|dispute.won|dispute.lost|subscription.renewed|subscription.cancelled
A0407,407,payment.authorized|payment.captured|payment.failed|refund.created|refund.settled|payout.paid|dispute.opened|dispute.won|dispute.lost|subscription.renewed|subscription.cancelled
A0407,640,payment.authorized|dispute.opened
A0407,641,payment.authorized|payment.captured|payment.failed|refund.created|refund.settled|payout.paid|dispute.opened|dispute.won|dispute.lost|subscription.renewed|subscription.cancelled
A0408,408,payment.authorized|payment.captured|payment.failed|refund.created|refund.settled|payout.paid|dispute.opened|dispute.won|dispute.lost|subscription.renewed|subscription.cancelled
A0408,640,payment.authorized|dispute.opened
A0408,641,payment.authorized|payment.captured|payment.failed|refund.created|refund.settled|payout.paid|dispute.opened|dispute.won|dispute.lost|subscription.renewed|subscription.cancelled
A0409,409,payment.authorized|payment.captured|payment.failed|refund.created|refund.settled|payout.paid|dispute.opened|dispute.won|dispute.lost|subscription.renewed|subscription.cancelled
A0409,640,payment.authorized|dispute.opened
A0409,641,payment.authorized|payment.captured|payment.failed|refund.created|refund.settled|payout.paid|dispute.opened|dispute.won|dispute.lost|subscription.renewed|subscription.cancelled
A0410,410,payment.authorized|payment.captured|payment.failed|refund.created|refund.settled|payout.paid|dispute.opened|dispute.won|dispute.lost|subscription.renewed|subscription.cancelled
A0410,640,payment.authorized|dispute.opened
A0410,641,payment.authorized|payment.captured|payment.failed|refund.created|refund.settled|payout.paid|dispute.opened|dispute.won|dispute.lost|subscription.renewed|subscription.cancelled
A0411,411,payment.authorized|payment.captured|payment.failed|refund.created|refund.settled|payout.paid|dispute.opened|dispute.won|dispute.lost|subscription.renewed|subscription.cancelled
A0411,640,payment.authorized|dispute.opened
A0411,641,payment.authorized|payment.captured|payment.failed|refund.created|refund.settled|payout.paid|dispute.opened|dispute.won|dispute.lost|subscription.renewed|subscription.cancelled
A0412,412,payment.authorized|payment.captured|payment.failed|refund.created|refund.settled|payout.paid|dispute.opened|dispute.won|dispute.lost|subscription.renewed|subscription.cancelled
A0412,640,payment.authorized|dispute.opened
A0412,641,payment.authorized|payment.captured|payment.failed|refund.created|refund.settled|payout.paid|dispute.opened|dispute.won|dispute.lost|subscription.renewed|subscription.cancelled
A0413,413,payment.authorized|payment.captured|payment.failed|refund.created|refund.settled|payout.paid|dispute.opened|dispute.won|dispute.lost|subscription.renewed|subscription.cancelled
A0413,640,payment.authorized|dispute.opened
A0413,641,payment.authorized|payment.captured|payment.failed|refund.created|refund.settled|payout.paid|dispute.opened|dispute.won|dispute.lost|subscription.renewed|subscription.cancelled
A0414,414,payment.authorized|payment.captured|payment.failed|refund.created|refund.settled|payout.paid|dispute.opened|dispute.won|dispute.lost|subscription.renewed|subscription.cancelled
A0414,640,payment.authorized|dispute.opened
A0414,641,payment.authorized|payment.captured|payment.failed|refund.created|refund.settled|payout.paid|dispute.opened|dispute.won|dispute.lost|subscription.renewed|subscription.cancelled
A0415,415,payment.authorized|payment.captured|payment.failed|refund.created|refund.settled|payout.paid|dispute.opened|dispute.won|dispute.lost|subscription.renewed|subscription.cancelled
A0415,640,payment.authorized|dispute.opened
A0415,641,payment.authorized|payment.captured|payment.failed|refund.created|refund.settled|payout.paid|dispute.opened|dispute.won|dispute.lost|subscription.renewed|subscription.cancelled
A0416,416,payment.authorized|payment.captured|payment.failed|refund.created|refund.settled|payout.paid|dispute.opened|dispute.won|dispute.lost|subscription.renewed|subscription.cancelled
A0416,640,payment.authorized|dispute.opened
A0416,641,payment.authorized|payment.captured|payment.failed|refund.created|refund.settled|payout.paid|dispute.opened|dispute.won|dispute.lost|subscription.renewed|subscription.cancelled
A0417,417,payment.authorized|payment.captured|payment.failed|refund.created|refund.settled|payout.paid|dispute.opened|dispute.won|dispute.lost|subscription.renewed|subscription.cancelled
A0417,640,payment.authorized|dispute.opened
A0417,641,payment.authorized|payment.captured|payment.failed|refund.created|refund.settled|payout.paid|dispute.opened|dispute.won|dispute.lost|subscription.renewed|subscription.cancelled
A0418,418,payment.authorized|payment.captured|payment.failed|refund.created|refund.settled|payout.paid|dispute.opened|dispute.won|dispute.lost|subscription.renewed|subscription.cancelled
A0418,640,payment.authorized|dispute.opened
A0418,641,payment.authorized|payment.captured|payment.failed|refund.created|refund.settled|payout.paid|dispute.opened|dispute.won|dispute.lost|subscription.renewed|subscription.cancelled
A0419,419,payment.authorized|payment.captured|payment.failed|refund.created|refund.settled|payout.paid|dispute.opened|dispute.won|dispute.lost|subscription.renewed|subscription.cancelled
A0419,640,payment.authorized|dispute.opened
A0419,641,payment.authorized|payment.captured|payment.failed|refund.created|refund.settled|payout.paid|dispute.opened|dispute.won|dispute.lost|subscription.renewed|subscription.cancelled
A0420,420,payment.authorized|payment.captured|payment.failed|refund.created|refund.settled|payout.paid|dispute.opened|dispute.won|dispute.lost|subscription.renewed|subscription.cancelled
A0420,640,payment.authorized|dispute.opened
A0420,641,payment.authorized|payment.captured|payment.failed|refund.created|refund.settled|payout.paid|dispute.opened|dispute.won|dispute.lost|subscription.renewed|subscription.cancelled
A0421,421,payment.authorized|payment.captured|payment.failed|refund.created|refund.settled|payout.paid|dispute.opened|dispute.won|dispute.lost|subscription.renewed|subscription.cancelled
A0421,640,payment.authorized|dispute.opened
A0421,641,payment.authorized|payment.captured|payment.failed|refund.created|refund.settled|payout.paid|dispute.opened|dispute.won|dispute.lost|subscription.renewed|subscription.cancelled
A0422,422,payment.authorized|payment.captured|payment.failed|refund.created|refund.settled|payout.paid|dispute.opened|dispute.won|dispute.lost|subscription.renewed|subscription.cancelled
A0422,640,payment.authorized|dispute.opened
A0422,641,payment.authorized|payment.captured|payment.failed|refund.created|refund.settled|payout.paid|dispute.opened|dispute.won|dispute.lost|subscription.renewed|subscription.cancelled
A0423,423,payment.authorized|payment.captured|payment.failed|refund.created|refund.settled|payout.paid|dispute.opened|dispute.won|dispute.lost|subscription.renewed|subscription.cancelled
A0423,640,payment.authorized|dispute.opened
A0423,641,payment.authorized|payment.captured|payment.failed|refund.created|refund.settled|payout.paid|dispute.opened|dispute.won|dispute.lost|subscription.renewed|subscription.cancelled
A0424,424,payment.authorized|payment.captured|payment.failed|refund.created|refund.settled|payout.paid|dispute.opened|dispute.won|dispute.lost|subscription.renewed|subscription.cancelled
A0424,640,payment.authorized|dispute.opened
A0424,641,payment.authorized|payment.captured|payment.failed|refund.created|refund.settled|payout.paid|dispute.opened|dispute.won|dispute.lost|subscription.renewed|subscription.cancelled
A0425,425,payment.authorized|payment.captured|payment.failed|refund.created|refund.settled|payout.paid|dispute.opened|dispute.won|dispute.lost|subscription.renewed|subscription.cancelled
A0425,640,payment.authorized|dispute.opened
A0425,641,payment.authorized|payment.captured|payment.failed|refund.created|refund.settled|payout.paid|dispute.opened|dispute.won|dispute.lost|subscription.renewed|subscription.cancelled
A0426,426,payment.authorized|payment.captured|payment.failed|refund.created|refund.settled|payout.paid|dispute.opened|dispute.won|dispute.lost|subscription.renewed|subscription.cancelled
A0426,640,payment.authorized|dispute.opened
A0426,641,payment.authorized|payment.captured|payment.failed|refund.created|refund.settled|payout.paid|dispute.opened|dispute.won|dispute.lost|subscription.renewed|subscription.cancelled
A0427,427,payment.authorized|payment.captured|payment.failed|refund.created|refund.settled|payout.paid|dispute.opened|dispute.won|dispute.lost|subscription.renewed|subscription.cancelled
A0427,640,payment.authorized|dispute.opened
A0427,641,payment.authorized|payment.captured|payment.failed|refund.created|refund.settled|payout.paid|dispute.opened|dispute.won|dispute.lost|subscription.renewed|subscription.cancelled
A0428,428,payment.authorized|payment.captured|payment.failed|refund.created|refund.settled|payout.paid|dispute.opened|dispute.won|dispute.lost|subscription.renewed|subscription.cancelled
A0428,640,payment.authorized|dispute.opened
A0428,641,payment.authorized|payment.captured|payment.failed|refund.created|refund.settled|payout.paid|dispute.opened|dispute.won|dispute.lost|subscription.renewed|subscription.cancelled
A0429,429,payment.authorized|payment.captured|payment.failed|refund.created|refund.settled|payout.paid|dispute.opened|dispute.won|dispute.lost|subscription.renewed|subscription.cancelled
A0429,640,payment.authorized|dispute.opened
A0429,641,payment.authorized|payment.captured|payment.failed|refund.created|refund.settled|payout.paid|dispute.opened|dispute.won|dispute.lost|subscription.renewed|subscription.cancelled
A0430,430,payment.authorized|payment.captured|payment.failed|refund.created|refund.settled|payout.paid|dispute.opened|dispute.won|dispute.lost|subscription.renewed|subscription.cancelled
A0430,640,payment.authorized|dispute.opened
A0430,641,payment.authorized|payment.captured|payment.failed|refund.created|refund.settled|payout.paid|dispute.opened|dispute.won|dispute.lost|subscription.renewed|subscription.cancelled
A0431,431,payment.authorized|payment.captured|payment.failed|refund.created|refund.settled|payout.paid|dispute.opened|dispute.won|dispute.lost|subscription.renewed|subscription.cancelled
A0431,640,payment.authorized|dispute.opened
A0431,641,payment.authorized|payment.captured|payment.failed|refund.created|refund.settled|payout.paid|dispute.opened|dispute.won|dispute.lost|subscription.renewed|subscription.cancelled
A0432,432,payment.authorized|payment.captured|payment.failed|refund.created|refund.settled|payout.paid|dispute.opened|dispute.won|dispute.lost|subscription.renewed|subscription.cancelled
A0432,640,payment.authorized|dispute.opened
A0432,641,payment.authorized|payment.captured|payment.failed|refund.created|refund.settled|payout.paid|dispute.opened|dispute.won|dispute.lost|subscription.renewed|subscription.cancelled
A0433,433,payment.authorized|payment.captured|payment.failed|refund.created|refund.settled|payout.paid|dispute.opened|dispute.won|dispute.lost|subscription.renewed|subscription.cancelled
A0433,640,payment.authorized|dispute.opened
A0433,641,payment.authorized|payment.captured|payment.failed|refund.created|refund.settled|payout.paid|dispute.opened|dispute.won|dispute.lost|subscription.renewed|subscription.cancelled
A0434,434,payment.authorized|payment.captured|payment.failed|refund.created|refund.settled|payout.paid|dispute.opened|dispute.won|dispute.lost|subscription.renewed|subscription.cancelled
A0434,640,payment.authorized|dispute.opened
A0434,641,payment.authorized|payment.captured|payment.failed|refund.created|refund.settled|payout.paid|dispute.opened|dispute.won|dispute.lost|subscription.renewed|subscription.cancelled
A0435,435,payment.authorized|payment.captured|payment.failed|refund.created|refund.settled|payout.paid|dispute.opened|dispute.won|dispute.lost|subscription.renewed|subscription.cancelled
A0435,640,payment.authorized|dispute.opened
A0435,641,payment.authorized|payment.captured|payment.failed|refund.created|refund.settled|payout.paid|dispute.opened|dispute.won|dispute.lost|subscription.renewed|subscription.cancelled
A0436,436,payment.authorized|payment.captured|payment.failed|refund.created|refund.settled|payout.paid|dispute.opened|dispute.won|dispute.lost|subscription.renewed|subscription.cancelled
A0436,640,payment.authorized|dispute.opened
A0436,641,payment.authorized|payment.captured|payment.failed|refund.created|refund.settled|payout.paid|dispute.opened|dispute.won|dispute.lost|subscription.renewed|subscription.cancelled
A0437,437,payment.authorized|payment.captured|payment.failed|refund.created|refund.settled|payout.paid|dispute.opened|dispute.won|dispute.lost|subscription.renewed|subscription.cancelled
A0437,640,payment.authorized|dispute.opened
A0437,641,payment.authorized|payment.captured|payment.failed|refund.created|refund.settled|payout.paid|dispute.opened|dispute.won|dispute.lost|subscription.renewed|subscription.cancelled
A0438,438,payment.authorized|payment.captured|payment.failed|refund.created|refund.settled|payout.paid|dispute.opened|dispute.won|dispute.lost|subscription.renewed|subscription.cancelled
A0438,640,payment.authorized|dispute.opened
A0438,641,payment.authorized|payment.captured|payment.failed|refund.created|refund.settled|payout.paid|dispute.opened|dispute.won|dispute.lost|subscription.renewed|subscription.cancelled
A0439,439,payment.authorized|payment.captured|payment.failed|refund.created|refund.settled|payout.paid|dispute.opened|dispute.won|dispute.lost|subscription.renewed|subscription.cancelled
A0439,640,payment.authorized|dispute.opened
A0439,641,payment.authorized|payment.captured|payment.failed|refund.created|refund.settled|payout.paid|dispute.opened|dispute.won|dispute.lost|subscription.renewed|subscription.cancelled
A0440,440,payment.authorized|payment.captured|payment.failed|refund.created|refund.settled|payout.paid|dispute.opened|dispute.won|dispute.lost|subscription.renewed|subscription.cancelled
A0440,640,payment.authorized|dispute.opened
A0440,641,payment.authorized|payment.captured|payment.failed|refund.created|refund.settled|payout.paid|dispute.opened|dispute.won|dispute.lost|subscription.renewed|subscription.cancelled
A0441,441,payment.authorized|payment.captured|payment.failed|refund.created|refund.settled|payout.paid|dispute.opened|dispute.won|dispute.lost|subscription.renewed|subscription.cancelled
A0441,640,payment.authorized|dispute.opened
A0441,641,payment.authorized|payment.captured|payment.failed|refund.created|refund.settled|payout.paid|dispute.opened|dispute.won|dispute.lost|subscription.renewed|subscription.cancelled
A0442,442,payment.authorized|payment.captured|payment.failed|refund.created|refund.settled|payout.paid|dispute.opened|dispute.won|dispute.lost|subscription.renewed|subscription.cancelled
A0442,640,payment.authorized|dispute.opened
A0442,641,payment.authorized|payment.captured|payment.failed|refund.created|refund.settled|payout.paid|dispute.opened|dispute.won|dispute.lost|subscription.renewed|subscription.cancelled
A0443,443,payment.authorized|payment.captured|payment.failed|refund.created|refund.settled|payout.paid|dispute.opened|dispute.won|dispute.lost|subscription.renewed|subscription.cancelled
A0443,640,payment.authorized|dispute.opened
A0443,641,payment.authorized|payment.captured|payment.failed|refund.created|refund.settled|payout.paid|dispute.opened|dispute.won|dispute.lost|subscription.renewed|subscription.cancelled
A0444,444,payment.authorized|payment.captured|payment.failed|refund.created|refund.settled|payout.paid|dispute.opened|dispute.won|dispute.lost|subscription.renewed|subscription.cancelled
A0444,640,payment.authorized|dispute.opened
A0444,641,payment.authorized|payment.captured|payment.failed|refund.created|refund.settled|payout.paid|dispute.opened|dispute.won|dispute.lost|subscription.renewed|subscription.cancelled
A0445,445,payment.authorized|payment.captured|payment.failed|refund.created|refund.settled|payout.paid|dispute.opened|dispute.won|dispute.lost|subscription.renewed|subscription.cancelled
A0445,640,payment.authorized|dispute.opened
A0445,641,payment.authorized|payment.captured|payment.failed|refund.created|refund.settled|payout.paid|dispute.opened|dispute.won|dispute.lost|subscription.renewed|subscription.cancelled
A0446,446,payment.authorized|payment.captured|payment.failed|refund.created|refund.settled|payout.paid|dispute.opened|dispute.won|dispute.lost|subscription.renewed|subscription.cancelled
A0446,640,payment.authorized|dispute.opened
A0446,641,payment.authorized|payment.captured|payment.failed|refund.created|refund.settled|payout.paid|dispute.opened|dispute.won|dispute.lost|subscription.renewed|subscription.cancelled
A0447,447,payment.authorized|payment.captured|payment.failed|refund.created|refund.settled|payout.paid|dispute.opened|dispute.won|dispute.lost|subscription.renewed|subscription.cancelled
A0447,640,payment.authorized|dispute.opened
A0447,641,payment.authorized|payment.captured|payment.failed|refund.created|refund.settled|payout.paid|dispute.opened|dispute.won|dispute.lost|subscription.renewed|subscription.cancelled
A0448,448,payment.authorized|payment.captured|payment.failed|refund.created|refund.settled|payout.paid|dispute.opened|dispute.won|dispute.lost|subscription.renewed|subscription.cancelled
A0448,640,payment.authorized|dispute.opened
A0448,641,payment.authorized|payment.captured|payment.failed|refund.created|refund.settled|payout.paid|dispute.opened|dispute.won|dispute.lost|subscription.renewed|subscription.cancelled
A0449,449,payment.authorized|payment.captured|payment.failed|refund.created|refund.settled|payout.paid|dispute.opened|dispute.won|dispute.lost|subscription.renewed|subscription.cancelled
A0449,640,payment.authorized|dispute.opened
A0449,641,payment.authorized|payment.captured|payment.failed|refund.created|refund.settled|payout.paid|dispute.opened|dispute.won|dispute.lost|subscription.renewed|subscription.cancelled
A0450,450,payment.authorized|payment.captured|payment.failed|refund.created|refund.settled|payout.paid|dispute.opened|dispute.won|dispute.lost|subscription.renewed|subscription.cancelled
A0450,640,payment.authorized|dispute.opened
A0450,641,payment.authorized|payment.captured|payment.failed|refund.created|refund.settled|payout.paid|dispute.opened|dispute.won|dispute.lost|subscription.renewed|subscription.cancelled
A0451,451,payment.authorized|payment.captured|payment.failed|refund.created|refund.settled|payout.paid|dispute.opened|dispute.won|dispute.lost|subscription.renewed|subscription.cancelled
A0451,640,payment.authorized|dispute.opened
A0451,641,payment.authorized|payment.captured|payment.failed|refund.created|refund.settled|payout.paid|dispute.opened|dispute.won|dispute.lost|subscription.renewed|subscription.cancelled
A0452,452,payment.authorized|payment.captured|payment.failed|refund.created|refund.settled|payout.paid|dispute.opened|dispute.won|dispute.lost|subscription.renewed|subscription.cancelled
A0452,640,payment.authorized|dispute.opened
A0452,641,payment.authorized|payment.captured|payment.failed|refund.created|refund.settled|payout.paid|dispute.opened|dispute.won|dispute.lost|subscription.renewed|subscription.cancelled
A0453,453,payment.authorized|payment.captured|payment.failed|refund.created|refund.settled|payout.paid|dispute.opened|dispute.won|dispute.lost|subscription.renewed|subscription.cancelled
A0453,640,payment.authorized|dispute.opened
A0453,641,payment.authorized|payment.captured|payment.failed|refund.created|refund.settled|payout.paid|dispute.opened|dispute.won|dispute.lost|subscription.renewed|subscription.cancelled
A0454,454,payment.authorized|payment.captured|payment.failed|refund.created|refund.settled|payout.paid|dispute.opened|dispute.won|dispute.lost|subscription.renewed|subscription.cancelled
A0454,640,payment.authorized|dispute.opened
A0454,641,payment.authorized|payment.captured|payment.failed|refund.created|refund.settled|payout.paid|dispute.opened|dispute.won|dispute.lost|subscription.renewed|subscription.cancelled
A0455,455,payment.authorized|payment.captured|payment.failed|refund.created|refund.settled|payout.paid|dispute.opened|dispute.won|dispute.lost|subscription.renewed|subscription.cancelled
A0455,640,payment.authorized|dispute.opened
A0455,641,payment.authorized|payment.captured|payment.failed|refund.created|refund.settled|payout.paid|dispute.opened|dispute.won|dispute.lost|subscription.renewed|subscription.cancelled
A0456,456,payment.authorized|payment.captured|payment.failed|refund.created|refund.settled|payout.paid|dispute.opened|dispute.won|dispute.lost|subscription.renewed|subscription.cancelled
A0456,640,payment.authorized|dispute.opened
A0456,641,payment.authorized|payment.captured|payment.failed|refund.created|refund.settled|payout.paid|dispute.opened|dispute.won|dispute.lost|subscription.renewed|subscription.cancelled
A0457,457,payment.authorized|payment.captured|payment.failed|refund.created|refund.settled|payout.paid|dispute.opened|dispute.won|dispute.lost|subscription.renewed|subscription.cancelled
A0457,640,payment.authorized|dispute.opened
A0457,641,payment.authorized|payment.captured|payment.failed|refund.created|refund.settled|payout.paid|dispute.opened|dispute.won|dispute.lost|subscription.renewed|subscription.cancelled
A0458,458,payment.authorized|payment.captured|payment.failed|refund.created|refund.settled|payout.paid|dispute.opened|dispute.won|dispute.lost|subscription.renewed|subscription.cancelled
A0458,640,payment.authorized|dispute.opened
A0458,641,payment.authorized|payment.captured|payment.failed|refund.created|refund.settled|payout.paid|dispute.opened|dispute.won|dispute.lost|subscription.renewed|subscription.cancelled
A0459,459,payment.authorized|payment.captured|payment.failed|refund.created|refund.settled|payout.paid|dispute.opened|dispute.won|dispute.lost|subscription.renewed|subscription.cancelled
A0459,640,payment.authorized|dispute.opened
A0459,641,payment.authorized|payment.captured|payment.failed|refund.created|refund.settled|payout.paid|dispute.opened|dispute.won|dispute.lost|subscription.renewed|subscription.cancelled
A0460,460,payment.authorized|payment.captured|payment.failed|refund.created|refund.settled|payout.paid|dispute.opened|dispute.won|dispute.lost|subscription.renewed|subscription.cancelled
A0460,640,payment.authorized|dispute.opened
A0460,641,payment.authorized|payment.captured|payment.failed|refund.created|refund.settled|payout.paid|dispute.opened|dispute.won|dispute.lost|subscription.renewed|subscription.cancelled
A0461,461,payment.authorized|payment.captured|payment.failed|refund.created|refund.settled|payout.paid|dispute.opened|dispute.won|dispute.lost|subscription.renewed|subscription.cancelled
A0461,640,payment.authorized|dispute.opened
A0461,641,payment.authorized|payment.captured|payment.failed|refund.created|refund.settled|payout.paid|dispute.opened|dispute.won|dispute.lost|subscription.renewed|subscription.cancelled
A0462,462,payment.authorized|payment.captured|payment.failed|refund.created|refund.settled|payout.paid|dispute.opened|dispute.won|dispute.lost|subscription.renewed|subscription.cancelled
A0462,640,payment.authorized|dispute.opened
A0462,641,payment.authorized|payment.captured|payment.failed|refund.created|refund.settled|payout.paid|dispute.opened|dispute.won|dispute.lost|subscription.renewed|subscription.cancelled
A0463,463,payment.authorized|payment.captured|payment.failed|refund.created|refund.settled|payout.paid|dispute.opened|dispute.won|dispute.lost|subscription.renewed|subscription.cancelled
A0463,640,payment.authorized|dispute.opened
A0463,641,payment.authorized|payment.captured|payment.failed|refund.created|refund.settled|payout.paid|dispute.opened|dispute.won|dispute.lost|subscription.renewed|subscription.cancelled
A0464,464,payment.authorized|payment.captured|payment.failed|refund.created|refund.settled|payout.paid|dispute.opened|dispute.won|dispute.lost|subscription.renewed|subscription.cancelled
A0464,640,payment.authorized|dispute.opened
A0464,641,payment.authorized|payment.captured|payment.failed|refund.created|refund.settled|payout.paid|dispute.opened|dispute.won|dispute.lost|subscription.renewed|subscription.cancelled
A0465,465,payment.authorized|payment.captured|payment.failed|refund.created|refund.settled|payout.paid|dispute.opened|dispute.won|dispute.lost|subscription.renewed|subscription.cancelled
A0465,640,payment.authorized|dispute.opened
A0465,641,payment.authorized|payment.captured|payment.failed|refund.created|refund.settled|payout.paid|dispute.opened|dispute.won|dispute.lost|subscription.renewed|subscription.cancelled
A0466,466,payment.authorized|payment.captured|payment.failed|refund.created|refund.settled|payout.paid|dispute.opened|dispute.won|dispute.lost|subscription.renewed|subscription.cancelled
A0466,640,payment.authorized|dispute.opened
A0466,641,payment.authorized|payment.captured|payment.failed|refund.created|refund.settled|payout.paid|dispute.opened|dispute.won|dispute.lost|subscription.renewed|subscription.cancelled
A0467,467,payment.authorized|payment.captured|payment.failed|refund.created|refund.settled|payout.paid|dispute.opened|dispute.won|dispute.lost|subscription.renewed|subscription.cancelled
A0467,640,payment.authorized|dispute.opened
A0467,641,payment.authorized|payment.captured|payment.failed|refund.created|refund.settled|payout.paid|dispute.opened|dispute.won|dispute.lost|subscription.renewed|subscription.cancelled
A0468,468,payment.authorized|payment.captured|payment.failed|refund.created|refund.settled|payout.paid|dispute.opened|dispute.won|dispute.lost|subscription.renewed|subscription.cancelled
A0468,640,payment.authorized|dispute.opened
A0468,641,payment.authorized|payment.captured|payment.failed|refund.created|refund.settled|payout.paid|dispute.opened|dispute.won|dispute.lost|subscription.renewed|subscription.cancelled
A0469,469,payment.authorized|payment.captured|payment.failed|refund.created|refund.settled|payout.paid|dispute.opened|dispute.won|dispute.lost|subscription.renewed|subscription.cancelled
A0469,640,payment.authorized|dispute.opened
A0469,641,payment.authorized|payment.captured|payment.failed|refund.created|refund.settled|payout.paid|dispute.opened|dispute.won|dispute.lost|subscription.renewed|subscription.cancelled
A0470,470,payment.authorized|payment.captured|payment.failed|refund.created|refund.settled|payout.paid|dispute.opened|dispute.won|dispute.lost|subscription.renewed|subscription.cancelled
A0470,640,payment.authorized|dispute.opened
A0470,641,payment.authorized|payment.captured|payment.failed|refund.created|refund.settled|payout.paid|dispute.opened|dispute.won|dispute.lost|subscription.renewed|subscription.cancelled
A0471,471,payment.authorized|payment.captured|payment.failed|refund.created|refund.settled|payout.paid|dispute.opened|dispute.won|dispute.lost|subscription.renewed|subscription.cancelled
A0471,640,payment.authorized|dispute.opened
A0471,641,payment.authorized|payment.captured|payment.failed|refund.created|refund.settled|payout.paid|dispute.opened|dispute.won|dispute.lost|subscription.renewed|subscription.cancelled
A0472,472,payment.authorized|payment.captured|payment.failed|refund.created|refund.settled|payout.paid|dispute.opened|dispute.won|dispute.lost|subscription.renewed|subscription.cancelled
A0472,640,payment.authorized|dispute.opened
A0472,641,payment.authorized|payment.captured|payment.failed|refund.created|refund.settled|payout.paid|dispute.opened|dispute.won|dispute.lost|subscription.renewed|subscription.cancelled
A0473,473,payment.authorized|payment.captured|payment.failed|refund.created|refund.settled|payout.paid|dispute.opened|dispute.won|dispute.lost|subscription.renewed|subscription.cancelled
A0473,640,payment.authorized|dispute.opened
A0473,641,payment.authorized|payment.captured|payment.failed|refund.created|refund.settled|payout.paid|dispute.opened|dispute.won|dispute.lost|subscription.renewed|subscription.cancelled
A0474,474,payment.authorized|payment.captured|payment.failed|refund.created|refund.settled|payout.paid|dispute.opened|dispute.won|dispute.lost|subscription.renewed|subscription.cancelled
A0474,640,payment.authorized|dispute.opened
A0474,641,payment.authorized|payment.captured|payment.failed|refund.created|refund.settled|payout.paid|dispute.opened|dispute.won|dispute.lost|subscription.renewed|subscription.cancelled
A0475,475,payment.authorized|payment.captured|payment.failed|refund.created|refund.settled|payout.paid|dispute.opened|dispute.won|dispute.lost|subscription.renewed|subscription.cancelled
A0475,640,payment.authorized|dispute.opened
A0475,641,payment.authorized|payment.captured|payment.failed|refund.created|refund.settled|payout.paid|dispute.opened|dispute.won|dispute.lost|subscription.renewed|subscription.cancelled
A0476,476,payment.authorized|payment.captured|payment.failed|refund.created|refund.settled|payout.paid|dispute.opened|dispute.won|dispute.lost|subscription.renewed|subscription.cancelled
A0476,640,payment.authorized|dispute.opened
A0476,641,payment.authorized|payment.captured|payment.failed|refund.created|refund.settled|payout.paid|dispute.opened|dispute.won|dispute.lost|subscription.renewed|subscription.cancelled
A0477,477,payment.authorized|payment.captured|payment.failed|refund.created|refund.settled|payout.paid|dispute.opened|dispute.won|dispute.lost|subscription.renewed|subscription.cancelled
A0477,640,payment.authorized|dispute.opened
A0477,641,payment.authorized|payment.captured|payment.failed|refund.created|refund.settled|payout.paid|dispute.opened|dispute.won|dispute.lost|subscription.renewed|subscription.cancelled
A0478,478,payment.authorized|payment.captured|payment.failed|refund.created|refund.settled|payout.paid|dispute.opened|dispute.won|dispute.lost|subscription.renewed|subscription.cancelled
A0478,640,payment.authorized|dispute.opened
A0478,641,payment.authorized|payment.captured|payment.failed|refund.created|refund.settled|payout.paid|dispute.opened|dispute.won|dispute.lost|subscription.renewed|subscription.cancelled
A0479,479,payment.authorized|payment.captured|payment.failed|refund.created|refund.settled|payout.paid|dispute.opened|dispute.won|dispute.lost|subscription.renewed|subscription.cancelled
A0479,640,payment.authorized|dispute.opened
A0479,641,payment.authorized|payment.captured|payment.failed|refund.created|refund.settled|payout.paid|dispute.opened|dispute.won|dispute.lost|subscription.renewed|subscription.cancelled
A0480,480,payment.authorized|payment.captured|payment.failed|refund.created|refund.settled|payout.paid|dispute.opened|dispute.won|dispute.lost|subscription.renewed|subscription.cancelled
A0480,640,payment.authorized|dispute.opened
A0480,641,payment.authorized|payment.captured|payment.failed|refund.created|refund.settled|payout.paid|dispute.opened|dispute.won|dispute.lost|subscription.renewed|subscription.cancelled
A0481,481,payment.authorized|payment.captured|payment.failed|refund.created|refund.settled|payout.paid|dispute.opened|dispute.won|dispute.lost|subscription.renewed|subscription.cancelled
A0481,640,payment.authorized|dispute.opened
A0481,641,payment.authorized|payment.captured|payment.failed|refund.created|refund.settled|payout.paid|dispute.opened|dispute.won|dispute.lost|subscription.renewed|subscription.cancelled
A0482,482,payment.authorized|payment.captured|payment.failed|refund.created|refund.settled|payout.paid|dispute.opened|dispute.won|dispute.lost|subscription.renewed|subscription.cancelled
A0482,640,payment.authorized|dispute.opened
A0482,641,payment.authorized|payment.captured|payment.failed|refund.created|refund.settled|payout.paid|dispute.opened|dispute.won|dispute.lost|subscription.renewed|subscription.cancelled
A0483,483,payment.authorized|payment.captured|payment.failed|refund.created|refund.settled|payout.paid|dispute.opened|dispute.won|dispute.lost|subscription.renewed|subscription.cancelled
A0483,640,payment.authorized|dispute.opened
A0483,641,payment.authorized|payment.captured|payment.failed|refund.created|refund.settled|payout.paid|dispute.opened|dispute.won|dispute.lost|subscription.renewed|subscription.cancelled
A0484,484,payment.authorized|payment.captured|payment.failed|refund.created|refund.settled|payout.paid|dispute.opened|dispute.won|dispute.lost|subscription.renewed|subscription.cancelled
A0484,640,payment.authorized|dispute.opened
A0484,641,payment.authorized|payment.captured|payment.failed|refund.created|refund.settled|payout.paid|dispute.opened|dispute.won|dispute.lost|subscription.renewed|subscription.cancelled
A0485,485,payment.authorized|payment.captured|payment.failed|refund.created|refund.settled|payout.paid|dispute.opened|dispute.won|dispute.lost|subscription.renewed|subscription.cancelled
A0485,640,payment.authorized|dispute.opened
A0485,641,payment.authorized|payment.captured|payment.failed|refund.created|refund.settled|payout.paid|dispute.opened|dispute.won|dispute.lost|subscription.renewed|subscription.cancelled
A0486,486,payment.authorized|payment.captured|payment.failed|refund.created|refund.settled|payout.paid|dispute.opened|dispute.won|dispute.lost|subscription.renewed|subscription.cancelled
A0486,640,payment.authorized|dispute.opened
A0486,641,payment.authorized|payment.captured|payment.failed|refund.created|refund.settled|payout.paid|dispute.opened|dispute.won|dispute.lost|subscription.renewed|subscription.cancelled
A0487,487,payment.authorized|payment.captured|payment.failed|refund.created|refund.settled|payout.paid|dispute.opened|dispute.won|dispute.lost|subscription.renewed|subscription.cancelled
A0487,640,payment.authorized|dispute.opened
A0487,641,payment.authorized|payment.captured|payment.failed|refund.created|refund.settled|payout.paid|dispute.opened|dispute.won|dispute.lost|subscription.renewed|subscription.cancelled
A0488,488,payment.authorized|payment.captured|payment.failed|refund.created|refund.settled|payout.paid|dispute.opened|dispute.won|dispute.lost|subscription.renewed|subscription.cancelled
A0488,640,payment.authorized|dispute.opened
A0488,641,payment.authorized|payment.captured|payment.failed|refund.created|refund.settled|payout.paid|dispute.opened|dispute.won|dispute.lost|subscription.renewed|subscription.cancelled
A0489,489,payment.authorized|payment.captured|payment.failed|refund.created|refund.settled|payout.paid|dispute.opened|dispute.won|dispute.lost|subscription.renewed|subscription.cancelled
A0489,640,payment.authorized|dispute.opened
A0489,641,payment.authorized|payment.captured|payment.failed|refund.created|refund.settled|payout.paid|dispute.opened|dispute.won|dispute.lost|subscription.renewed|subscription.cancelled
A0490,490,payment.authorized|payment.captured|payment.failed|refund.created|refund.settled|payout.paid|dispute.opened|dispute.won|dispute.lost|subscription.renewed|subscription.cancelled
A0490,640,payment.authorized|dispute.opened
A0490,641,payment.authorized|payment.captured|payment.failed|refund.created|refund.settled|payout.paid|dispute.opened|dispute.won|dispute.lost|subscription.renewed|subscription.cancelled
A0491,491,payment.authorized|payment.captured|payment.failed|refund.created|refund.settled|payout.paid|dispute.opened|dispute.won|dispute.lost|subscription.renewed|subscription.cancelled
A0491,640,payment.authorized|dispute.opened
A0491,641,payment.authorized|payment.captured|payment.failed|refund.created|refund.settled|payout.paid|dispute.opened|dispute.won|dispute.lost|subscription.renewed|subscription.cancelled
A0492,492,payment.authorized|payment.captured|payment.failed|refund.created|refund.settled|payout.paid|dispute.opened|dispute.won|dispute.lost|subscription.renewed|subscription.cancelled
A0492,640,payment.authorized|dispute.opened
A0492,641,payment.authorized|payment.captured|payment.failed|refund.created|refund.settled|payout.paid|dispute.opened|dispute.won|dispute.lost|subscription.renewed|subscription.cancelled
A0493,493,payment.authorized|payment.captured|payment.failed|refund.created|refund.settled|payout.paid|dispute.opened|dispute.won|dispute.lost|subscription.renewed|subscription.cancelled
A0493,640,payment.authorized|dispute.opened
A0493,641,payment.authorized|payment.captured|payment.failed|refund.created|refund.settled|payout.paid|dispute.opened|dispute.won|dispute.lost|subscription.renewed|subscription.cancelled
A0494,494,payment.authorized|payment.captured|payment.failed|refund.created|refund.settled|payout.paid|dispute.opened|dispute.won|dispute.lost|subscription.renewed|subscription.cancelled
A0494,640,payment.authorized|dispute.opened
A0494,641,payment.authorized|payment.captured|payment.failed|refund.created|refund.settled|payout.paid|dispute.opened|dispute.won|dispute.lost|subscription.renewed|subscription.cancelled
A0495,495,payment.authorized|payment.captured|payment.failed|refund.created|refund.settled|payout.paid|dispute.opened|dispute.won|dispute.lost|subscription.renewed|subscription.cancelled
A0495,640,payment.authorized|dispute.opened
A0495,641,payment.authorized|payment.captured|payment.failed|refund.created|refund.settled|payout.paid|dispute.opened|dispute.won|dispute.lost|subscription.renewed|subscription.cancelled
A0496,496,payment.authorized|payment.captured|payment.failed|refund.created|refund.settled|payout.paid|dispute.opened|dispute.won|dispute.lost|subscription.renewed|subscription.cancelled
A0496,640,payment.authorized|dispute.opened
A0496,641,payment.authorized|payment.captured|payment.failed|refund.created|refund.settled|payout.paid|dispute.opened|dispute.won|dispute.lost|subscription.renewed|subscription.cancelled
A0497,497,payment.authorized|payment.captured|payment.failed|refund.created|refund.settled|payout.paid|dispute.opened|dispute.won|dispute.lost|subscription.renewed|subscription.cancelled
A0497,640,payment.authorized|dispute.opened
A0497,641,payment.authorized|payment.captured|payment.failed|refund.created|refund.settled|payout.paid|dispute.opened|dispute.won|dispute.lost|subscription.renewed|subscription.cancelled
A0498,498,payment.authorized|payment.captured|payment.failed|refund.created|refund.settled|payout.paid|dispute.opened|dispute.won|dispute.lost|subscription.renewed|subscription.cancelled
A0498,640,payment.authorized|dispute.opened
A0498,641,payment.authorized|payment.captured|payment.failed|refund.created|refund.settled|payout.paid|dispute.opened|dispute.won|dispute.lost|subscription.renewed|subscription.cancelled
A0499,499,payment.authorized|payment.captured|payment.failed|refund.created|refund.settled|payout.paid|dispute.opened|dispute.won|dispute.lost|subscription.renewed|subscription.cancelled
A0499,640,payment.authorized|dispute.opened
A0499,641,payment.authorized|payment.captured|payment.failed|refund.created|refund.settled|payout.paid|dispute.opened|dispute.won|dispute.lost|subscription.renewed|subscription.cancelled
A0500,500,payment.authorized|payment.captured|payment.failed|refund.created|refund.settled|payout.paid|dispute.opened|dispute.won|dispute.lost|subscription.renewed|subscription.cancelled
A0500,640,payment.authorized|dispute.opened
A0500,641,payment.authorized|payment.captured|payment.failed|refund.created|refund.settled|payout.paid|dispute.opened|dispute.won|dispute.lost|subscription.renewed|subscription.cancelled
A0501,501,payment.authorized|payment.captured|payment.failed|refund.created|refund.settled|payout.paid|dispute.opened|dispute.won|dispute.lost|subscription.renewed|subscription.cancelled
A0501,640,payment.authorized|dispute.opened
A0501,641,payment.authorized|payment.captured|payment.failed|refund.created|refund.settled|payout.paid|dispute.opened|dispute.won|dispute.lost|subscription.renewed|subscription.cancelled
A0502,502,payment.authorized|payment.captured|payment.failed|refund.created|refund.settled|payout.paid|dispute.opened|dispute.won|dispute.lost|subscription.renewed|subscription.cancelled
A0502,640,payment.authorized|dispute.opened
A0502,641,payment.authorized|payment.captured|payment.failed|refund.created|refund.settled|payout.paid|dispute.opened|dispute.won|dispute.lost|subscription.renewed|subscription.cancelled
A0503,503,payment.authorized|payment.captured|payment.failed|refund.created|refund.settled|payout.paid|dispute.opened|dispute.won|dispute.lost|subscription.renewed|subscription.cancelled
A0503,640,payment.authorized|dispute.opened
A0503,641,payment.authorized|payment.captured|payment.failed|refund.created|refund.settled|payout.paid|dispute.opened|dispute.won|dispute.lost|subscription.renewed|subscription.cancelled
A0504,504,payment.authorized|payment.captured|payment.failed|refund.created|refund.settled|payout.paid|dispute.opened|dispute.won|dispute.lost|subscription.renewed|subscription.cancelled
A0504,640,payment.authorized|dispute.opened
A0504,641,payment.authorized|payment.captured|payment.failed|refund.created|refund.settled|payout.paid|dispute.opened|dispute.won|dispute.lost|subscription.renewed|subscription.cancelled
A0505,505,payment.authorized|payment.captured|payment.failed|refund.created|refund.settled|payout.paid|dispute.opened|dispute.won|dispute.lost|subscription.renewed|subscription.cancelled
A0505,640,payment.authorized|dispute.opened
A0505,641,payment.authorized|payment.captured|payment.failed|refund.created|refund.settled|payout.paid|dispute.opened|dispute.won|dispute.lost|subscription.renewed|subscription.cancelled
A0506,506,payment.authorized|payment.captured|payment.failed|refund.created|refund.settled|payout.paid|dispute.opened|dispute.won|dispute.lost|subscription.renewed|subscription.cancelled
A0506,640,payment.authorized|dispute.opened
A0506,641,payment.authorized|payment.captured|payment.failed|refund.created|refund.settled|payout.paid|dispute.opened|dispute.won|dispute.lost|subscription.renewed|subscription.cancelled
A0507,507,payment.authorized|payment.captured|payment.failed|refund.created|refund.settled|payout.paid|dispute.opened|dispute.won|dispute.lost|subscription.renewed|subscription.cancelled
A0507,640,payment.authorized|dispute.opened
A0507,641,payment.authorized|payment.captured|payment.failed|refund.created|refund.settled|payout.paid|dispute.opened|dispute.won|dispute.lost|subscription.renewed|subscription.cancelled
A0508,508,payment.authorized|payment.captured|payment.failed|refund.created|refund.settled|payout.paid|dispute.opened|dispute.won|dispute.lost|subscription.renewed|subscription.cancelled
A0508,640,payment.authorized|dispute.opened
A0508,641,payment.authorized|payment.captured|payment.failed|refund.created|refund.settled|payout.paid|dispute.opened|dispute.won|dispute.lost|subscription.renewed|subscription.cancelled
A0509,509,payment.authorized|payment.captured|payment.failed|refund.created|refund.settled|payout.paid|dispute.opened|dispute.won|dispute.lost|subscription.renewed|subscription.cancelled
A0509,640,payment.authorized|dispute.opened
A0509,641,payment.authorized|payment.captured|payment.failed|refund.created|refund.settled|payout.paid|dispute.opened|dispute.won|dispute.lost|subscription.renewed|subscription.cancelled
A0510,510,payment.authorized|payment.captured|payment.failed|refund.created|refund.settled|payout.paid|dispute.opened|dispute.won|dispute.lost|subscription.renewed|subscription.cancelled
A0510,640,payment.authorized|dispute.opened
A0510,641,payment.authorized|payment.captured|payment.failed|refund.created|refund.settled|payout.paid|dispute.opened|dispute.won|dispute.lost|subscription.renewed|subscription.cancelled
A0511,511,payment.authorized|payment.captured|payment.failed|refund.created|refund.settled|payout.paid|dispute.opened|dispute.won|dispute.lost|subscription.renewed|subscription.cancelled
A0511,640,payment.authorized|dispute.opened
A0511,641,payment.authorized|payment.captured|payment.failed|refund.created|refund.settled|payout.paid|dispute.opened|dispute.won|dispute.lost|subscription.renewed|subscription.cancelled
A0512,512,payment.authorized|payment.captured|payment.failed|refund.created|refund.settled|payout.paid|dispute.opened|dispute.won|dispute.lost|subscription.renewed|subscription.cancelled
A0512,640,payment.authorized|dispute.opened
A0512,641,payment.authorized|payment.captured|payment.failed|refund.created|refund.settled|payout.paid|dispute.opened|dispute.won|dispute.lost|subscription.renewed|subscription.cancelled
A0513,513,payment.authorized|payment.captured|payment.failed|refund.created|refund.settled|payout.paid|dispute.opened|dispute.won|dispute.lost|subscription.renewed|subscription.cancelled
A0513,640,payment.authorized|dispute.opened
A0513,641,payment.authorized|payment.captured|payment.failed|refund.created|refund.settled|payout.paid|dispute.opened|dispute.won|dispute.lost|subscription.renewed|subscription.cancelled
A0514,514,payment.authorized|payment.captured|payment.failed|refund.created|refund.settled|payout.paid|dispute.opened|dispute.won|dispute.lost|subscription.renewed|subscription.cancelled
A0514,640,payment.authorized|dispute.opened
A0514,641,payment.authorized|payment.captured|payment.failed|refund.created|refund.settled|payout.paid|dispute.opened|dispute.won|dispute.lost|subscription.renewed|subscription.cancelled
A0515,515,payment.authorized|payment.captured|payment.failed|refund.created|refund.settled|payout.paid|dispute.opened|dispute.won|dispute.lost|subscription.renewed|subscription.cancelled
A0515,640,payment.authorized|dispute.opened
A0515,641,payment.authorized|payment.captured|payment.failed|refund.created|refund.settled|payout.paid|dispute.opened|dispute.won|dispute.lost|subscription.renewed|subscription.cancelled
A0516,516,payment.authorized|payment.captured|payment.failed|refund.created|refund.settled|payout.paid|dispute.opened|dispute.won|dispute.lost|subscription.renewed|subscription.cancelled
A0516,640,payment.authorized|dispute.opened
A0516,641,payment.authorized|payment.captured|payment.failed|refund.created|refund.settled|payout.paid|dispute.opened|dispute.won|dispute.lost|subscription.renewed|subscription.cancelled
A0517,517,payment.authorized|payment.captured|payment.failed|refund.created|refund.settled|payout.paid|dispute.opened|dispute.won|dispute.lost|subscription.renewed|subscription.cancelled
A0517,640,payment.authorized|dispute.opened
A0517,641,payment.authorized|payment.captured|payment.failed|refund.created|refund.settled|payout.paid|dispute.opened|dispute.won|dispute.lost|subscription.renewed|subscription.cancelled
A0518,518,payment.authorized|payment.captured|payment.failed|refund.created|refund.settled|payout.paid|dispute.opened|dispute.won|dispute.lost|subscription.renewed|subscription.cancelled
A0518,640,payment.authorized|dispute.opened
A0518,641,payment.authorized|payment.captured|payment.failed|refund.created|refund.settled|payout.paid|dispute.opened|dispute.won|dispute.lost|subscription.renewed|subscription.cancelled
A0519,519,payment.authorized|payment.captured|payment.failed|refund.created|refund.settled|payout.paid|dispute.opened|dispute.won|dispute.lost|subscription.renewed|subscription.cancelled
A0519,640,payment.authorized|dispute.opened
A0519,641,payment.authorized|payment.captured|payment.failed|refund.created|refund.settled|payout.paid|dispute.opened|dispute.won|dispute.lost|subscription.renewed|subscription.cancelled
A0520,520,payment.authorized|payment.captured|payment.failed|refund.created|refund.settled|payout.paid|dispute.opened|dispute.won|dispute.lost|subscription.renewed|subscription.cancelled
A0520,640,payment.authorized|dispute.opened
A0520,641,payment.authorized|payment.captured|payment.failed|refund.created|refund.settled|payout.paid|dispute.opened|dispute.won|dispute.lost|subscription.renewed|subscription.cancelled
A0521,521,payment.authorized|payment.captured|payment.failed|refund.created|refund.settled|payout.paid|dispute.opened|dispute.won|dispute.lost|subscription.renewed|subscription.cancelled
A0521,640,payment.authorized|dispute.opened
A0521,641,payment.authorized|payment.captured|payment.failed|refund.created|refund.settled|payout.paid|dispute.opened|dispute.won|dispute.lost|subscription.renewed|subscription.cancelled
A0522,522,payment.authorized|payment.captured|payment.failed|refund.created|refund.settled|payout.paid|dispute.opened|dispute.won|dispute.lost|subscription.renewed|subscription.cancelled
A0522,640,payment.authorized|dispute.opened
A0522,641,payment.authorized|payment.captured|payment.failed|refund.created|refund.settled|payout.paid|dispute.opened|dispute.won|dispute.lost|subscription.renewed|subscription.cancelled
A0523,523,payment.authorized|payment.captured|payment.failed|refund.created|refund.settled|payout.paid|dispute.opened|dispute.won|dispute.lost|subscription.renewed|subscription.cancelled
A0523,640,payment.authorized|dispute.opened
A0523,641,payment.authorized|payment.captured|payment.failed|refund.created|refund.settled|payout.paid|dispute.opened|dispute.won|dispute.lost|subscription.renewed|subscription.cancelled
A0524,524,payment.authorized|payment.captured|payment.failed|refund.created|refund.settled|payout.paid|dispute.opened|dispute.won|dispute.lost|subscription.renewed|subscription.cancelled
A0524,640,payment.authorized|dispute.opened
A0524,641,payment.authorized|payment.captured|payment.failed|refund.created|refund.settled|payout.paid|dispute.opened|dispute.won|dispute.lost|subscription.renewed|subscription.cancelled
A0525,525,payment.authorized|payment.captured|payment.failed|refund.created|refund.settled|payout.paid|dispute.opened|dispute.won|dispute.lost|subscription.renewed|subscription.cancelled
A0525,640,payment.authorized|dispute.opened
A0525,641,payment.authorized|payment.captured|payment.failed|refund.created|refund.settled|payout.paid|dispute.opened|dispute.won|dispute.lost|subscription.renewed|subscription.cancelled
A0526,526,payment.authorized|payment.captured|payment.failed|refund.created|refund.settled|payout.paid|dispute.opened|dispute.won|dispute.lost|subscription.renewed|subscription.cancelled
A0526,640,payment.authorized|dispute.opened
A0526,641,payment.authorized|payment.captured|payment.failed|refund.created|refund.settled|payout.paid|dispute.opened|dispute.won|dispute.lost|subscription.renewed|subscription.cancelled
A0527,527,payment.authorized|payment.captured|payment.failed|refund.created|refund.settled|payout.paid|dispute.opened|dispute.won|dispute.lost|subscription.renewed|subscription.cancelled
A0527,640,payment.authorized|dispute.opened
A0527,641,payment.authorized|payment.captured|payment.failed|refund.created|refund.settled|payout.paid|dispute.opened|dispute.won|dispute.lost|subscription.renewed|subscription.cancelled
A0528,528,payment.authorized|payment.captured|payment.failed|refund.created|refund.settled|payout.paid|dispute.opened|dispute.won|dispute.lost|subscription.renewed|subscription.cancelled
A0528,640,payment.authorized|dispute.opened
A0528,641,payment.authorized|payment.captured|payment.failed|refund.created|refund.settled|payout.paid|dispute.opened|dispute.won|dispute.lost|subscription.renewed|subscription.cancelled
A0529,529,payment.authorized|payment.captured|payment.failed|refund.created|refund.settled|payout.paid|dispute.opened|dispute.won|dispute.lost|subscription.renewed|subscription.cancelled
A0529,640,payment.authorized|dispute.opened
A0529,641,payment.authorized|payment.captured|payment.failed|refund.created|refund.settled|payout.paid|dispute.opened|dispute.won|dispute.lost|subscription.renewed|subscription.cancelled
A0530,530,payment.authorized|payment.captured|payment.failed|refund.created|refund.settled|payout.paid|dispute.opened|dispute.won|dispute.lost|subscription.renewed|subscription.cancelled
A0530,640,payment.authorized|dispute.opened
A0530,641,payment.authorized|payment.captured|payment.failed|refund.created|refund.settled|payout.paid|dispute.opened|dispute.won|dispute.lost|subscription.renewed|subscription.cancelled
A0531,531,payment.authorized|payment.captured|payment.failed|refund.created|refund.settled|payout.paid|dispute.opened|dispute.won|dispute.lost|subscription.renewed|subscription.cancelled
A0531,640,payment.authorized|dispute.opened
A0531,641,payment.authorized|payment.captured|payment.failed|refund.created|refund.settled|payout.paid|dispute.opened|dispute.won|dispute.lost|subscription.renewed|subscription.cancelled
A0532,532,payment.authorized|payment.captured|payment.failed|refund.created|refund.settled|payout.paid|dispute.opened|dispute.won|dispute.lost|subscription.renewed|subscription.cancelled
A0532,640,payment.authorized|dispute.opened
A0532,641,payment.authorized|payment.captured|payment.failed|refund.created|refund.settled|payout.paid|dispute.opened|dispute.won|dispute.lost|subscription.renewed|subscription.cancelled
A0533,533,payment.authorized|payment.captured|payment.failed|refund.created|refund.settled|payout.paid|dispute.opened|dispute.won|dispute.lost|subscription.renewed|subscription.cancelled
A0533,640,payment.authorized|dispute.opened
A0533,641,payment.authorized|payment.captured|payment.failed|refund.created|refund.settled|payout.paid|dispute.opened|dispute.won|dispute.lost|subscription.renewed|subscription.cancelled
A0534,534,payment.authorized|payment.captured|payment.failed|refund.created|refund.settled|payout.paid|dispute.opened|dispute.won|dispute.lost|subscription.renewed|subscription.cancelled
A0534,640,payment.authorized|dispute.opened
A0534,641,payment.authorized|payment.captured|payment.failed|refund.created|refund.settled|payout.paid|dispute.opened|dispute.won|dispute.lost|subscription.renewed|subscription.cancelled
A0535,535,payment.authorized|payment.captured|payment.failed|refund.created|refund.settled|payout.paid|dispute.opened|dispute.won|dispute.lost|subscription.renewed|subscription.cancelled
A0535,640,payment.authorized|dispute.opened
A0535,641,payment.authorized|payment.captured|payment.failed|refund.created|refund.settled|payout.paid|dispute.opened|dispute.won|dispute.lost|subscription.renewed|subscription.cancelled
A0536,536,payment.authorized|payment.captured|payment.failed|refund.created|refund.settled|payout.paid|dispute.opened|dispute.won|dispute.lost|subscription.renewed|subscription.cancelled
A0536,640,payment.authorized|dispute.opened
A0536,641,payment.authorized|payment.captured|payment.failed|refund.created|refund.settled|payout.paid|dispute.opened|dispute.won|dispute.lost|subscription.renewed|subscription.cancelled
A0537,537,payment.authorized|payment.captured|payment.failed|refund.created|refund.settled|payout.paid|dispute.opened|dispute.won|dispute.lost|subscription.renewed|subscription.cancelled
A0537,640,payment.authorized|dispute.opened
A0537,641,payment.authorized|payment.captured|payment.failed|refund.created|refund.settled|payout.paid|dispute.opened|dispute.won|dispute.lost|subscription.renewed|subscription.cancelled
A0538,538,payment.authorized|payment.captured|payment.failed|refund.created|refund.settled|payout.paid|dispute.opened|dispute.won|dispute.lost|subscription.renewed|subscription.cancelled
A0538,640,payment.authorized|dispute.opened
A0538,641,payment.authorized|payment.captured|payment.failed|refund.created|refund.settled|payout.paid|dispute.opened|dispute.won|dispute.lost|subscription.renewed|subscription.cancelled
A0539,539,payment.authorized|payment.captured|payment.failed|refund.created|refund.settled|payout.paid|dispute.opened|dispute.won|dispute.lost|subscription.renewed|subscription.cancelled
A0539,640,payment.authorized|dispute.opened
A0539,641,payment.authorized|payment.captured|payment.failed|refund.created|refund.settled|payout.paid|dispute.opened|dispute.won|dispute.lost|subscription.renewed|subscription.cancelled
A0540,540,payment.authorized|payment.captured|payment.failed|refund.created|refund.settled|payout.paid|dispute.opened|dispute.won|dispute.lost|subscription.renewed|subscription.cancelled
A0540,640,payment.authorized|dispute.opened
A0540,641,payment.authorized|payment.captured|payment.failed|refund.created|refund.settled|payout.paid|dispute.opened|dispute.won|dispute.lost|subscription.renewed|subscription.cancelled
A0541,541,payment.authorized|payment.captured|payment.failed|refund.created|refund.settled|payout.paid|dispute.opened|dispute.won|dispute.lost|subscription.renewed|subscription.cancelled
A0541,640,payment.authorized|dispute.opened
A0541,641,payment.authorized|payment.captured|payment.failed|refund.created|refund.settled|payout.paid|dispute.opened|dispute.won|dispute.lost|subscription.renewed|subscription.cancelled
A0542,542,payment.authorized|payment.captured|payment.failed|refund.created|refund.settled|payout.paid|dispute.opened|dispute.won|dispute.lost|subscription.renewed|subscription.cancelled
A0542,640,payment.authorized|dispute.opened
A0542,641,payment.authorized|payment.captured|payment.failed|refund.created|refund.settled|payout.paid|dispute.opened|dispute.won|dispute.lost|subscription.renewed|subscription.cancelled
A0543,543,payment.authorized|payment.captured|payment.failed|refund.created|refund.settled|payout.paid|dispute.opened|dispute.won|dispute.lost|subscription.renewed|subscription.cancelled
A0543,640,payment.authorized|dispute.opened
A0543,641,payment.authorized|payment.captured|payment.failed|refund.created|refund.settled|payout.paid|dispute.opened|dispute.won|dispute.lost|subscription.renewed|subscription.cancelled
A0544,544,payment.authorized|payment.captured|payment.failed|refund.created|refund.settled|payout.paid|dispute.opened|dispute.won|dispute.lost|subscription.renewed|subscription.cancelled
A0544,640,payment.authorized|dispute.opened
A0544,641,payment.authorized|payment.captured|payment.failed|refund.created|refund.settled|payout.paid|dispute.opened|dispute.won|dispute.lost|subscription.renewed|subscription.cancelled
A0545,545,payment.authorized|payment.captured|payment.failed|refund.created|refund.settled|payout.paid|dispute.opened|dispute.won|dispute.lost|subscription.renewed|subscription.cancelled
A0545,640,payment.authorized|dispute.opened
A0545,641,payment.authorized|payment.captured|payment.failed|refund.created|refund.settled|payout.paid|dispute.opened|dispute.won|dispute.lost|subscription.renewed|subscription.cancelled
A0546,546,payment.authorized|payment.captured|payment.failed|refund.created|refund.settled|payout.paid|dispute.opened|dispute.won|dispute.lost|subscription.renewed|subscription.cancelled
A0546,640,payment.authorized|dispute.opened
A0546,641,payment.authorized|payment.captured|payment.failed|refund.created|refund.settled|payout.paid|dispute.opened|dispute.won|dispute.lost|subscription.renewed|subscription.cancelled
A0547,547,payment.authorized|payment.captured|payment.failed|refund.created|refund.settled|payout.paid|dispute.opened|dispute.won|dispute.lost|subscription.renewed|subscription.cancelled
A0547,640,payment.authorized|dispute.opened
A0547,641,payment.authorized|payment.captured|payment.failed|refund.created|refund.settled|payout.paid|dispute.opened|dispute.won|dispute.lost|subscription.renewed|subscription.cancelled
A0548,548,payment.authorized|payment.captured|payment.failed|refund.created|refund.settled|payout.paid|dispute.opened|dispute.won|dispute.lost|subscription.renewed|subscription.cancelled
A0548,640,payment.authorized|dispute.opened
A0548,641,payment.authorized|payment.captured|payment.failed|refund.created|refund.settled|payout.paid|dispute.opened|dispute.won|dispute.lost|subscription.renewed|subscription.cancelled
A0549,549,payment.authorized|payment.captured|payment.failed|refund.created|refund.settled|payout.paid|dispute.opened|dispute.won|dispute.lost|subscription.renewed|subscription.cancelled
A0549,640,payment.authorized|dispute.opened
A0549,641,payment.authorized|payment.captured|payment.failed|refund.created|refund.settled|payout.paid|dispute.opened|dispute.won|dispute.lost|subscription.renewed|subscription.cancelled
A0550,550,payment.authorized|payment.captured|payment.failed|refund.created|refund.settled|payout.paid|dispute.opened|dispute.won|dispute.lost|subscription.renewed|subscription.cancelled
A0550,640,payment.authorized|dispute.opened
A0550,641,payment.authorized|payment.captured|payment.failed|refund.created|refund.settled|payout.paid|dispute.opened|dispute.won|dispute.lost|subscription.renewed|subscription.cancelled
A0551,551,payment.authorized|payment.captured|payment.failed|refund.created|refund.settled|payout.paid|dispute.opened|dispute.won|dispute.lost|subscription.renewed|subscription.cancelled
A0551,640,payment.authorized|dispute.opened
A0551,641,payment.authorized|payment.captured|payment.failed|refund.created|refund.settled|payout.paid|dispute.opened|dispute.won|dispute.lost|subscription.renewed|subscription.cancelled
A0552,552,payment.authorized|payment.captured|payment.failed|refund.created|refund.settled|payout.paid|dispute.opened|dispute.won|dispute.lost|subscription.renewed|subscription.cancelled
A0552,640,payment.authorized|dispute.opened
A0552,641,payment.authorized|payment.captured|payment.failed|refund.created|refund.settled|payout.paid|dispute.opened|dispute.won|dispute.lost|subscription.renewed|subscription.cancelled
A0553,553,payment.authorized|payment.captured|payment.failed|refund.created|refund.settled|payout.paid|dispute.opened|dispute.won|dispute.lost|subscription.renewed|subscription.cancelled
A0553,640,payment.authorized|dispute.opened
A0553,641,payment.authorized|payment.captured|payment.failed|refund.created|refund.settled|payout.paid|dispute.opened|dispute.won|dispute.lost|subscription.renewed|subscription.cancelled
A0554,554,payment.authorized|payment.captured|payment.failed|refund.created|refund.settled|payout.paid|dispute.opened|dispute.won|dispute.lost|subscription.renewed|subscription.cancelled
A0554,640,payment.authorized|dispute.opened
A0554,641,payment.authorized|payment.captured|payment.failed|refund.created|refund.settled|payout.paid|dispute.opened|dispute.won|dispute.lost|subscription.renewed|subscription.cancelled
A0555,555,payment.authorized|payment.captured|payment.failed|refund.created|refund.settled|payout.paid|dispute.opened|dispute.won|dispute.lost|subscription.renewed|subscription.cancelled
A0555,640,payment.authorized|dispute.opened
A0555,641,payment.authorized|payment.captured|payment.failed|refund.created|refund.settled|payout.paid|dispute.opened|dispute.won|dispute.lost|subscription.renewed|subscription.cancelled
A0556,556,payment.authorized|payment.captured|payment.failed|refund.created|refund.settled|payout.paid|dispute.opened|dispute.won|dispute.lost|subscription.renewed|subscription.cancelled
A0556,640,payment.authorized|dispute.opened
A0556,641,payment.authorized|payment.captured|payment.failed|refund.created|refund.settled|payout.paid|dispute.opened|dispute.won|dispute.lost|subscription.renewed|subscription.cancelled
A0557,557,payment.authorized|payment.captured|payment.failed|refund.created|refund.settled|payout.paid|dispute.opened|dispute.won|dispute.lost|subscription.renewed|subscription.cancelled
A0557,640,payment.authorized|dispute.opened
A0557,641,payment.authorized|payment.captured|payment.failed|refund.created|refund.settled|payout.paid|dispute.opened|dispute.won|dispute.lost|subscription.renewed|subscription.cancelled
A0558,558,payment.authorized|payment.captured|payment.failed|refund.created|refund.settled|payout.paid|dispute.opened|dispute.won|dispute.lost|subscription.renewed|subscription.cancelled
A0558,640,payment.authorized|dispute.opened
A0558,641,payment.authorized|payment.captured|payment.failed|refund.created|refund.settled|payout.paid|dispute.opened|dispute.won|dispute.lost|subscription.renewed|subscription.cancelled
A0559,559,payment.authorized|payment.captured|payment.failed|refund.created|refund.settled|payout.paid|dispute.opened|dispute.won|dispute.lost|subscription.renewed|subscription.cancelled
A0559,640,payment.authorized|dispute.opened
A0559,641,payment.authorized|payment.captured|payment.failed|refund.created|refund.settled|payout.paid|dispute.opened|dispute.won|dispute.lost|subscription.renewed|subscription.cancelled
A0560,560,payment.authorized|payment.captured|payment.failed|refund.created|refund.settled|payout.paid|dispute.opened|dispute.won|dispute.lost|subscription.renewed|subscription.cancelled
A0560,640,payment.authorized|dispute.opened
A0560,641,payment.authorized|payment.captured|payment.failed|refund.created|refund.settled|payout.paid|dispute.opened|dispute.won|dispute.lost|subscription.renewed|subscription.cancelled
A0561,561,payment.authorized|payment.captured|payment.failed|refund.created|refund.settled|payout.paid|dispute.opened|dispute.won|dispute.lost|subscription.renewed|subscription.cancelled
A0561,640,payment.authorized|dispute.opened
A0561,641,payment.authorized|payment.captured|payment.failed|refund.created|refund.settled|payout.paid|dispute.opened|dispute.won|dispute.lost|subscription.renewed|subscription.cancelled
A0562,562,payment.authorized|payment.captured|payment.failed|refund.created|refund.settled|payout.paid|dispute.opened|dispute.won|dispute.lost|subscription.renewed|subscription.cancelled
A0562,640,payment.authorized|dispute.opened
A0562,641,payment.authorized|payment.captured|payment.failed|refund.created|refund.settled|payout.paid|dispute.opened|dispute.won|dispute.lost|subscription.renewed|subscription.cancelled
A0563,563,payment.authorized|payment.captured|payment.failed|refund.created|refund.settled|payout.paid|dispute.opened|dispute.won|dispute.lost|subscription.renewed|subscription.cancelled
A0563,640,payment.authorized|dispute.opened
A0563,641,payment.authorized|payment.captured|payment.failed|refund.created|refund.settled|payout.paid|dispute.opened|dispute.won|dispute.lost|subscription.renewed|subscription.cancelled
A0564,564,payment.authorized|payment.captured|payment.failed|refund.created|refund.settled|payout.paid|dispute.opened|dispute.won|dispute.lost|subscription.renewed|subscription.cancelled
A0564,640,payment.authorized|dispute.opened
A0564,641,payment.authorized|payment.captured|payment.failed|refund.created|refund.settled|payout.paid|dispute.opened|dispute.won|dispute.lost|subscription.renewed|subscription.cancelled
A0565,565,payment.authorized|payment.captured|payment.failed|refund.created|refund.settled|payout.paid|dispute.opened|dispute.won|dispute.lost|subscription.renewed|subscription.cancelled
A0565,640,payment.authorized|dispute.opened
A0565,641,payment.authorized|payment.captured|payment.failed|refund.created|refund.settled|payout.paid|dispute.opened|dispute.won|dispute.lost|subscription.renewed|subscription.cancelled
A0566,566,payment.authorized|payment.captured|payment.failed|refund.created|refund.settled|payout.paid|dispute.opened|dispute.won|dispute.lost|subscription.renewed|subscription.cancelled
A0566,640,payment.authorized|dispute.opened
A0566,641,payment.authorized|payment.captured|payment.failed|refund.created|refund.settled|payout.paid|dispute.opened|dispute.won|dispute.lost|subscription.renewed|subscription.cancelled
A0567,567,payment.authorized|payment.captured|payment.failed|refund.created|refund.settled|payout.paid|dispute.opened|dispute.won|dispute.lost|subscription.renewed|subscription.cancelled
A0567,640,payment.authorized|dispute.opened
A0567,641,payment.authorized|payment.captured|payment.failed|refund.created|refund.settled|payout.paid|dispute.opened|dispute.won|dispute.lost|subscription.renewed|subscription.cancelled
A0568,568,payment.authorized|payment.captured|payment.failed|refund.created|refund.settled|payout.paid|dispute.opened|dispute.won|dispute.lost|subscription.renewed|subscription.cancelled
A0568,640,payment.authorized|dispute.opened
A0568,641,payment.authorized|payment.captured|payment.failed|refund.created|refund.settled|payout.paid|dispute.opened|dispute.won|dispute.lost|subscription.renewed|subscription.cancelled
A0569,569,payment.authorized|payment.captured|payment.failed|refund.created|refund.settled|payout.paid|dispute.opened|dispute.won|dispute.lost|subscription.renewed|subscription.cancelled
A0569,640,payment.authorized|dispute.opened
A0569,641,payment.authorized|payment.captured|payment.failed|refund.created|refund.settled|payout.paid|dispute.opened|dispute.won|dispute.lost|subscription.renewed|subscription.cancelled
A0570,570,payment.authorized|payment.captured|payment.failed|refund.created|refund.settled|payout.paid|dispute.opened|dispute.won|dispute.lost|subscription.renewed|subscription.cancelled
A0570,640,payment.authorized|dispute.opened
A0570,641,payment.authorized|payment.captured|payment.failed|refund.created|refund.settled|payout.paid|dispute.opened|dispute.won|dispute.lost|subscription.renewed|subscription.cancelled
A0571,571,payment.authorized|payment.captured|payment.failed|refund.created|refund.settled|payout.paid|dispute.opened|dispute.won|dispute.lost|subscription.renewed|subscription.cancelled
A0571,640,payment.authorized|dispute.opened
A0571,641,payment.authorized|payment.captured|payment.failed|refund.created|refund.settled|payout.paid|dispute.opened|dispute.won|dispute.lost|subscription.renewed|subscription.cancelled
A0572,572,payment.authorized|payment.captured|payment.failed|refund.created|refund.settled|payout.paid|dispute.opened|dispute.won|dispute.lost|subscription.renewed|subscription.cancelled
A0572,640,payment.authorized|dispute.opened
A0572,641,payment.authorized|payment.captured|payment.failed|refund.created|refund.settled|payout.paid|dispute.opened|dispute.won|dispute.lost|subscription.renewed|subscription.cancelled
A0573,573,payment.authorized|payment.captured|payment.failed|refund.created|refund.settled|payout.paid|dispute.opened|dispute.won|dispute.lost|subscription.renewed|subscription.cancelled
A0573,640,payment.authorized|dispute.opened
A0573,641,payment.authorized|payment.captured|payment.failed|refund.created|refund.settled|payout.paid|dispute.opened|dispute.won|dispute.lost|subscription.renewed|subscription.cancelled
A0574,574,payment.authorized|payment.captured|payment.failed|refund.created|refund.settled|payout.paid|dispute.opened|dispute.won|dispute.lost|subscription.renewed|subscription.cancelled
A0574,640,payment.authorized|dispute.opened
A0574,641,payment.authorized|payment.captured|payment.failed|refund.created|refund.settled|payout.paid|dispute.opened|dispute.won|dispute.lost|subscription.renewed|subscription.cancelled
A0575,575,payment.authorized|payment.captured|payment.failed|refund.created|refund.settled|payout.paid|dispute.opened|dispute.won|dispute.lost|subscription.renewed|subscription.cancelled
A0575,640,payment.authorized|dispute.opened
A0575,641,payment.authorized|payment.captured|payment.failed|refund.created|refund.settled|payout.paid|dispute.opened|dispute.won|dispute.lost|subscription.renewed|subscription.cancelled
A0576,576,payment.authorized|payment.captured|payment.failed|refund.created|refund.settled|payout.paid|dispute.opened|dispute.won|dispute.lost|subscription.renewed|subscription.cancelled
A0576,640,payment.authorized|dispute.opened
A0576,641,payment.authorized|payment.captured|payment.failed|refund.created|refund.settled|payout.paid|dispute.opened|dispute.won|dispute.lost|subscription.renewed|subscription.cancelled
A0577,577,payment.authorized|payment.captured|payment.failed|refund.created|refund.settled|payout.paid|dispute.opened|dispute.won|dispute.lost|subscription.renewed|subscription.cancelled
A0577,640,payment.authorized|dispute.opened
A0577,641,payment.authorized|payment.captured|payment.failed|refund.created|refund.settled|payout.paid|dispute.opened|dispute.won|dispute.lost|subscription.renewed|subscription.cancelled
A0578,578,payment.authorized|payment.captured|payment.failed|refund.created|refund.settled|payout.paid|dispute.opened|dispute.won|dispute.lost|subscription.renewed|subscription.cancelled
A0578,640,payment.authorized|dispute.opened
A0578,641,payment.authorized|payment.captured|payment.failed|refund.created|refund.settled|payout.paid|dispute.opened|dispute.won|dispute.lost|subscription.renewed|subscription.cancelled
A0579,579,payment.authorized|payment.captured|payment.failed|refund.created|refund.settled|payout.paid|dispute.opened|dispute.won|dispute.lost|subscription.renewed|subscription.cancelled
A0579,640,payment.authorized|dispute.opened
A0579,641,payment.authorized|payment.captured|payment.failed|refund.created|refund.settled|payout.paid|dispute.opened|dispute.won|dispute.lost|subscription.renewed|subscription.cancelled
A0580,580,payment.authorized|payment.captured|payment.failed|refund.created|refund.settled|payout.paid|dispute.opened|dispute.won|dispute.lost|subscription.renewed|subscription.cancelled
A0580,640,payment.authorized|dispute.opened
A0580,641,payment.authorized|payment.captured|payment.failed|refund.created|refund.settled|payout.paid|dispute.opened|dispute.won|dispute.lost|subscription.renewed|subscription.cancelled
A0581,581,payment.authorized|payment.captured|payment.failed|refund.created|refund.settled|payout.paid|dispute.opened|dispute.won|dispute.lost|subscription.renewed|subscription.cancelled
A0581,640,payment.authorized|dispute.opened
A0581,641,payment.authorized|payment.captured|payment.failed|refund.created|refund.settled|payout.paid|dispute.opened|dispute.won|dispute.lost|subscription.renewed|subscription.cancelled
A0582,582,payment.authorized|payment.captured|payment.failed|refund.created|refund.settled|payout.paid|dispute.opened|dispute.won|dispute.lost|subscription.renewed|subscription.cancelled
A0582,640,payment.authorized|dispute.opened
A0582,641,payment.authorized|payment.captured|payment.failed|refund.created|refund.settled|payout.paid|dispute.opened|dispute.won|dispute.lost|subscription.renewed|subscription.cancelled
A0583,583,payment.authorized|payment.captured|payment.failed|refund.created|refund.settled|payout.paid|dispute.opened|dispute.won|dispute.lost|subscription.renewed|subscription.cancelled
A0583,640,payment.authorized|dispute.opened
A0583,641,payment.authorized|payment.captured|payment.failed|refund.created|refund.settled|payout.paid|dispute.opened|dispute.won|dispute.lost|subscription.renewed|subscription.cancelled
A0584,584,payment.authorized|payment.captured|payment.failed|refund.created|refund.settled|payout.paid|dispute.opened|dispute.won|dispute.lost|subscription.renewed|subscription.cancelled
A0584,640,payment.authorized|dispute.opened
A0584,641,payment.authorized|payment.captured|payment.failed|refund.created|refund.settled|payout.paid|dispute.opened|dispute.won|dispute.lost|subscription.renewed|subscription.cancelled
A0585,585,payment.authorized|payment.captured|payment.failed|refund.created|refund.settled|payout.paid|dispute.opened|dispute.won|dispute.lost|subscription.renewed|subscription.cancelled
A0585,640,payment.authorized|dispute.opened
A0585,641,payment.authorized|payment.captured|payment.failed|refund.created|refund.settled|payout.paid|dispute.opened|dispute.won|dispute.lost|subscription.renewed|subscription.cancelled
A0586,586,payment.authorized|payment.captured|payment.failed|refund.created|refund.settled|payout.paid|dispute.opened|dispute.won|dispute.lost|subscription.renewed|subscription.cancelled
A0586,640,payment.authorized|dispute.opened
A0586,641,payment.authorized|payment.captured|payment.failed|refund.created|refund.settled|payout.paid|dispute.opened|dispute.won|dispute.lost|subscription.renewed|subscription.cancelled
A0587,587,payment.authorized|payment.captured|payment.failed|refund.created|refund.settled|payout.paid|dispute.opened|dispute.won|dispute.lost|subscription.renewed|subscription.cancelled
A0587,640,payment.authorized|dispute.opened
A0587,641,payment.authorized|payment.captured|payment.failed|refund.created|refund.settled|payout.paid|dispute.opened|dispute.won|dispute.lost|subscription.renewed|subscription.cancelled
A0588,588,payment.authorized|payment.captured|payment.failed|refund.created|refund.settled|payout.paid|dispute.opened|dispute.won|dispute.lost|subscription.renewed|subscription.cancelled
A0588,640,payment.authorized|dispute.opened
A0588,641,payment.authorized|payment.captured|payment.failed|refund.created|refund.settled|payout.paid|dispute.opened|dispute.won|dispute.lost|subscription.renewed|subscription.cancelled
A0589,589,payment.authorized|payment.captured|payment.failed|refund.created|refund.settled|payout.paid|dispute.opened|dispute.won|dispute.lost|subscription.renewed|subscription.cancelled
A0589,640,payment.authorized|dispute.opened
A0589,641,payment.authorized|payment.captured|payment.failed|refund.created|refund.settled|payout.paid|dispute.opened|dispute.won|dispute.lost|subscription.renewed|subscription.cancelled
A0590,590,payment.authorized|payment.captured|payment.failed|refund.created|refund.settled|payout.paid|dispute.opened|dispute.won|dispute.lost|subscription.renewed|subscription.cancelled
A0590,640,payment.authorized|dispute.opened
A0590,641,payment.authorized|payment.captured|payment.failed|refund.created|refund.settled|payout.paid|dispute.opened|dispute.won|dispute.lost|subscription.renewed|subscription.cancelled
A0591,591,payment.authorized|payment.captured|payment.failed|refund.created|refund.settled|payout.paid|dispute.opened|dispute.won|dispute.lost|subscription.renewed|subscription.cancelled
A0591,640,payment.authorized|dispute.opened
A0591,641,payment.authorized|payment.captured|payment.failed|refund.created|refund.settled|payout.paid|dispute.opened|dispute.won|dispute.lost|subscription.renewed|subscription.cancelled
A0592,592,payment.authorized|payment.captured|payment.failed|refund.created|refund.settled|payout.paid|dispute.opened|dispute.won|dispute.lost|subscription.renewed|subscription.cancelled
A0592,640,payment.authorized|dispute.opened
A0592,641,payment.authorized|payment.captured|payment.failed|refund.created|refund.settled|payout.paid|dispute.opened|dispute.won|dispute.lost|subscription.renewed|subscription.cancelled
A0593,593,payment.authorized|payment.captured|payment.failed|refund.created|refund.settled|payout.paid|dispute.opened|dispute.won|dispute.lost|subscription.renewed|subscription.cancelled
A0593,640,payment.authorized|dispute.opened
A0593,641,payment.authorized|payment.captured|payment.failed|refund.created|refund.settled|payout.paid|dispute.opened|dispute.won|dispute.lost|subscription.renewed|subscription.cancelled
A0594,594,payment.authorized|payment.captured|payment.failed|refund.created|refund.settled|payout.paid|dispute.opened|dispute.won|dispute.lost|subscription.renewed|subscription.cancelled
A0594,640,payment.authorized|dispute.opened
A0594,641,payment.authorized|payment.captured|payment.failed|refund.created|refund.settled|payout.paid|dispute.opened|dispute.won|dispute.lost|subscription.renewed|subscription.cancelled
A0595,595,payment.authorized|payment.captured|payment.failed|refund.created|refund.settled|payout.paid|dispute.opened|dispute.won|dispute.lost|subscription.renewed|subscription.cancelled
A0595,640,payment.authorized|dispute.opened
A0595,641,payment.authorized|payment.captured|payment.failed|refund.created|refund.settled|payout.paid|dispute.opened|dispute.won|dispute.lost|subscription.renewed|subscription.cancelled
A0596,596,payment.authorized|payment.captured|payment.failed|refund.created|refund.settled|payout.paid|dispute.opened|dispute.won|dispute.lost|subscription.renewed|subscription.cancelled
A0596,640,payment.authorized|dispute.opened
A0596,641,payment.authorized|payment.captured|payment.failed|refund.created|refund.settled|payout.paid|dispute.opened|dispute.won|dispute.lost|subscription.renewed|subscription.cancelled
A0597,597,payment.authorized|payment.captured|payment.failed|refund.created|refund.settled|payout.paid|dispute.opened|dispute.won|dispute.lost|subscription.renewed|subscription.cancelled
A0597,640,payment.authorized|dispute.opened
A0597,641,payment.authorized|payment.captured|payment.failed|refund.created|refund.settled|payout.paid|dispute.opened|dispute.won|dispute.lost|subscription.renewed|subscription.cancelled
A0598,598,payment.authorized|payment.captured|payment.failed|refund.created|refund.settled|payout.paid|dispute.opened|dispute.won|dispute.lost|subscription.renewed|subscription.cancelled
A0598,640,payment.authorized|dispute.opened
A0598,641,payment.authorized|payment.captured|payment.failed|refund.created|refund.settled|payout.paid|dispute.opened|dispute.won|dispute.lost|subscription.renewed|subscription.cancelled
A0599,599,payment.authorized|payment.captured|payment.failed|refund.created|refund.settled|payout.paid|dispute.opened|dispute.won|dispute.lost|subscription.renewed|subscription.cancelled
A0599,640,payment.authorized|dispute.opened
A0599,641,payment.authorized|payment.captured|payment.failed|refund.created|refund.settled|payout.paid|dispute.opened|dispute.won|dispute.lost|subscription.renewed|subscription.cancelled
B0000,600,payment.authorized|payment.captured|payment.failed|refund.created|refund.settled|payout.paid|dispute.opened|dispute.won|dispute.lost|subscription.renewed|subscription.cancelled
B0000,942,payment.failed|dispute.opened
B0000,640,payment.authorized|dispute.opened
B0000,641,payment.authorized|payment.captured|payment.failed|refund.created|refund.settled|payout.paid|dispute.opened|dispute.won|dispute.lost|subscription.renewed|subscription.cancelled
B0001,601,payment.authorized|payment.captured|payment.failed|refund.created|refund.settled|payout.paid|dispute.opened|dispute.won|dispute.lost|subscription.renewed|subscription.cancelled
B0001,943,payment.failed|dispute.opened
B0001,640,payment.authorized|dispute.opened
B0001,641,payment.authorized|payment.captured|payment.failed|refund.created|refund.settled|payout.paid|dispute.opened|dispute.won|dispute.lost|subscription.renewed|subscription.cancelled
B0002,602,payment.authorized|payment.captured|payment.failed|refund.created|refund.settled|payout.paid|dispute.opened|dispute.won|dispute.lost|subscription.renewed|subscription.cancelled
B0002,944,payment.failed|dispute.opened
B0002,640,payment.authorized|dispute.opened
B0002,641,payment.authorized|payment.captured|payment.failed|refund.created|refund.settled|payout.paid|dispute.opened|dispute.won|dispute.lost|subscription.renewed|subscription.cancelled
B0003,603,payment.authorized|payment.captured|payment.failed|refund.created|refund.settled|payout.paid|dispute.opened|dispute.won|dispute.lost|subscription.renewed|subscription.cancelled
B0003,945,payment.failed|dispute.opened
B0003,640,payment.authorized|dispute.opened
B0003,641,payment.authorized|payment.captured|payment.failed|refund.created|refund.settled|payout.paid|dispute.opened|dispute.won|dispute.lost|subscription.renewed|subscription.cancelled
B0004,604,payment.authorized|payment.captured|payment.failed|refund.created|refund.settled|payout.paid|dispute.opened|dispute.won|dispute.lost|subscription.renewed|subscription.cancelled
B0004,946,payment.failed|dispute.opened
B0004,640,payment.authorized|dispute.opened
B0004,641,payment.authorized|payment.captured|payment.failed|refund.created|refund.settled|payout.paid|dispute.opened|dispute.won|dispute.lost|subscription.renewed|subscription.cancelled
B0005,605,payment.authorized|payment.captured|payment.failed|refund.created|refund.settled|payout.paid|dispute.opened|dispute.won|dispute.lost|subscription.renewed|subscription.cancelled
B0005,947,payment.failed|dispute.opened
B0005,640,payment.authorized|dispute.opened
B0005,641,payment.authorized|payment.captured|payment.failed|refund.created|refund.settled|payout.paid|dispute.opened|dispute.won|dispute.lost|subscription.renewed|subscription.cancelled
B0006,606,payment.authorized|payment.captured|payment.failed|refund.created|refund.settled|payout.paid|dispute.opened|dispute.won|dispute.lost|subscription.renewed|subscription.cancelled
B0006,948,payment.failed|dispute.opened
B0006,640,payment.authorized|dispute.opened
B0006,641,payment.authorized|payment.captured|payment.failed|refund.created|refund.settled|payout.paid|dispute.opened|dispute.won|dispute.lost|subscription.renewed|subscription.cancelled
B0007,607,payment.authorized|payment.captured|payment.failed|refund.created|refund.settled|payout.paid|dispute.opened|dispute.won|dispute.lost|subscription.renewed|subscription.cancelled
B0007,949,payment.failed|dispute.opened
B0007,640,payment.authorized|dispute.opened
B0007,641,payment.authorized|payment.captured|payment.failed|refund.created|refund.settled|payout.paid|dispute.opened|dispute.won|dispute.lost|subscription.renewed|subscription.cancelled
B0008,608,payment.authorized|payment.captured|payment.failed|refund.created|refund.settled|payout.paid|dispute.opened|dispute.won|dispute.lost|subscription.renewed|subscription.cancelled
B0008,950,payment.failed|dispute.opened
B0008,640,payment.authorized|dispute.opened
B0008,641,payment.authorized|payment.captured|payment.failed|refund.created|refund.settled|payout.paid|dispute.opened|dispute.won|dispute.lost|subscription.renewed|subscription.cancelled
B0009,609,payment.authorized|payment.captured|payment.failed|refund.created|refund.settled|payout.paid|dispute.opened|dispute.won|dispute.lost|subscription.renewed|subscription.cancelled
B0009,951,payment.failed|dispute.opened
B0009,640,payment.authorized|dispute.opened
B0009,641,payment.authorized|payment.captured|payment.failed|refund.created|refund.settled|payout.paid|dispute.opened|dispute.won|dispute.lost|subscription.renewed|subscription.cancelled
B0010,610,payment.authorized|payment.captured|payment.failed|refund.created|refund.settled|payout.paid|dispute.opened|dispute.won|dispute.lost|subscription.renewed|subscription.cancelled
B0010,952,payment.failed|dispute.opened
B0010,640,payment.authorized|dispute.opened
B0010,641,payment.authorized|payment.captured|payment.failed|refund.created|refund.settled|payout.paid|dispute.opened|dispute.won|dispute.lost|subscription.renewed|subscription.cancelled
B0011,611,payment.authorized|payment.captured|payment.failed|refund.created|refund.settled|payout.paid|dispute.opened|dispute.won|dispute.lost|subscription.renewed|subscription.cancelled
B0011,953,payment.failed|dispute.opened
B0011,640,payment.authorized|dispute.opened
B0011,641,payment.authorized|payment.captured|payment.failed|refund.created|refund.settled|payout.paid|dispute.opened|dispute.won|dispute.lost|subscription.renewed|subscription.cancelled
B0012,612,payment.authorized|payment.captured|payment.failed|refund.created|refund.settled|payout.paid|dispute.opened|dispute.won|dispute.lost|subscription.renewed|subscription.cancelled
B0012,954,payment.failed|dispute.opened
B0012,640,payment.authorized|dispute.opened
B0012,641,payment.authorized|payment.captured|payment.failed|refund.created|refund.settled|payout.paid|dispute.opened|dispute.won|dispute.lost|subscription.renewed|subscription.cancelled
B0013,613,payment.authorized|payment.captured|payment.failed|refund.created|refund.settled|payout.paid|dispute.opened|dispute.won|dispute.lost|subscription.renewed|subscription.cancelled
B0013,955,payment.failed|dispute.opened
B0013,640,payment.authorized|dispute.opened
B0013,641,payment.authorized|payment.captured|payment.failed|refund.created|refund.settled|payout.paid|dispute.opened|dispute.won|dispute.lost|subscription.renewed|subscription.cancelled
B0014,614,payment.authorized|payment.captured|payment.failed|refund.created|refund.settled|payout.paid|dispute.opened|dispute.won|dispute.lost|subscription.renewed|subscription.cancelled
B0014,956,payment.failed|dispute.opened
B0014,640,payment.authorized|dispute.opened
B0014,641,payment.authorized|payment.captured|payment.failed|refund.created|refund.settled|payout.paid|dispute.opened|dispute.won|dispute.lost|subscription.renewed|subscription.cancelled
B0015,615,payment.authorized|payment.captured|payment.failed|refund.created|refund.settled|payout.paid|dispute.opened|dispute.won|dispute.lost|subscription.renewed|subscription.cancelled
B0015,957,payment.failed|dispute.opened
B0015,640,payment.authorized|dispute.opened
B0015,641,payment.authorized|payment.captured|payment.failed|refund.created|refund.settled|payout.paid|dispute.opened|dispute.won|dispute.lost|subscription.renewed|subscription.cancelled
B0016,616,payment.authorized|payment.captured|payment.failed|refund.created|refund.settled|payout.paid|dispute.opened|dispute.won|dispute.lost|subscription.renewed|subscription.cancelled
B0016,958,payment.failed|dispute.opened
B0016,640,payment.authorized|dispute.opened
B0016,641,payment.authorized|payment.captured|payment.failed|refund.created|refund.settled|payout.paid|dispute.opened|dispute.won|dispute.lost|subscription.renewed|subscription.cancelled
B0017,617,payment.authorized|payment.captured|payment.failed|refund.created|refund.settled|payout.paid|dispute.opened|dispute.won|dispute.lost|subscription.renewed|subscription.cancelled
B0017,959,payment.failed|dispute.opened
B0017,640,payment.authorized|dispute.opened
B0017,641,payment.authorized|payment.captured|payment.failed|refund.created|refund.settled|payout.paid|dispute.opened|dispute.won|dispute.lost|subscription.renewed|subscription.cancelled
B0018,618,payment.authorized|payment.captured|payment.failed|refund.created|refund.settled|payout.paid|dispute.opened|dispute.won|dispute.lost|subscription.renewed|subscription.cancelled
B0018,960,payment.failed|dispute.opened
B0018,640,payment.authorized|dispute.opened
B0018,641,payment.authorized|payment.captured|payment.failed|refund.created|refund.settled|payout.paid|dispute.opened|dispute.won|dispute.lost|subscription.renewed|subscription.cancelled
B0019,619,payment.authorized|payment.captured|payment.failed|refund.created|refund.settled|payout.paid|dispute.opened|dispute.won|dispute.lost|subscription.renewed|subscription.cancelled
B0019,961,payment.failed|dispute.opened
B0019,640,payment.authorized|dispute.opened
B0019,641,payment.authorized|payment.captured|payment.failed|refund.created|refund.settled|payout.paid|dispute.opened|dispute.won|dispute.lost|subscription.renewed|subscription.cancelled
B0020,620,payment.authorized|payment.captured|payment.failed|refund.created|refund.settled|payout.paid|dispute.opened|dispute.won|dispute.lost|subscription.renewed|subscription.cancelled
B0020,962,payment.failed|dispute.opened
B0020,640,payment.authorized|dispute.opened
B0020,641,payment.authorized|payment.captured|payment.failed|refund.created|refund.settled|payout.paid|dispute.opened|dispute.won|dispute.lost|subscription.renewed|subscription.cancelled
B0021,621,payment.authorized|payment.captured|payment.failed|refund.created|refund.settled|payout.paid|dispute.opened|dispute.won|dispute.lost|subscription.renewed|subscription.cancelled
B0021,963,payment.failed|dispute.opened
B0021,640,payment.authorized|dispute.opened
B0021,641,payment.authorized|payment.captured|payment.failed|refund.created|refund.settled|payout.paid|dispute.opened|dispute.won|dispute.lost|subscription.renewed|subscription.cancelled
B0022,622,payment.authorized|payment.captured|payment.failed|refund.created|refund.settled|payout.paid|dispute.opened|dispute.won|dispute.lost|subscription.renewed|subscription.cancelled
B0022,964,payment.failed|dispute.opened
B0022,640,payment.authorized|dispute.opened
B0022,641,payment.authorized|payment.captured|payment.failed|refund.created|refund.settled|payout.paid|dispute.opened|dispute.won|dispute.lost|subscription.renewed|subscription.cancelled
B0023,623,payment.authorized|payment.captured|payment.failed|refund.created|refund.settled|payout.paid|dispute.opened|dispute.won|dispute.lost|subscription.renewed|subscription.cancelled
B0023,965,payment.failed|dispute.opened
B0023,640,payment.authorized|dispute.opened
B0023,641,payment.authorized|payment.captured|payment.failed|refund.created|refund.settled|payout.paid|dispute.opened|dispute.won|dispute.lost|subscription.renewed|subscription.cancelled
B0024,624,payment.authorized|payment.captured|payment.failed|refund.created|refund.settled|payout.paid|dispute.opened|dispute.won|dispute.lost|subscription.renewed|subscription.cancelled
B0024,966,payment.failed|dispute.opened
B0024,640,payment.authorized|dispute.opened
B0024,641,payment.authorized|payment.captured|payment.failed|refund.created|refund.settled|payout.paid|dispute.opened|dispute.won|dispute.lost|subscription.renewed|subscription.cancelled
B0025,625,payment.authorized|payment.captured|payment.failed|refund.created|refund.settled|payout.paid|dispute.opened|dispute.won|dispute.lost|subscription.renewed|subscription.cancelled
B0025,967,payment.failed|dispute.opened
B0025,640,payment.authorized|dispute.opened
B0025,641,payment.authorized|payment.captured|payment.failed|refund.created|refund.settled|payout.paid|dispute.opened|dispute.won|dispute.lost|subscription.renewed|subscription.cancelled
B0026,626,payment.authorized|payment.captured|payment.failed|refund.created|refund.settled|payout.paid|dispute.opened|dispute.won|dispute.lost|subscription.renewed|subscription.cancelled
B0026,968,payment.failed|dispute.opened
B0026,640,payment.authorized|dispute.opened
B0026,641,payment.authorized|payment.captured|payment.failed|refund.created|refund.settled|payout.paid|dispute.opened|dispute.won|dispute.lost|subscription.renewed|subscription.cancelled
B0027,627,payment.authorized|payment.captured|payment.failed|refund.created|refund.settled|payout.paid|dispute.opened|dispute.won|dispute.lost|subscription.renewed|subscription.cancelled
B0027,969,payment.failed|dispute.opened
B0027,640,payment.authorized|dispute.opened
B0027,641,payment.authorized|payment.captured|payment.failed|refund.created|refund.settled|payout.paid|dispute.opened|dispute.won|dispute.lost|subscription.renewed|subscription.cancelled
B0028,628,payment.authorized|payment.captured|payment.failed|refund.created|refund.settled|payout.paid|dispute.opened|dispute.won|dispute.lost|subscription.renewed|subscription.cancelled
B0028,970,payment.failed|dispute.opened
B0028,640,payment.authorized|dispute.opened
B0028,641,payment.authorized|payment.captured|payment.failed|refund.created|refund.settled|payout.paid|dispute.opened|dispute.won|dispute.lost|subscription.renewed|subscription.cancelled
B0029,629,payment.authorized|payment.captured|payment.failed|refund.created|refund.settled|payout.paid|dispute.opened|dispute.won|dispute.lost|subscription.renewed|subscription.cancelled
B0029,971,payment.failed|dispute.opened
B0029,640,payment.authorized|dispute.opened
B0029,641,payment.authorized|payment.captured|payment.failed|refund.created|refund.settled|payout.paid|dispute.opened|dispute.won|dispute.lost|subscription.renewed|subscription.cancelled
B0030,630,payment.authorized|payment.captured|payment.failed|refund.created|refund.settled|payout.paid|dispute.opened|dispute.won|dispute.lost|subscription.renewed|subscription.cancelled
B0030,972,payment.failed|dispute.opened
B0030,640,payment.authorized|dispute.opened
B0030,641,payment.authorized|payment.captured|payment.failed|refund.created|refund.settled|payout.paid|dispute.opened|dispute.won|dispute.lost|subscription.renewed|subscription.cancelled
B0031,631,payment.authorized|payment.captured|payment.failed|refund.created|refund.settled|payout.paid|dispute.opened|dispute.won|dispute.lost|subscription.renewed|subscription.cancelled
B0031,973,payment.failed|dispute.opened
B0031,640,payment.authorized|dispute.opened
B0031,641,payment.authorized|payment.captured|payment.failed|refund.created|refund.settled|payout.paid|dispute.opened|dispute.won|dispute.lost|subscription.renewed|subscription.cancelled
B0032,632,payment.authorized|payment.captured|payment.failed|refund.created|refund.settled|payout.paid|dispute.opened|dispute.won|dispute.lost|subscription.renewed|subscription.cancelled
B0032,974,payment.failed|dispute.opened
B0032,640,payment.authorized|dispute.opened
B0032,641,payment.authorized|payment.captured|payment.failed|refund.created|refund.settled|payout.paid|dispute.opened|dispute.won|dispute.lost|subscription.renewed|subscription.cancelled
B0033,633,payment.authorized|payment.captured|payment.failed|refund.created|refund.settled|payout.paid|dispute.opened|dispute.won|dispute.lost|subscription.renewed|subscription.cancelled
B0033,975,payment.failed|dispute.opened
B0033,640,payment.authorized|dispute.opened
B0033,641,payment.authorized|payment.captured|payment.failed|refund.created|refund.settled|payout.paid|dispute.opened|dispute.won|dispute.lost|subscription.renewed|subscription.cancelled
B0034,634,payment.authorized|payment.captured|payment.failed|refund.created|refund.settled|payout.paid|dispute.opened|dispute.won|dispute.lost|subscription.renewed|subscription.cancelled
B0034,976,payment.failed|dispute.opened
B0034,640,payment.authorized|dispute.opened
B0034,641,payment.authorized|payment.captured|payment.failed|refund.created|refund.settled|payout.paid|dispute.opened|dispute.won|dispute.lost|subscription.renewed|subscription.cancelled
B0035,635,payment.authorized|payment.captured|payment.failed|refund.created|refund.settled|payout.paid|dispute.opened|dispute.won|dispute.lost|subscription.renewed|subscription.cancelled
B0035,977,payment.failed|dispute.opened
B0035,640,payment.authorized|dispute.opened
B0035,641,payment.authorized|payment.captured|payment.failed|refund.created|refund.settled|payout.paid|dispute.opened|dispute.won|dispute.lost|subscription.renewed|subscription.cancelled
B0036,636,payment.authorized|payment.captured|payment.failed|refund.created|refund.settled|payout.paid|dispute.opened|dispute.won|dispute.lost|subscription.renewed|subscription.cancelled
B0036,978,payment.failed|dispute.opened
B0036,640,payment.authorized|dispute.opened
B0036,641,payment.authorized|payment.captured|payment.failed|refund.created|refund.settled|payout.paid|dispute.opened|dispute.won|dispute.lost|subscription.renewed|subscription.cancelled
B0037,637,payment.authorized|payment.captured|payment.failed|refund.created|refund.settled|payout.paid|dispute.opened|dispute.won|dispute.lost|subscription.renewed|subscription.cancelled
B0037,979,payment.failed|dispute.opened
B0037,640,payment.authorized|dispute.opened
B0037,641,payment.authorized|payment.captured|payment.failed|refund.created|refund.settled|payout.paid|dispute.opened|dispute.won|dispute.lost|subscription.renewed|subscription.cancelled
B0038,638,payment.authorized|payment.captured|payment.failed|refund.created|refund.settled|payout.paid|dispute.opened|dispute.won|dispute.lost|subscription.renewed|subscription.cancelled
B0038,980,payment.failed|dispute.opened
B0038,640,payment.authorized|dispute.opened
B0038,641,payment.authorized|payment.captured|payment.failed|refund.created|refund.settled|payout.paid|dispute.opened|dispute.won|dispute.lost|subscription.renewed|subscription.cancelled
B0039,639,payment.authorized|payment.captured|payment.failed|refund.created|refund.settled|payout.paid|dispute.opened|dispute.won|dispute.lost|subscription.renewed|subscription.cancelled
B0039,981,payment.failed|dispute.opened
B0039,640,payment.authorized|dispute.opened
B0039,641,payment.authorized|payment.captured|payment.failed|refund.created|refund.settled|payout.paid|dispute.opened|dispute.won|dispute.lost|subscription.renewed|subscription.cancelled
E0000,642,payment.authorized|payment.captured|payment.failed|refund.created|refund.settled|payout.paid|dispute.opened|dispute.won|dispute.lost|subscription.renewed|subscription.cancelled
E0000,641,payment.authorized|payment.captured|payment.failed|refund.created|refund.settled|payout.paid|dispute.opened|dispute.won|dispute.lost|subscription.renewed|subscription.cancelled
E0001,643,payment.authorized|payment.captured|payment.failed|refund.created|refund.settled|payout.paid|dispute.opened|dispute.won|dispute.lost|subscription.renewed|subscription.cancelled
E0001,640,payment.authorized|dispute.opened
E0001,641,payment.authorized|payment.captured|payment.failed|refund.created|refund.settled|payout.paid|dispute.opened|dispute.won|dispute.lost|subscription.renewed|subscription.cancelled
E0002,644,payment.authorized|payment.captured|payment.failed|refund.created|refund.settled|payout.paid|dispute.opened|dispute.won|dispute.lost|subscription.renewed|subscription.cancelled
E0002,640,payment.authorized|dispute.opened
E0002,641,payment.authorized|payment.captured|payment.failed|refund.created|refund.settled|payout.paid|dispute.opened|dispute.won|dispute.lost|subscription.renewed|subscription.cancelled
E0003,645,payment.authorized|payment.captured|payment.failed|refund.created|refund.settled|payout.paid|dispute.opened|dispute.won|dispute.lost|subscription.renewed|subscription.cancelled
E0003,640,payment.authorized|dispute.opened
E0003,641,payment.authorized|payment.captured|payment.failed|refund.created|refund.settled|payout.paid|dispute.opened|dispute.won|dispute.lost|subscription.renewed|subscription.cancelled
E0004,646,payment.authorized|payment.captured|payment.failed|refund.created|refund.settled|payout.paid|dispute.opened|dispute.won|dispute.lost|subscription.renewed|subscription.cancelled
E0004,640,payment.authorized|dispute.opened
E0004,641,payment.authorized|payment.captured|payment.failed|refund.created|refund.settled|payout.paid|dispute.opened|dispute.won|dispute.lost|subscription.renewed|subscription.cancelled
E0005,647,payment.authorized|payment.captured|payment.failed|refund.created|refund.settled|payout.paid|dispute.opened|dispute.won|dispute.lost|subscription.renewed|subscription.cancelled
E0005,641,payment.authorized|payment.captured|payment.failed|refund.created|refund.settled|payout.paid|dispute.opened|dispute.won|dispute.lost|subscription.renewed|subscription.cancelled
E0006,648,payment.authorized|payment.captured|payment.failed|refund.created|refund.settled|payout.paid|dispute.opened|dispute.won|dispute.lost|subscription.renewed|subscription.cancelled
E0006,641,payment.authorized|payment.captured|payment.failed|refund.created|refund.settled|payout.paid|dispute.opened|dispute.won|dispute.lost|subscription.renewed|subscription.cancelled
E0007,649,payment.authorized|payment.captured|payment.failed|refund.created|refund.settled|payout.paid|dispute.opened|dispute.won|dispute.lost|subscription.renewed|subscription.cancelled
E0007,640,payment.authorized|dispute.opened
E0007,641,payment.authorized|payment.captured|payment.failed|refund.created|refund.settled|payout.paid|dispute.opened|dispute.won|dispute.lost|subscription.renewed|subscription.cancelled
E0008,650,payment.authorized|payment.captured|payment.failed|refund.created|refund.settled|payout.paid|dispute.opened|dispute.won|dispute.lost|subscription.renewed|subscription.cancelled
E0008,640,payment.authorized|dispute.opened
E0008,641,payment.authorized|payment.captured|payment.failed|refund.created|refund.settled|payout.paid|dispute.opened|dispute.won|dispute.lost|subscription.renewed|subscription.cancelled
E0009,651,payment.authorized|payment.captured|payment.failed|refund.created|refund.settled|payout.paid|dispute.opened|dispute.won|dispute.lost|subscription.renewed|subscription.cancelled
E0009,640,payment.authorized|dispute.opened
E0009,641,payment.authorized|payment.captured|payment.failed|refund.created|refund.settled|payout.paid|dispute.opened|dispute.won|dispute.lost|subscription.renewed|subscription.cancelled
E0010,652,payment.authorized|payment.captured|payment.failed|refund.created|refund.settled|payout.paid|dispute.opened|dispute.won|dispute.lost|subscription.renewed|subscription.cancelled
E0010,641,payment.authorized|payment.captured|payment.failed|refund.created|refund.settled|payout.paid|dispute.opened|dispute.won|dispute.lost|subscription.renewed|subscription.cancelled
E0011,653,payment.authorized|payment.captured|payment.failed|refund.created|refund.settled|payout.paid|dispute.opened|dispute.won|dispute.lost|subscription.renewed|subscription.cancelled
E0011,640,payment.authorized|dispute.opened
E0011,641,payment.authorized|payment.captured|payment.failed|refund.created|refund.settled|payout.paid|dispute.opened|dispute.won|dispute.lost|subscription.renewed|subscription.cancelled
E0012,654,payment.authorized|payment.captured|payment.failed|refund.created|refund.settled|payout.paid|dispute.opened|dispute.won|dispute.lost|subscription.renewed|subscription.cancelled
E0012,640,payment.authorized|dispute.opened
E0012,641,payment.authorized|payment.captured|payment.failed|refund.created|refund.settled|payout.paid|dispute.opened|dispute.won|dispute.lost|subscription.renewed|subscription.cancelled
E0013,655,payment.authorized|payment.captured|payment.failed|refund.created|refund.settled|payout.paid|dispute.opened|dispute.won|dispute.lost|subscription.renewed|subscription.cancelled
E0013,641,payment.authorized|payment.captured|payment.failed|refund.created|refund.settled|payout.paid|dispute.opened|dispute.won|dispute.lost|subscription.renewed|subscription.cancelled
E0014,656,payment.authorized|payment.captured|payment.failed|refund.created|refund.settled|payout.paid|dispute.opened|dispute.won|dispute.lost|subscription.renewed|subscription.cancelled
E0014,641,payment.authorized|payment.captured|payment.failed|refund.created|refund.settled|payout.paid|dispute.opened|dispute.won|dispute.lost|subscription.renewed|subscription.cancelled
E0015,657,payment.authorized|payment.captured|payment.failed|refund.created|refund.settled|payout.paid|dispute.opened|dispute.won|dispute.lost|subscription.renewed|subscription.cancelled
E0015,640,payment.authorized|dispute.opened
E0015,641,payment.authorized|payment.captured|payment.failed|refund.created|refund.settled|payout.paid|dispute.opened|dispute.won|dispute.lost|subscription.renewed|subscription.cancelled
E0016,658,payment.authorized|payment.captured|payment.failed|refund.created|refund.settled|payout.paid|dispute.opened|dispute.won|dispute.lost|subscription.renewed|subscription.cancelled
E0016,641,payment.authorized|payment.captured|payment.failed|refund.created|refund.settled|payout.paid|dispute.opened|dispute.won|dispute.lost|subscription.renewed|subscription.cancelled
E0017,659,payment.authorized|payment.captured|payment.failed|refund.created|refund.settled|payout.paid|dispute.opened|dispute.won|dispute.lost|subscription.renewed|subscription.cancelled
E0017,640,payment.authorized|dispute.opened
E0017,641,payment.authorized|payment.captured|payment.failed|refund.created|refund.settled|payout.paid|dispute.opened|dispute.won|dispute.lost|subscription.renewed|subscription.cancelled
E0018,660,payment.authorized|payment.captured|payment.failed|refund.created|refund.settled|payout.paid|dispute.opened|dispute.won|dispute.lost|subscription.renewed|subscription.cancelled
E0018,640,payment.authorized|dispute.opened
E0018,641,payment.authorized|payment.captured|payment.failed|refund.created|refund.settled|payout.paid|dispute.opened|dispute.won|dispute.lost|subscription.renewed|subscription.cancelled
E0019,661,payment.authorized|payment.captured|payment.failed|refund.created|refund.settled|payout.paid|dispute.opened|dispute.won|dispute.lost|subscription.renewed|subscription.cancelled
E0019,640,payment.authorized|dispute.opened
E0019,641,payment.authorized|payment.captured|payment.failed|refund.created|refund.settled|payout.paid|dispute.opened|dispute.won|dispute.lost|subscription.renewed|subscription.cancelled
E0020,662,payment.authorized|payment.captured|payment.failed|refund.created|refund.settled|payout.paid|dispute.opened|dispute.won|dispute.lost|subscription.renewed|subscription.cancelled
E0020,641,payment.authorized|payment.captured|payment.failed|refund.created|refund.settled|payout.paid|dispute.opened|dispute.won|dispute.lost|subscription.renewed|subscription.cancelled
E0021,663,payment.authorized|payment.captured|payment.failed|refund.created|refund.settled|payout.paid|dispute.opened|dispute.won|dispute.lost|subscription.renewed|subscription.cancelled
E0021,641,payment.authorized|payment.captured|payment.failed|refund.created|refund.settled|payout.paid|dispute.opened|dispute.won|dispute.lost|subscription.renewed|subscription.cancelled
E0022,664,payment.authorized|payment.captured|payment.failed|refund.created|refund.settled|payout.paid|dispute.opened|dispute.won|dispute.lost|subscription.renewed|subscription.cancelled
E0022,640,payment.authorized|dispute.opened
E0022,641,payment.authorized|payment.captured|payment.failed|refund.created|refund.settled|payout.paid|dispute.opened|dispute.won|dispute.lost|subscription.renewed|subscription.cancelled
E0023,665,payment.authorized|payment.captured|payment.failed|refund.created|refund.settled|payout.paid|dispute.opened|dispute.won|dispute.lost|subscription.renewed|subscription.cancelled
E0023,641,payment.authorized|payment.captured|payment.failed|refund.created|refund.settled|payout.paid|dispute.opened|dispute.won|dispute.lost|subscription.renewed|subscription.cancelled
E0024,666,payment.authorized|payment.captured|payment.failed|refund.created|refund.settled|payout.paid|dispute.opened|dispute.won|dispute.lost|subscription.renewed|subscription.cancelled
E0024,641,payment.authorized|payment.captured|payment.failed|refund.created|refund.settled|payout.paid|dispute.opened|dispute.won|dispute.lost|subscription.renewed|subscription.cancelled
E0025,667,payment.authorized|payment.captured|payment.failed|refund.created|refund.settled|payout.paid|dispute.opened|dispute.won|dispute.lost|subscription.renewed|subscription.cancelled
E0025,641,payment.authorized|payment.captured|payment.failed|refund.created|refund.settled|payout.paid|dispute.opened|dispute.won|dispute.lost|subscription.renewed|subscription.cancelled
E0026,668,payment.authorized|payment.captured|payment.failed|refund.created|refund.settled|payout.paid|dispute.opened|dispute.won|dispute.lost|subscription.renewed|subscription.cancelled
E0026,641,payment.authorized|payment.captured|payment.failed|refund.created|refund.settled|payout.paid|dispute.opened|dispute.won|dispute.lost|subscription.renewed|subscription.cancelled
E0027,669,payment.authorized|payment.captured|payment.failed|refund.created|refund.settled|payout.paid|dispute.opened|dispute.won|dispute.lost|subscription.renewed|subscription.cancelled
E0027,641,payment.authorized|payment.captured|payment.failed|refund.created|refund.settled|payout.paid|dispute.opened|dispute.won|dispute.lost|subscription.renewed|subscription.cancelled
E0028,670,payment.authorized|payment.captured|payment.failed|refund.created|refund.settled|payout.paid|dispute.opened|dispute.won|dispute.lost|subscription.renewed|subscription.cancelled
E0028,640,payment.authorized|dispute.opened
E0028,641,payment.authorized|payment.captured|payment.failed|refund.created|refund.settled|payout.paid|dispute.opened|dispute.won|dispute.lost|subscription.renewed|subscription.cancelled
E0029,671,payment.authorized|payment.captured|payment.failed|refund.created|refund.settled|payout.paid|dispute.opened|dispute.won|dispute.lost|subscription.renewed|subscription.cancelled
E0029,641,payment.authorized|payment.captured|payment.failed|refund.created|refund.settled|payout.paid|dispute.opened|dispute.won|dispute.lost|subscription.renewed|subscription.cancelled
E0030,672,payment.authorized|payment.captured|payment.failed|refund.created|refund.settled|payout.paid|dispute.opened|dispute.won|dispute.lost|subscription.renewed|subscription.cancelled
E0030,640,payment.authorized|dispute.opened
E0030,641,payment.authorized|payment.captured|payment.failed|refund.created|refund.settled|payout.paid|dispute.opened|dispute.won|dispute.lost|subscription.renewed|subscription.cancelled
E0031,673,payment.authorized|payment.captured|payment.failed|refund.created|refund.settled|payout.paid|dispute.opened|dispute.won|dispute.lost|subscription.renewed|subscription.cancelled
E0031,640,payment.authorized|dispute.opened
E0031,641,payment.authorized|payment.captured|payment.failed|refund.created|refund.settled|payout.paid|dispute.opened|dispute.won|dispute.lost|subscription.renewed|subscription.cancelled
E0032,674,payment.authorized|payment.captured|payment.failed|refund.created|refund.settled|payout.paid|dispute.opened|dispute.won|dispute.lost|subscription.renewed|subscription.cancelled
E0032,640,payment.authorized|dispute.opened
E0032,641,payment.authorized|payment.captured|payment.failed|refund.created|refund.settled|payout.paid|dispute.opened|dispute.won|dispute.lost|subscription.renewed|subscription.cancelled
E0033,675,payment.authorized|payment.captured|payment.failed|refund.created|refund.settled|payout.paid|dispute.opened|dispute.won|dispute.lost|subscription.renewed|subscription.cancelled
E0033,641,payment.authorized|payment.captured|payment.failed|refund.created|refund.settled|payout.paid|dispute.opened|dispute.won|dispute.lost|subscription.renewed|subscription.cancelled
E0034,676,payment.authorized|payment.captured|payment.failed|refund.created|refund.settled|payout.paid|dispute.opened|dispute.won|dispute.lost|subscription.renewed|subscription.cancelled
E0034,640,payment.authorized|dispute.opened
E0034,641,payment.authorized|payment.captured|payment.failed|refund.created|refund.settled|payout.paid|dispute.opened|dispute.won|dispute.lost|subscription.renewed|subscription.cancelled
E0035,677,payment.authorized|payment.captured|payment.failed|refund.created|refund.settled|payout.paid|dispute.opened|dispute.won|dispute.lost|subscription.renewed|subscription.cancelled
E0035,641,payment.authorized|payment.captured|payment.failed|refund.created|refund.settled|payout.paid|dispute.opened|dispute.won|dispute.lost|subscription.renewed|subscription.cancelled
E0036,678,payment.authorized|payment.captured|payment.failed|refund.created|refund.settled|payout.paid|dispute.opened|dispute.won|dispute.lost|subscription.renewed|subscription.cancelled
E0036,640,payment.authorized|dispute.opened
E0036,641,payment.authorized|payment.captured|payment.failed|refund.created|refund.settled|payout.paid|dispute.opened|dispute.won|dispute.lost|subscription.renewed|subscription.cancelled
E0037,679,payment.authorized|payment.captured|payment.failed|refund.created|refund.settled|payout.paid|dispute.opened|dispute.won|dispute.lost|subscription.renewed|subscription.cancelled
E0037,640,payment.authorized|dispute.opened
E0037,641,payment.authorized|payment.captured|payment.failed|refund.created|refund.settled|payout.paid|dispute.opened|dispute.won|dispute.lost|subscription.renewed|subscription.cancelled
E0038,680,payment.authorized|payment.captured|payment.failed|refund.created|refund.settled|payout.paid|dispute.opened|dispute.won|dispute.lost|subscription.renewed|subscription.cancelled
E0038,641,payment.authorized|payment.captured|payment.failed|refund.created|refund.settled|payout.paid|dispute.opened|dispute.won|dispute.lost|subscription.renewed|subscription.cancelled
E0039,681,payment.authorized|payment.captured|payment.failed|refund.created|refund.settled|payout.paid|dispute.opened|dispute.won|dispute.lost|subscription.renewed|subscription.cancelled
E0039,641,payment.authorized|payment.captured|payment.failed|refund.created|refund.settled|payout.paid|dispute.opened|dispute.won|dispute.lost|subscription.renewed|subscription.cancelled
E0040,682,payment.authorized|payment.captured|payment.failed|refund.created|refund.settled|payout.paid|dispute.opened|dispute.won|dispute.lost|subscription.renewed|subscription.cancelled
E0040,640,payment.authorized|dispute.opened
E0040,641,payment.authorized|payment.captured|payment.failed|refund.created|refund.settled|payout.paid|dispute.opened|dispute.won|dispute.lost|subscription.renewed|subscription.cancelled
E0041,683,payment.authorized|payment.captured|payment.failed|refund.created|refund.settled|payout.paid|dispute.opened|dispute.won|dispute.lost|subscription.renewed|subscription.cancelled
E0041,640,payment.authorized|dispute.opened
E0041,641,payment.authorized|payment.captured|payment.failed|refund.created|refund.settled|payout.paid|dispute.opened|dispute.won|dispute.lost|subscription.renewed|subscription.cancelled
E0042,684,payment.authorized|payment.captured|payment.failed|refund.created|refund.settled|payout.paid|dispute.opened|dispute.won|dispute.lost|subscription.renewed|subscription.cancelled
E0042,640,payment.authorized|dispute.opened
E0042,641,payment.authorized|payment.captured|payment.failed|refund.created|refund.settled|payout.paid|dispute.opened|dispute.won|dispute.lost|subscription.renewed|subscription.cancelled
E0043,685,payment.authorized|payment.captured|payment.failed|refund.created|refund.settled|payout.paid|dispute.opened|dispute.won|dispute.lost|subscription.renewed|subscription.cancelled
E0043,641,payment.authorized|payment.captured|payment.failed|refund.created|refund.settled|payout.paid|dispute.opened|dispute.won|dispute.lost|subscription.renewed|subscription.cancelled
E0044,686,payment.authorized|payment.captured|payment.failed|refund.created|refund.settled|payout.paid|dispute.opened|dispute.won|dispute.lost|subscription.renewed|subscription.cancelled
E0044,640,payment.authorized|dispute.opened
E0044,641,payment.authorized|payment.captured|payment.failed|refund.created|refund.settled|payout.paid|dispute.opened|dispute.won|dispute.lost|subscription.renewed|subscription.cancelled
E0045,687,payment.authorized|payment.captured|payment.failed|refund.created|refund.settled|payout.paid|dispute.opened|dispute.won|dispute.lost|subscription.renewed|subscription.cancelled
E0045,641,payment.authorized|payment.captured|payment.failed|refund.created|refund.settled|payout.paid|dispute.opened|dispute.won|dispute.lost|subscription.renewed|subscription.cancelled
E0046,688,payment.authorized|payment.captured|payment.failed|refund.created|refund.settled|payout.paid|dispute.opened|dispute.won|dispute.lost|subscription.renewed|subscription.cancelled
E0046,640,payment.authorized|dispute.opened
E0046,641,payment.authorized|payment.captured|payment.failed|refund.created|refund.settled|payout.paid|dispute.opened|dispute.won|dispute.lost|subscription.renewed|subscription.cancelled
E0047,689,payment.authorized|payment.captured|payment.failed|refund.created|refund.settled|payout.paid|dispute.opened|dispute.won|dispute.lost|subscription.renewed|subscription.cancelled
E0047,640,payment.authorized|dispute.opened
E0047,641,payment.authorized|payment.captured|payment.failed|refund.created|refund.settled|payout.paid|dispute.opened|dispute.won|dispute.lost|subscription.renewed|subscription.cancelled
E0048,690,payment.authorized|payment.captured|payment.failed|refund.created|refund.settled|payout.paid|dispute.opened|dispute.won|dispute.lost|subscription.renewed|subscription.cancelled
E0048,640,payment.authorized|dispute.opened
E0048,641,payment.authorized|payment.captured|payment.failed|refund.created|refund.settled|payout.paid|dispute.opened|dispute.won|dispute.lost|subscription.renewed|subscription.cancelled
E0049,691,payment.authorized|payment.captured|payment.failed|refund.created|refund.settled|payout.paid|dispute.opened|dispute.won|dispute.lost|subscription.renewed|subscription.cancelled
E0049,640,payment.authorized|dispute.opened
E0049,641,payment.authorized|payment.captured|payment.failed|refund.created|refund.settled|payout.paid|dispute.opened|dispute.won|dispute.lost|subscription.renewed|subscription.cancelled
E0050,692,payment.authorized|payment.captured|payment.failed|refund.created|refund.settled|payout.paid|dispute.opened|dispute.won|dispute.lost|subscription.renewed|subscription.cancelled
E0050,640,payment.authorized|dispute.opened
E0050,641,payment.authorized|payment.captured|payment.failed|refund.created|refund.settled|payout.paid|dispute.opened|dispute.won|dispute.lost|subscription.renewed|subscription.cancelled
E0051,693,payment.authorized|payment.captured|payment.failed|refund.created|refund.settled|payout.paid|dispute.opened|dispute.won|dispute.lost|subscription.renewed|subscription.cancelled
E0051,641,payment.authorized|payment.captured|payment.failed|refund.created|refund.settled|payout.paid|dispute.opened|dispute.won|dispute.lost|subscription.renewed|subscription.cancelled
E0052,694,payment.authorized|payment.captured|payment.failed|refund.created|refund.settled|payout.paid|dispute.opened|dispute.won|dispute.lost|subscription.renewed|subscription.cancelled
E0052,640,payment.authorized|dispute.opened
E0052,641,payment.authorized|payment.captured|payment.failed|refund.created|refund.settled|payout.paid|dispute.opened|dispute.won|dispute.lost|subscription.renewed|subscription.cancelled
E0053,695,payment.authorized|payment.captured|payment.failed|refund.created|refund.settled|payout.paid|dispute.opened|dispute.won|dispute.lost|subscription.renewed|subscription.cancelled
E0053,640,payment.authorized|dispute.opened
E0053,641,payment.authorized|payment.captured|payment.failed|refund.created|refund.settled|payout.paid|dispute.opened|dispute.won|dispute.lost|subscription.renewed|subscription.cancelled
E0054,696,payment.authorized|payment.captured|payment.failed|refund.created|refund.settled|payout.paid|dispute.opened|dispute.won|dispute.lost|subscription.renewed|subscription.cancelled
E0054,640,payment.authorized|dispute.opened
E0054,641,payment.authorized|payment.captured|payment.failed|refund.created|refund.settled|payout.paid|dispute.opened|dispute.won|dispute.lost|subscription.renewed|subscription.cancelled
E0055,697,payment.authorized|payment.captured|payment.failed|refund.created|refund.settled|payout.paid|dispute.opened|dispute.won|dispute.lost|subscription.renewed|subscription.cancelled
E0055,641,payment.authorized|payment.captured|payment.failed|refund.created|refund.settled|payout.paid|dispute.opened|dispute.won|dispute.lost|subscription.renewed|subscription.cancelled
E0056,698,payment.authorized|payment.captured|payment.failed|refund.created|refund.settled|payout.paid|dispute.opened|dispute.won|dispute.lost|subscription.renewed|subscription.cancelled
E0056,641,payment.authorized|payment.captured|payment.failed|refund.created|refund.settled|payout.paid|dispute.opened|dispute.won|dispute.lost|subscription.renewed|subscription.cancelled
E0057,699,payment.authorized|payment.captured|payment.failed|refund.created|refund.settled|payout.paid|dispute.opened|dispute.won|dispute.lost|subscription.renewed|subscription.cancelled
E0057,641,payment.authorized|payment.captured|payment.failed|refund.created|refund.settled|payout.paid|dispute.opened|dispute.won|dispute.lost|subscription.renewed|subscription.cancelled
E0058,700,payment.authorized|payment.captured|payment.failed|refund.created|refund.settled|payout.paid|dispute.opened|dispute.won|dispute.lost|subscription.renewed|subscription.cancelled
E0058,640,payment.authorized|dispute.opened
E0058,641,payment.authorized|payment.captured|payment.failed|refund.created|refund.settled|payout.paid|dispute.opened|dispute.won|dispute.lost|subscription.renewed|subscription.cancelled
E0059,701,payment.authorized|payment.captured|payment.failed|refund.created|refund.settled|payout.paid|dispute.opened|dispute.won|dispute.lost|subscription.renewed|subscription.cancelled
E0059,641,payment.authorized|payment.captured|payment.failed|refund.created|refund.settled|payout.paid|dispute.opened|dispute.won|dispute.lost|subscription.renewed|subscription.cancelled
E0060,702,payment.authorized|payment.captured|payment.failed|refund.created|refund.settled|payout.paid|dispute.opened|dispute.won|dispute.lost|subscription.renewed|subscription.cancelled
E0060,641,payment.authorized|payment.captured|payment.failed|refund.created|refund.settled|payout.paid|dispute.opened|dispute.won|dispute.lost|subscription.renewed|subscription.cancelled
E0061,703,payment.authorized|payment.captured|payment.failed|refund.created|refund.settled|payout.paid|dispute.opened|dispute.won|dispute.lost|subscription.renewed|subscription.cancelled
E0061,641,payment.authorized|payment.captured|payment.failed|refund.created|refund.settled|payout.paid|dispute.opened|dispute.won|dispute.lost|subscription.renewed|subscription.cancelled
E0062,704,payment.authorized|payment.captured|payment.failed|refund.created|refund.settled|payout.paid|dispute.opened|dispute.won|dispute.lost|subscription.renewed|subscription.cancelled
E0062,640,payment.authorized|dispute.opened
E0062,641,payment.authorized|payment.captured|payment.failed|refund.created|refund.settled|payout.paid|dispute.opened|dispute.won|dispute.lost|subscription.renewed|subscription.cancelled
E0063,705,payment.authorized|payment.captured|payment.failed|refund.created|refund.settled|payout.paid|dispute.opened|dispute.won|dispute.lost|subscription.renewed|subscription.cancelled
E0063,641,payment.authorized|payment.captured|payment.failed|refund.created|refund.settled|payout.paid|dispute.opened|dispute.won|dispute.lost|subscription.renewed|subscription.cancelled
E0064,706,payment.authorized|payment.captured|payment.failed|refund.created|refund.settled|payout.paid|dispute.opened|dispute.won|dispute.lost|subscription.renewed|subscription.cancelled
E0064,640,payment.authorized|dispute.opened
E0064,641,payment.authorized|payment.captured|payment.failed|refund.created|refund.settled|payout.paid|dispute.opened|dispute.won|dispute.lost|subscription.renewed|subscription.cancelled
E0065,707,payment.authorized|payment.captured|payment.failed|refund.created|refund.settled|payout.paid|dispute.opened|dispute.won|dispute.lost|subscription.renewed|subscription.cancelled
E0065,640,payment.authorized|dispute.opened
E0065,641,payment.authorized|payment.captured|payment.failed|refund.created|refund.settled|payout.paid|dispute.opened|dispute.won|dispute.lost|subscription.renewed|subscription.cancelled
E0066,708,payment.authorized|payment.captured|payment.failed|refund.created|refund.settled|payout.paid|dispute.opened|dispute.won|dispute.lost|subscription.renewed|subscription.cancelled
E0066,640,payment.authorized|dispute.opened
E0066,641,payment.authorized|payment.captured|payment.failed|refund.created|refund.settled|payout.paid|dispute.opened|dispute.won|dispute.lost|subscription.renewed|subscription.cancelled
E0067,709,payment.authorized|payment.captured|payment.failed|refund.created|refund.settled|payout.paid|dispute.opened|dispute.won|dispute.lost|subscription.renewed|subscription.cancelled
E0067,640,payment.authorized|dispute.opened
E0067,641,payment.authorized|payment.captured|payment.failed|refund.created|refund.settled|payout.paid|dispute.opened|dispute.won|dispute.lost|subscription.renewed|subscription.cancelled
E0068,710,payment.authorized|payment.captured|payment.failed|refund.created|refund.settled|payout.paid|dispute.opened|dispute.won|dispute.lost|subscription.renewed|subscription.cancelled
E0068,641,payment.authorized|payment.captured|payment.failed|refund.created|refund.settled|payout.paid|dispute.opened|dispute.won|dispute.lost|subscription.renewed|subscription.cancelled
E0069,711,payment.authorized|payment.captured|payment.failed|refund.created|refund.settled|payout.paid|dispute.opened|dispute.won|dispute.lost|subscription.renewed|subscription.cancelled
E0069,640,payment.authorized|dispute.opened
E0069,641,payment.authorized|payment.captured|payment.failed|refund.created|refund.settled|payout.paid|dispute.opened|dispute.won|dispute.lost|subscription.renewed|subscription.cancelled
E0070,712,payment.authorized|payment.captured|payment.failed|refund.created|refund.settled|payout.paid|dispute.opened|dispute.won|dispute.lost|subscription.renewed|subscription.cancelled
E0070,640,payment.authorized|dispute.opened
E0070,641,payment.authorized|payment.captured|payment.failed|refund.created|refund.settled|payout.paid|dispute.opened|dispute.won|dispute.lost|subscription.renewed|subscription.cancelled
E0071,713,payment.authorized|payment.captured|payment.failed|refund.created|refund.settled|payout.paid|dispute.opened|dispute.won|dispute.lost|subscription.renewed|subscription.cancelled
E0071,640,payment.authorized|dispute.opened
E0071,641,payment.authorized|payment.captured|payment.failed|refund.created|refund.settled|payout.paid|dispute.opened|dispute.won|dispute.lost|subscription.renewed|subscription.cancelled
E0072,714,payment.authorized|payment.captured|payment.failed|refund.created|refund.settled|payout.paid|dispute.opened|dispute.won|dispute.lost|subscription.renewed|subscription.cancelled
E0072,641,payment.authorized|payment.captured|payment.failed|refund.created|refund.settled|payout.paid|dispute.opened|dispute.won|dispute.lost|subscription.renewed|subscription.cancelled
E0073,715,payment.authorized|payment.captured|payment.failed|refund.created|refund.settled|payout.paid|dispute.opened|dispute.won|dispute.lost|subscription.renewed|subscription.cancelled
E0073,641,payment.authorized|payment.captured|payment.failed|refund.created|refund.settled|payout.paid|dispute.opened|dispute.won|dispute.lost|subscription.renewed|subscription.cancelled
E0074,716,payment.authorized|payment.captured|payment.failed|refund.created|refund.settled|payout.paid|dispute.opened|dispute.won|dispute.lost|subscription.renewed|subscription.cancelled
E0074,640,payment.authorized|dispute.opened
E0074,641,payment.authorized|payment.captured|payment.failed|refund.created|refund.settled|payout.paid|dispute.opened|dispute.won|dispute.lost|subscription.renewed|subscription.cancelled
E0075,717,payment.authorized|payment.captured|payment.failed|refund.created|refund.settled|payout.paid|dispute.opened|dispute.won|dispute.lost|subscription.renewed|subscription.cancelled
E0075,641,payment.authorized|payment.captured|payment.failed|refund.created|refund.settled|payout.paid|dispute.opened|dispute.won|dispute.lost|subscription.renewed|subscription.cancelled
E0076,718,payment.authorized|payment.captured|payment.failed|refund.created|refund.settled|payout.paid|dispute.opened|dispute.won|dispute.lost|subscription.renewed|subscription.cancelled
E0076,641,payment.authorized|payment.captured|payment.failed|refund.created|refund.settled|payout.paid|dispute.opened|dispute.won|dispute.lost|subscription.renewed|subscription.cancelled
E0077,719,payment.authorized|payment.captured|payment.failed|refund.created|refund.settled|payout.paid|dispute.opened|dispute.won|dispute.lost|subscription.renewed|subscription.cancelled
E0077,641,payment.authorized|payment.captured|payment.failed|refund.created|refund.settled|payout.paid|dispute.opened|dispute.won|dispute.lost|subscription.renewed|subscription.cancelled
E0078,720,payment.authorized|payment.captured|payment.failed|refund.created|refund.settled|payout.paid|dispute.opened|dispute.won|dispute.lost|subscription.renewed|subscription.cancelled
E0078,641,payment.authorized|payment.captured|payment.failed|refund.created|refund.settled|payout.paid|dispute.opened|dispute.won|dispute.lost|subscription.renewed|subscription.cancelled
E0079,721,payment.authorized|payment.captured|payment.failed|refund.created|refund.settled|payout.paid|dispute.opened|dispute.won|dispute.lost|subscription.renewed|subscription.cancelled
E0079,641,payment.authorized|payment.captured|payment.failed|refund.created|refund.settled|payout.paid|dispute.opened|dispute.won|dispute.lost|subscription.renewed|subscription.cancelled
E0080,722,payment.authorized|payment.captured|payment.failed|refund.created|refund.settled|payout.paid|dispute.opened|dispute.won|dispute.lost|subscription.renewed|subscription.cancelled
E0080,640,payment.authorized|dispute.opened
E0080,641,payment.authorized|payment.captured|payment.failed|refund.created|refund.settled|payout.paid|dispute.opened|dispute.won|dispute.lost|subscription.renewed|subscription.cancelled
E0081,723,payment.authorized|payment.captured|payment.failed|refund.created|refund.settled|payout.paid|dispute.opened|dispute.won|dispute.lost|subscription.renewed|subscription.cancelled
E0081,641,payment.authorized|payment.captured|payment.failed|refund.created|refund.settled|payout.paid|dispute.opened|dispute.won|dispute.lost|subscription.renewed|subscription.cancelled
E0082,724,payment.authorized|payment.captured|payment.failed|refund.created|refund.settled|payout.paid|dispute.opened|dispute.won|dispute.lost|subscription.renewed|subscription.cancelled
E0082,641,payment.authorized|payment.captured|payment.failed|refund.created|refund.settled|payout.paid|dispute.opened|dispute.won|dispute.lost|subscription.renewed|subscription.cancelled
E0083,725,payment.authorized|payment.captured|payment.failed|refund.created|refund.settled|payout.paid|dispute.opened|dispute.won|dispute.lost|subscription.renewed|subscription.cancelled
E0083,641,payment.authorized|payment.captured|payment.failed|refund.created|refund.settled|payout.paid|dispute.opened|dispute.won|dispute.lost|subscription.renewed|subscription.cancelled
E0084,726,payment.authorized|payment.captured|payment.failed|refund.created|refund.settled|payout.paid|dispute.opened|dispute.won|dispute.lost|subscription.renewed|subscription.cancelled
E0084,641,payment.authorized|payment.captured|payment.failed|refund.created|refund.settled|payout.paid|dispute.opened|dispute.won|dispute.lost|subscription.renewed|subscription.cancelled
E0085,727,payment.authorized|payment.captured|payment.failed|refund.created|refund.settled|payout.paid|dispute.opened|dispute.won|dispute.lost|subscription.renewed|subscription.cancelled
E0085,641,payment.authorized|payment.captured|payment.failed|refund.created|refund.settled|payout.paid|dispute.opened|dispute.won|dispute.lost|subscription.renewed|subscription.cancelled
E0086,728,payment.authorized|payment.captured|payment.failed|refund.created|refund.settled|payout.paid|dispute.opened|dispute.won|dispute.lost|subscription.renewed|subscription.cancelled
E0086,640,payment.authorized|dispute.opened
E0086,641,payment.authorized|payment.captured|payment.failed|refund.created|refund.settled|payout.paid|dispute.opened|dispute.won|dispute.lost|subscription.renewed|subscription.cancelled
E0087,729,payment.authorized|payment.captured|payment.failed|refund.created|refund.settled|payout.paid|dispute.opened|dispute.won|dispute.lost|subscription.renewed|subscription.cancelled
E0087,641,payment.authorized|payment.captured|payment.failed|refund.created|refund.settled|payout.paid|dispute.opened|dispute.won|dispute.lost|subscription.renewed|subscription.cancelled
E0088,730,payment.authorized|payment.captured|payment.failed|refund.created|refund.settled|payout.paid|dispute.opened|dispute.won|dispute.lost|subscription.renewed|subscription.cancelled
E0088,641,payment.authorized|payment.captured|payment.failed|refund.created|refund.settled|payout.paid|dispute.opened|dispute.won|dispute.lost|subscription.renewed|subscription.cancelled
E0089,731,payment.authorized|payment.captured|payment.failed|refund.created|refund.settled|payout.paid|dispute.opened|dispute.won|dispute.lost|subscription.renewed|subscription.cancelled
E0089,641,payment.authorized|payment.captured|payment.failed|refund.created|refund.settled|payout.paid|dispute.opened|dispute.won|dispute.lost|subscription.renewed|subscription.cancelled
E0090,732,payment.authorized|payment.captured|payment.failed|refund.created|refund.settled|payout.paid|dispute.opened|dispute.won|dispute.lost|subscription.renewed|subscription.cancelled
E0090,640,payment.authorized|dispute.opened
E0090,641,payment.authorized|payment.captured|payment.failed|refund.created|refund.settled|payout.paid|dispute.opened|dispute.won|dispute.lost|subscription.renewed|subscription.cancelled
E0091,733,payment.authorized|payment.captured|payment.failed|refund.created|refund.settled|payout.paid|dispute.opened|dispute.won|dispute.lost|subscription.renewed|subscription.cancelled
E0091,641,payment.authorized|payment.captured|payment.failed|refund.created|refund.settled|payout.paid|dispute.opened|dispute.won|dispute.lost|subscription.renewed|subscription.cancelled
E0092,734,payment.authorized|payment.captured|payment.failed|refund.created|refund.settled|payout.paid|dispute.opened|dispute.won|dispute.lost|subscription.renewed|subscription.cancelled
E0092,640,payment.authorized|dispute.opened
E0092,641,payment.authorized|payment.captured|payment.failed|refund.created|refund.settled|payout.paid|dispute.opened|dispute.won|dispute.lost|subscription.renewed|subscription.cancelled
E0093,735,payment.authorized|payment.captured|payment.failed|refund.created|refund.settled|payout.paid|dispute.opened|dispute.won|dispute.lost|subscription.renewed|subscription.cancelled
E0093,641,payment.authorized|payment.captured|payment.failed|refund.created|refund.settled|payout.paid|dispute.opened|dispute.won|dispute.lost|subscription.renewed|subscription.cancelled
E0094,736,payment.authorized|payment.captured|payment.failed|refund.created|refund.settled|payout.paid|dispute.opened|dispute.won|dispute.lost|subscription.renewed|subscription.cancelled
E0094,641,payment.authorized|payment.captured|payment.failed|refund.created|refund.settled|payout.paid|dispute.opened|dispute.won|dispute.lost|subscription.renewed|subscription.cancelled
E0095,737,payment.authorized|payment.captured|payment.failed|refund.created|refund.settled|payout.paid|dispute.opened|dispute.won|dispute.lost|subscription.renewed|subscription.cancelled
E0095,640,payment.authorized|dispute.opened
E0095,641,payment.authorized|payment.captured|payment.failed|refund.created|refund.settled|payout.paid|dispute.opened|dispute.won|dispute.lost|subscription.renewed|subscription.cancelled
E0096,738,payment.authorized|payment.captured|payment.failed|refund.created|refund.settled|payout.paid|dispute.opened|dispute.won|dispute.lost|subscription.renewed|subscription.cancelled
E0096,640,payment.authorized|dispute.opened
E0096,641,payment.authorized|payment.captured|payment.failed|refund.created|refund.settled|payout.paid|dispute.opened|dispute.won|dispute.lost|subscription.renewed|subscription.cancelled
E0097,739,payment.authorized|payment.captured|payment.failed|refund.created|refund.settled|payout.paid|dispute.opened|dispute.won|dispute.lost|subscription.renewed|subscription.cancelled
E0097,640,payment.authorized|dispute.opened
E0097,641,payment.authorized|payment.captured|payment.failed|refund.created|refund.settled|payout.paid|dispute.opened|dispute.won|dispute.lost|subscription.renewed|subscription.cancelled
E0098,740,payment.authorized|payment.captured|payment.failed|refund.created|refund.settled|payout.paid|dispute.opened|dispute.won|dispute.lost|subscription.renewed|subscription.cancelled
E0098,641,payment.authorized|payment.captured|payment.failed|refund.created|refund.settled|payout.paid|dispute.opened|dispute.won|dispute.lost|subscription.renewed|subscription.cancelled
E0099,741,payment.authorized|payment.captured|payment.failed|refund.created|refund.settled|payout.paid|dispute.opened|dispute.won|dispute.lost|subscription.renewed|subscription.cancelled
E0099,641,payment.authorized|payment.captured|payment.failed|refund.created|refund.settled|payout.paid|dispute.opened|dispute.won|dispute.lost|subscription.renewed|subscription.cancelled
E0100,742,payment.authorized|payment.captured|payment.failed|refund.created|refund.settled|payout.paid|dispute.opened|dispute.won|dispute.lost|subscription.renewed|subscription.cancelled
E0100,640,payment.authorized|dispute.opened
E0100,641,payment.authorized|payment.captured|payment.failed|refund.created|refund.settled|payout.paid|dispute.opened|dispute.won|dispute.lost|subscription.renewed|subscription.cancelled
E0101,743,payment.authorized|payment.captured|payment.failed|refund.created|refund.settled|payout.paid|dispute.opened|dispute.won|dispute.lost|subscription.renewed|subscription.cancelled
E0101,641,payment.authorized|payment.captured|payment.failed|refund.created|refund.settled|payout.paid|dispute.opened|dispute.won|dispute.lost|subscription.renewed|subscription.cancelled
E0102,744,payment.authorized|payment.captured|payment.failed|refund.created|refund.settled|payout.paid|dispute.opened|dispute.won|dispute.lost|subscription.renewed|subscription.cancelled
E0102,640,payment.authorized|dispute.opened
E0102,641,payment.authorized|payment.captured|payment.failed|refund.created|refund.settled|payout.paid|dispute.opened|dispute.won|dispute.lost|subscription.renewed|subscription.cancelled
E0103,745,payment.authorized|payment.captured|payment.failed|refund.created|refund.settled|payout.paid|dispute.opened|dispute.won|dispute.lost|subscription.renewed|subscription.cancelled
E0103,640,payment.authorized|dispute.opened
E0103,641,payment.authorized|payment.captured|payment.failed|refund.created|refund.settled|payout.paid|dispute.opened|dispute.won|dispute.lost|subscription.renewed|subscription.cancelled
E0104,746,payment.authorized|payment.captured|payment.failed|refund.created|refund.settled|payout.paid|dispute.opened|dispute.won|dispute.lost|subscription.renewed|subscription.cancelled
E0104,641,payment.authorized|payment.captured|payment.failed|refund.created|refund.settled|payout.paid|dispute.opened|dispute.won|dispute.lost|subscription.renewed|subscription.cancelled
E0105,747,payment.authorized|payment.captured|payment.failed|refund.created|refund.settled|payout.paid|dispute.opened|dispute.won|dispute.lost|subscription.renewed|subscription.cancelled
E0105,641,payment.authorized|payment.captured|payment.failed|refund.created|refund.settled|payout.paid|dispute.opened|dispute.won|dispute.lost|subscription.renewed|subscription.cancelled
E0106,748,payment.authorized|payment.captured|payment.failed|refund.created|refund.settled|payout.paid|dispute.opened|dispute.won|dispute.lost|subscription.renewed|subscription.cancelled
E0106,641,payment.authorized|payment.captured|payment.failed|refund.created|refund.settled|payout.paid|dispute.opened|dispute.won|dispute.lost|subscription.renewed|subscription.cancelled
E0107,749,payment.authorized|payment.captured|payment.failed|refund.created|refund.settled|payout.paid|dispute.opened|dispute.won|dispute.lost|subscription.renewed|subscription.cancelled
E0107,640,payment.authorized|dispute.opened
E0107,641,payment.authorized|payment.captured|payment.failed|refund.created|refund.settled|payout.paid|dispute.opened|dispute.won|dispute.lost|subscription.renewed|subscription.cancelled
E0108,750,payment.authorized|payment.captured|payment.failed|refund.created|refund.settled|payout.paid|dispute.opened|dispute.won|dispute.lost|subscription.renewed|subscription.cancelled
E0108,640,payment.authorized|dispute.opened
E0108,641,payment.authorized|payment.captured|payment.failed|refund.created|refund.settled|payout.paid|dispute.opened|dispute.won|dispute.lost|subscription.renewed|subscription.cancelled
E0109,751,payment.authorized|payment.captured|payment.failed|refund.created|refund.settled|payout.paid|dispute.opened|dispute.won|dispute.lost|subscription.renewed|subscription.cancelled
E0109,641,payment.authorized|payment.captured|payment.failed|refund.created|refund.settled|payout.paid|dispute.opened|dispute.won|dispute.lost|subscription.renewed|subscription.cancelled
E0110,752,payment.authorized|payment.captured|payment.failed|refund.created|refund.settled|payout.paid|dispute.opened|dispute.won|dispute.lost|subscription.renewed|subscription.cancelled
E0110,640,payment.authorized|dispute.opened
E0110,641,payment.authorized|payment.captured|payment.failed|refund.created|refund.settled|payout.paid|dispute.opened|dispute.won|dispute.lost|subscription.renewed|subscription.cancelled
E0111,753,payment.authorized|payment.captured|payment.failed|refund.created|refund.settled|payout.paid|dispute.opened|dispute.won|dispute.lost|subscription.renewed|subscription.cancelled
E0111,641,payment.authorized|payment.captured|payment.failed|refund.created|refund.settled|payout.paid|dispute.opened|dispute.won|dispute.lost|subscription.renewed|subscription.cancelled
E0112,754,payment.authorized|payment.captured|payment.failed|refund.created|refund.settled|payout.paid|dispute.opened|dispute.won|dispute.lost|subscription.renewed|subscription.cancelled
E0112,641,payment.authorized|payment.captured|payment.failed|refund.created|refund.settled|payout.paid|dispute.opened|dispute.won|dispute.lost|subscription.renewed|subscription.cancelled
E0113,755,payment.authorized|payment.captured|payment.failed|refund.created|refund.settled|payout.paid|dispute.opened|dispute.won|dispute.lost|subscription.renewed|subscription.cancelled
E0113,640,payment.authorized|dispute.opened
E0113,641,payment.authorized|payment.captured|payment.failed|refund.created|refund.settled|payout.paid|dispute.opened|dispute.won|dispute.lost|subscription.renewed|subscription.cancelled
E0114,756,payment.authorized|payment.captured|payment.failed|refund.created|refund.settled|payout.paid|dispute.opened|dispute.won|dispute.lost|subscription.renewed|subscription.cancelled
E0114,641,payment.authorized|payment.captured|payment.failed|refund.created|refund.settled|payout.paid|dispute.opened|dispute.won|dispute.lost|subscription.renewed|subscription.cancelled
E0115,757,payment.authorized|payment.captured|payment.failed|refund.created|refund.settled|payout.paid|dispute.opened|dispute.won|dispute.lost|subscription.renewed|subscription.cancelled
E0115,641,payment.authorized|payment.captured|payment.failed|refund.created|refund.settled|payout.paid|dispute.opened|dispute.won|dispute.lost|subscription.renewed|subscription.cancelled
E0116,758,payment.authorized|payment.captured|payment.failed|refund.created|refund.settled|payout.paid|dispute.opened|dispute.won|dispute.lost|subscription.renewed|subscription.cancelled
E0116,640,payment.authorized|dispute.opened
E0116,641,payment.authorized|payment.captured|payment.failed|refund.created|refund.settled|payout.paid|dispute.opened|dispute.won|dispute.lost|subscription.renewed|subscription.cancelled
E0117,759,payment.authorized|payment.captured|payment.failed|refund.created|refund.settled|payout.paid|dispute.opened|dispute.won|dispute.lost|subscription.renewed|subscription.cancelled
E0117,640,payment.authorized|dispute.opened
E0117,641,payment.authorized|payment.captured|payment.failed|refund.created|refund.settled|payout.paid|dispute.opened|dispute.won|dispute.lost|subscription.renewed|subscription.cancelled
E0118,760,payment.authorized|payment.captured|payment.failed|refund.created|refund.settled|payout.paid|dispute.opened|dispute.won|dispute.lost|subscription.renewed|subscription.cancelled
E0118,640,payment.authorized|dispute.opened
E0118,641,payment.authorized|payment.captured|payment.failed|refund.created|refund.settled|payout.paid|dispute.opened|dispute.won|dispute.lost|subscription.renewed|subscription.cancelled
E0119,761,payment.authorized|payment.captured|payment.failed|refund.created|refund.settled|payout.paid|dispute.opened|dispute.won|dispute.lost|subscription.renewed|subscription.cancelled
E0119,641,payment.authorized|payment.captured|payment.failed|refund.created|refund.settled|payout.paid|dispute.opened|dispute.won|dispute.lost|subscription.renewed|subscription.cancelled
E0120,762,payment.authorized|payment.captured|payment.failed|refund.created|refund.settled|payout.paid|dispute.opened|dispute.won|dispute.lost|subscription.renewed|subscription.cancelled
E0120,640,payment.authorized|dispute.opened
E0120,641,payment.authorized|payment.captured|payment.failed|refund.created|refund.settled|payout.paid|dispute.opened|dispute.won|dispute.lost|subscription.renewed|subscription.cancelled
E0121,763,payment.authorized|payment.captured|payment.failed|refund.created|refund.settled|payout.paid|dispute.opened|dispute.won|dispute.lost|subscription.renewed|subscription.cancelled
E0121,641,payment.authorized|payment.captured|payment.failed|refund.created|refund.settled|payout.paid|dispute.opened|dispute.won|dispute.lost|subscription.renewed|subscription.cancelled
E0122,764,payment.authorized|payment.captured|payment.failed|refund.created|refund.settled|payout.paid|dispute.opened|dispute.won|dispute.lost|subscription.renewed|subscription.cancelled
E0122,641,payment.authorized|payment.captured|payment.failed|refund.created|refund.settled|payout.paid|dispute.opened|dispute.won|dispute.lost|subscription.renewed|subscription.cancelled
E0123,765,payment.authorized|payment.captured|payment.failed|refund.created|refund.settled|payout.paid|dispute.opened|dispute.won|dispute.lost|subscription.renewed|subscription.cancelled
E0123,641,payment.authorized|payment.captured|payment.failed|refund.created|refund.settled|payout.paid|dispute.opened|dispute.won|dispute.lost|subscription.renewed|subscription.cancelled
E0124,766,payment.authorized|payment.captured|payment.failed|refund.created|refund.settled|payout.paid|dispute.opened|dispute.won|dispute.lost|subscription.renewed|subscription.cancelled
E0124,641,payment.authorized|payment.captured|payment.failed|refund.created|refund.settled|payout.paid|dispute.opened|dispute.won|dispute.lost|subscription.renewed|subscription.cancelled
E0125,767,payment.authorized|payment.captured|payment.failed|refund.created|refund.settled|payout.paid|dispute.opened|dispute.won|dispute.lost|subscription.renewed|subscription.cancelled
E0125,641,payment.authorized|payment.captured|payment.failed|refund.created|refund.settled|payout.paid|dispute.opened|dispute.won|dispute.lost|subscription.renewed|subscription.cancelled
E0126,768,payment.authorized|payment.captured|payment.failed|refund.created|refund.settled|payout.paid|dispute.opened|dispute.won|dispute.lost|subscription.renewed|subscription.cancelled
E0126,641,payment.authorized|payment.captured|payment.failed|refund.created|refund.settled|payout.paid|dispute.opened|dispute.won|dispute.lost|subscription.renewed|subscription.cancelled
E0127,769,payment.authorized|payment.captured|payment.failed|refund.created|refund.settled|payout.paid|dispute.opened|dispute.won|dispute.lost|subscription.renewed|subscription.cancelled
E0127,640,payment.authorized|dispute.opened
E0127,641,payment.authorized|payment.captured|payment.failed|refund.created|refund.settled|payout.paid|dispute.opened|dispute.won|dispute.lost|subscription.renewed|subscription.cancelled
E0128,770,payment.authorized|payment.captured|payment.failed|refund.created|refund.settled|payout.paid|dispute.opened|dispute.won|dispute.lost|subscription.renewed|subscription.cancelled
E0128,640,payment.authorized|dispute.opened
E0128,641,payment.authorized|payment.captured|payment.failed|refund.created|refund.settled|payout.paid|dispute.opened|dispute.won|dispute.lost|subscription.renewed|subscription.cancelled
E0129,771,payment.authorized|payment.captured|payment.failed|refund.created|refund.settled|payout.paid|dispute.opened|dispute.won|dispute.lost|subscription.renewed|subscription.cancelled
E0129,640,payment.authorized|dispute.opened
E0129,641,payment.authorized|payment.captured|payment.failed|refund.created|refund.settled|payout.paid|dispute.opened|dispute.won|dispute.lost|subscription.renewed|subscription.cancelled
E0130,772,payment.authorized|payment.captured|payment.failed|refund.created|refund.settled|payout.paid|dispute.opened|dispute.won|dispute.lost|subscription.renewed|subscription.cancelled
E0130,641,payment.authorized|payment.captured|payment.failed|refund.created|refund.settled|payout.paid|dispute.opened|dispute.won|dispute.lost|subscription.renewed|subscription.cancelled
E0131,773,payment.authorized|payment.captured|payment.failed|refund.created|refund.settled|payout.paid|dispute.opened|dispute.won|dispute.lost|subscription.renewed|subscription.cancelled
E0131,640,payment.authorized|dispute.opened
E0131,641,payment.authorized|payment.captured|payment.failed|refund.created|refund.settled|payout.paid|dispute.opened|dispute.won|dispute.lost|subscription.renewed|subscription.cancelled
E0132,774,payment.authorized|payment.captured|payment.failed|refund.created|refund.settled|payout.paid|dispute.opened|dispute.won|dispute.lost|subscription.renewed|subscription.cancelled
E0132,641,payment.authorized|payment.captured|payment.failed|refund.created|refund.settled|payout.paid|dispute.opened|dispute.won|dispute.lost|subscription.renewed|subscription.cancelled
E0133,775,payment.authorized|payment.captured|payment.failed|refund.created|refund.settled|payout.paid|dispute.opened|dispute.won|dispute.lost|subscription.renewed|subscription.cancelled
E0133,641,payment.authorized|payment.captured|payment.failed|refund.created|refund.settled|payout.paid|dispute.opened|dispute.won|dispute.lost|subscription.renewed|subscription.cancelled
E0134,776,payment.authorized|payment.captured|payment.failed|refund.created|refund.settled|payout.paid|dispute.opened|dispute.won|dispute.lost|subscription.renewed|subscription.cancelled
E0134,641,payment.authorized|payment.captured|payment.failed|refund.created|refund.settled|payout.paid|dispute.opened|dispute.won|dispute.lost|subscription.renewed|subscription.cancelled
E0135,777,payment.authorized|payment.captured|payment.failed|refund.created|refund.settled|payout.paid|dispute.opened|dispute.won|dispute.lost|subscription.renewed|subscription.cancelled
E0135,640,payment.authorized|dispute.opened
E0135,641,payment.authorized|payment.captured|payment.failed|refund.created|refund.settled|payout.paid|dispute.opened|dispute.won|dispute.lost|subscription.renewed|subscription.cancelled
E0136,778,payment.authorized|payment.captured|payment.failed|refund.created|refund.settled|payout.paid|dispute.opened|dispute.won|dispute.lost|subscription.renewed|subscription.cancelled
E0136,641,payment.authorized|payment.captured|payment.failed|refund.created|refund.settled|payout.paid|dispute.opened|dispute.won|dispute.lost|subscription.renewed|subscription.cancelled
E0137,779,payment.authorized|payment.captured|payment.failed|refund.created|refund.settled|payout.paid|dispute.opened|dispute.won|dispute.lost|subscription.renewed|subscription.cancelled
E0137,641,payment.authorized|payment.captured|payment.failed|refund.created|refund.settled|payout.paid|dispute.opened|dispute.won|dispute.lost|subscription.renewed|subscription.cancelled
E0138,780,payment.authorized|payment.captured|payment.failed|refund.created|refund.settled|payout.paid|dispute.opened|dispute.won|dispute.lost|subscription.renewed|subscription.cancelled
E0138,641,payment.authorized|payment.captured|payment.failed|refund.created|refund.settled|payout.paid|dispute.opened|dispute.won|dispute.lost|subscription.renewed|subscription.cancelled
E0139,781,payment.authorized|payment.captured|payment.failed|refund.created|refund.settled|payout.paid|dispute.opened|dispute.won|dispute.lost|subscription.renewed|subscription.cancelled
E0139,641,payment.authorized|payment.captured|payment.failed|refund.created|refund.settled|payout.paid|dispute.opened|dispute.won|dispute.lost|subscription.renewed|subscription.cancelled
E0140,782,payment.authorized|payment.captured|payment.failed|refund.created|refund.settled|payout.paid|dispute.opened|dispute.won|dispute.lost|subscription.renewed|subscription.cancelled
E0140,641,payment.authorized|payment.captured|payment.failed|refund.created|refund.settled|payout.paid|dispute.opened|dispute.won|dispute.lost|subscription.renewed|subscription.cancelled
E0141,783,payment.authorized|payment.captured|payment.failed|refund.created|refund.settled|payout.paid|dispute.opened|dispute.won|dispute.lost|subscription.renewed|subscription.cancelled
E0141,641,payment.authorized|payment.captured|payment.failed|refund.created|refund.settled|payout.paid|dispute.opened|dispute.won|dispute.lost|subscription.renewed|subscription.cancelled
E0142,784,payment.authorized|payment.captured|payment.failed|refund.created|refund.settled|payout.paid|dispute.opened|dispute.won|dispute.lost|subscription.renewed|subscription.cancelled
E0142,641,payment.authorized|payment.captured|payment.failed|refund.created|refund.settled|payout.paid|dispute.opened|dispute.won|dispute.lost|subscription.renewed|subscription.cancelled
E0143,785,payment.authorized|payment.captured|payment.failed|refund.created|refund.settled|payout.paid|dispute.opened|dispute.won|dispute.lost|subscription.renewed|subscription.cancelled
E0143,640,payment.authorized|dispute.opened
E0143,641,payment.authorized|payment.captured|payment.failed|refund.created|refund.settled|payout.paid|dispute.opened|dispute.won|dispute.lost|subscription.renewed|subscription.cancelled
E0144,786,payment.authorized|payment.captured|payment.failed|refund.created|refund.settled|payout.paid|dispute.opened|dispute.won|dispute.lost|subscription.renewed|subscription.cancelled
E0144,640,payment.authorized|dispute.opened
E0144,641,payment.authorized|payment.captured|payment.failed|refund.created|refund.settled|payout.paid|dispute.opened|dispute.won|dispute.lost|subscription.renewed|subscription.cancelled
E0145,787,payment.authorized|payment.captured|payment.failed|refund.created|refund.settled|payout.paid|dispute.opened|dispute.won|dispute.lost|subscription.renewed|subscription.cancelled
E0145,641,payment.authorized|payment.captured|payment.failed|refund.created|refund.settled|payout.paid|dispute.opened|dispute.won|dispute.lost|subscription.renewed|subscription.cancelled
E0146,788,payment.authorized|payment.captured|payment.failed|refund.created|refund.settled|payout.paid|dispute.opened|dispute.won|dispute.lost|subscription.renewed|subscription.cancelled
E0146,641,payment.authorized|payment.captured|payment.failed|refund.created|refund.settled|payout.paid|dispute.opened|dispute.won|dispute.lost|subscription.renewed|subscription.cancelled
E0147,789,payment.authorized|payment.captured|payment.failed|refund.created|refund.settled|payout.paid|dispute.opened|dispute.won|dispute.lost|subscription.renewed|subscription.cancelled
E0147,641,payment.authorized|payment.captured|payment.failed|refund.created|refund.settled|payout.paid|dispute.opened|dispute.won|dispute.lost|subscription.renewed|subscription.cancelled
E0148,790,payment.authorized|payment.captured|payment.failed|refund.created|refund.settled|payout.paid|dispute.opened|dispute.won|dispute.lost|subscription.renewed|subscription.cancelled
E0148,640,payment.authorized|dispute.opened
E0148,641,payment.authorized|payment.captured|payment.failed|refund.created|refund.settled|payout.paid|dispute.opened|dispute.won|dispute.lost|subscription.renewed|subscription.cancelled
E0149,791,payment.authorized|payment.captured|payment.failed|refund.created|refund.settled|payout.paid|dispute.opened|dispute.won|dispute.lost|subscription.renewed|subscription.cancelled
E0149,640,payment.authorized|dispute.opened
E0149,641,payment.authorized|payment.captured|payment.failed|refund.created|refund.settled|payout.paid|dispute.opened|dispute.won|dispute.lost|subscription.renewed|subscription.cancelled
E0150,792,payment.authorized|payment.captured|payment.failed|refund.created|refund.settled|payout.paid|dispute.opened|dispute.won|dispute.lost|subscription.renewed|subscription.cancelled
E0150,640,payment.authorized|dispute.opened
E0150,641,payment.authorized|payment.captured|payment.failed|refund.created|refund.settled|payout.paid|dispute.opened|dispute.won|dispute.lost|subscription.renewed|subscription.cancelled
E0151,793,payment.authorized|payment.captured|payment.failed|refund.created|refund.settled|payout.paid|dispute.opened|dispute.won|dispute.lost|subscription.renewed|subscription.cancelled
E0151,640,payment.authorized|dispute.opened
E0151,641,payment.authorized|payment.captured|payment.failed|refund.created|refund.settled|payout.paid|dispute.opened|dispute.won|dispute.lost|subscription.renewed|subscription.cancelled
E0152,794,payment.authorized|payment.captured|payment.failed|refund.created|refund.settled|payout.paid|dispute.opened|dispute.won|dispute.lost|subscription.renewed|subscription.cancelled
E0152,641,payment.authorized|payment.captured|payment.failed|refund.created|refund.settled|payout.paid|dispute.opened|dispute.won|dispute.lost|subscription.renewed|subscription.cancelled
E0153,795,payment.authorized|payment.captured|payment.failed|refund.created|refund.settled|payout.paid|dispute.opened|dispute.won|dispute.lost|subscription.renewed|subscription.cancelled
E0153,640,payment.authorized|dispute.opened
E0153,641,payment.authorized|payment.captured|payment.failed|refund.created|refund.settled|payout.paid|dispute.opened|dispute.won|dispute.lost|subscription.renewed|subscription.cancelled
E0154,796,payment.authorized|payment.captured|payment.failed|refund.created|refund.settled|payout.paid|dispute.opened|dispute.won|dispute.lost|subscription.renewed|subscription.cancelled
E0154,640,payment.authorized|dispute.opened
E0154,641,payment.authorized|payment.captured|payment.failed|refund.created|refund.settled|payout.paid|dispute.opened|dispute.won|dispute.lost|subscription.renewed|subscription.cancelled
E0155,797,payment.authorized|payment.captured|payment.failed|refund.created|refund.settled|payout.paid|dispute.opened|dispute.won|dispute.lost|subscription.renewed|subscription.cancelled
E0155,640,payment.authorized|dispute.opened
E0155,641,payment.authorized|payment.captured|payment.failed|refund.created|refund.settled|payout.paid|dispute.opened|dispute.won|dispute.lost|subscription.renewed|subscription.cancelled
E0156,798,payment.authorized|payment.captured|payment.failed|refund.created|refund.settled|payout.paid|dispute.opened|dispute.won|dispute.lost|subscription.renewed|subscription.cancelled
E0156,641,payment.authorized|payment.captured|payment.failed|refund.created|refund.settled|payout.paid|dispute.opened|dispute.won|dispute.lost|subscription.renewed|subscription.cancelled
E0157,799,payment.authorized|payment.captured|payment.failed|refund.created|refund.settled|payout.paid|dispute.opened|dispute.won|dispute.lost|subscription.renewed|subscription.cancelled
E0157,640,payment.authorized|dispute.opened
E0157,641,payment.authorized|payment.captured|payment.failed|refund.created|refund.settled|payout.paid|dispute.opened|dispute.won|dispute.lost|subscription.renewed|subscription.cancelled
E0158,800,payment.authorized|payment.captured|payment.failed|refund.created|refund.settled|payout.paid|dispute.opened|dispute.won|dispute.lost|subscription.renewed|subscription.cancelled
E0158,641,payment.authorized|payment.captured|payment.failed|refund.created|refund.settled|payout.paid|dispute.opened|dispute.won|dispute.lost|subscription.renewed|subscription.cancelled
E0159,801,payment.authorized|payment.captured|payment.failed|refund.created|refund.settled|payout.paid|dispute.opened|dispute.won|dispute.lost|subscription.renewed|subscription.cancelled
E0159,641,payment.authorized|payment.captured|payment.failed|refund.created|refund.settled|payout.paid|dispute.opened|dispute.won|dispute.lost|subscription.renewed|subscription.cancelled
E0160,802,payment.authorized|payment.captured|payment.failed|refund.created|refund.settled|payout.paid|dispute.opened|dispute.won|dispute.lost|subscription.renewed|subscription.cancelled
E0160,641,payment.authorized|payment.captured|payment.failed|refund.created|refund.settled|payout.paid|dispute.opened|dispute.won|dispute.lost|subscription.renewed|subscription.cancelled
E0161,803,payment.authorized|payment.captured|payment.failed|refund.created|refund.settled|payout.paid|dispute.opened|dispute.won|dispute.lost|subscription.renewed|subscription.cancelled
E0161,640,payment.authorized|dispute.opened
E0161,641,payment.authorized|payment.captured|payment.failed|refund.created|refund.settled|payout.paid|dispute.opened|dispute.won|dispute.lost|subscription.renewed|subscription.cancelled
E0162,804,payment.authorized|payment.captured|payment.failed|refund.created|refund.settled|payout.paid|dispute.opened|dispute.won|dispute.lost|subscription.renewed|subscription.cancelled
E0162,641,payment.authorized|payment.captured|payment.failed|refund.created|refund.settled|payout.paid|dispute.opened|dispute.won|dispute.lost|subscription.renewed|subscription.cancelled
E0163,805,payment.authorized|payment.captured|payment.failed|refund.created|refund.settled|payout.paid|dispute.opened|dispute.won|dispute.lost|subscription.renewed|subscription.cancelled
E0163,641,payment.authorized|payment.captured|payment.failed|refund.created|refund.settled|payout.paid|dispute.opened|dispute.won|dispute.lost|subscription.renewed|subscription.cancelled
E0164,806,payment.authorized|payment.captured|payment.failed|refund.created|refund.settled|payout.paid|dispute.opened|dispute.won|dispute.lost|subscription.renewed|subscription.cancelled
E0164,640,payment.authorized|dispute.opened
E0164,641,payment.authorized|payment.captured|payment.failed|refund.created|refund.settled|payout.paid|dispute.opened|dispute.won|dispute.lost|subscription.renewed|subscription.cancelled
E0165,807,payment.authorized|payment.captured|payment.failed|refund.created|refund.settled|payout.paid|dispute.opened|dispute.won|dispute.lost|subscription.renewed|subscription.cancelled
E0165,640,payment.authorized|dispute.opened
E0165,641,payment.authorized|payment.captured|payment.failed|refund.created|refund.settled|payout.paid|dispute.opened|dispute.won|dispute.lost|subscription.renewed|subscription.cancelled
E0166,808,payment.authorized|payment.captured|payment.failed|refund.created|refund.settled|payout.paid|dispute.opened|dispute.won|dispute.lost|subscription.renewed|subscription.cancelled
E0166,641,payment.authorized|payment.captured|payment.failed|refund.created|refund.settled|payout.paid|dispute.opened|dispute.won|dispute.lost|subscription.renewed|subscription.cancelled
E0167,809,payment.authorized|payment.captured|payment.failed|refund.created|refund.settled|payout.paid|dispute.opened|dispute.won|dispute.lost|subscription.renewed|subscription.cancelled
E0167,641,payment.authorized|payment.captured|payment.failed|refund.created|refund.settled|payout.paid|dispute.opened|dispute.won|dispute.lost|subscription.renewed|subscription.cancelled
E0168,810,payment.authorized|payment.captured|payment.failed|refund.created|refund.settled|payout.paid|dispute.opened|dispute.won|dispute.lost|subscription.renewed|subscription.cancelled
E0168,640,payment.authorized|dispute.opened
E0168,641,payment.authorized|payment.captured|payment.failed|refund.created|refund.settled|payout.paid|dispute.opened|dispute.won|dispute.lost|subscription.renewed|subscription.cancelled
E0169,811,payment.authorized|payment.captured|payment.failed|refund.created|refund.settled|payout.paid|dispute.opened|dispute.won|dispute.lost|subscription.renewed|subscription.cancelled
E0169,641,payment.authorized|payment.captured|payment.failed|refund.created|refund.settled|payout.paid|dispute.opened|dispute.won|dispute.lost|subscription.renewed|subscription.cancelled
E0170,812,payment.authorized|payment.captured|payment.failed|refund.created|refund.settled|payout.paid|dispute.opened|dispute.won|dispute.lost|subscription.renewed|subscription.cancelled
E0170,641,payment.authorized|payment.captured|payment.failed|refund.created|refund.settled|payout.paid|dispute.opened|dispute.won|dispute.lost|subscription.renewed|subscription.cancelled
E0171,813,payment.authorized|payment.captured|payment.failed|refund.created|refund.settled|payout.paid|dispute.opened|dispute.won|dispute.lost|subscription.renewed|subscription.cancelled
E0171,640,payment.authorized|dispute.opened
E0171,641,payment.authorized|payment.captured|payment.failed|refund.created|refund.settled|payout.paid|dispute.opened|dispute.won|dispute.lost|subscription.renewed|subscription.cancelled
E0172,814,payment.authorized|payment.captured|payment.failed|refund.created|refund.settled|payout.paid|dispute.opened|dispute.won|dispute.lost|subscription.renewed|subscription.cancelled
E0172,641,payment.authorized|payment.captured|payment.failed|refund.created|refund.settled|payout.paid|dispute.opened|dispute.won|dispute.lost|subscription.renewed|subscription.cancelled
E0173,815,payment.authorized|payment.captured|payment.failed|refund.created|refund.settled|payout.paid|dispute.opened|dispute.won|dispute.lost|subscription.renewed|subscription.cancelled
E0173,640,payment.authorized|dispute.opened
E0173,641,payment.authorized|payment.captured|payment.failed|refund.created|refund.settled|payout.paid|dispute.opened|dispute.won|dispute.lost|subscription.renewed|subscription.cancelled
E0174,816,payment.authorized|payment.captured|payment.failed|refund.created|refund.settled|payout.paid|dispute.opened|dispute.won|dispute.lost|subscription.renewed|subscription.cancelled
E0174,640,payment.authorized|dispute.opened
E0174,641,payment.authorized|payment.captured|payment.failed|refund.created|refund.settled|payout.paid|dispute.opened|dispute.won|dispute.lost|subscription.renewed|subscription.cancelled
E0175,817,payment.authorized|payment.captured|payment.failed|refund.created|refund.settled|payout.paid|dispute.opened|dispute.won|dispute.lost|subscription.renewed|subscription.cancelled
E0175,641,payment.authorized|payment.captured|payment.failed|refund.created|refund.settled|payout.paid|dispute.opened|dispute.won|dispute.lost|subscription.renewed|subscription.cancelled
E0176,818,payment.authorized|payment.captured|payment.failed|refund.created|refund.settled|payout.paid|dispute.opened|dispute.won|dispute.lost|subscription.renewed|subscription.cancelled
E0176,640,payment.authorized|dispute.opened
E0176,641,payment.authorized|payment.captured|payment.failed|refund.created|refund.settled|payout.paid|dispute.opened|dispute.won|dispute.lost|subscription.renewed|subscription.cancelled
E0177,819,payment.authorized|payment.captured|payment.failed|refund.created|refund.settled|payout.paid|dispute.opened|dispute.won|dispute.lost|subscription.renewed|subscription.cancelled
E0177,641,payment.authorized|payment.captured|payment.failed|refund.created|refund.settled|payout.paid|dispute.opened|dispute.won|dispute.lost|subscription.renewed|subscription.cancelled
E0178,820,payment.authorized|payment.captured|payment.failed|refund.created|refund.settled|payout.paid|dispute.opened|dispute.won|dispute.lost|subscription.renewed|subscription.cancelled
E0178,640,payment.authorized|dispute.opened
E0178,641,payment.authorized|payment.captured|payment.failed|refund.created|refund.settled|payout.paid|dispute.opened|dispute.won|dispute.lost|subscription.renewed|subscription.cancelled
E0179,821,payment.authorized|payment.captured|payment.failed|refund.created|refund.settled|payout.paid|dispute.opened|dispute.won|dispute.lost|subscription.renewed|subscription.cancelled
E0179,640,payment.authorized|dispute.opened
E0179,641,payment.authorized|payment.captured|payment.failed|refund.created|refund.settled|payout.paid|dispute.opened|dispute.won|dispute.lost|subscription.renewed|subscription.cancelled
E0180,822,payment.authorized|payment.captured|payment.failed|refund.created|refund.settled|payout.paid|dispute.opened|dispute.won|dispute.lost|subscription.renewed|subscription.cancelled
E0180,641,payment.authorized|payment.captured|payment.failed|refund.created|refund.settled|payout.paid|dispute.opened|dispute.won|dispute.lost|subscription.renewed|subscription.cancelled
E0181,823,payment.authorized|payment.captured|payment.failed|refund.created|refund.settled|payout.paid|dispute.opened|dispute.won|dispute.lost|subscription.renewed|subscription.cancelled
E0181,640,payment.authorized|dispute.opened
E0181,641,payment.authorized|payment.captured|payment.failed|refund.created|refund.settled|payout.paid|dispute.opened|dispute.won|dispute.lost|subscription.renewed|subscription.cancelled
E0182,824,payment.authorized|payment.captured|payment.failed|refund.created|refund.settled|payout.paid|dispute.opened|dispute.won|dispute.lost|subscription.renewed|subscription.cancelled
E0182,640,payment.authorized|dispute.opened
E0182,641,payment.authorized|payment.captured|payment.failed|refund.created|refund.settled|payout.paid|dispute.opened|dispute.won|dispute.lost|subscription.renewed|subscription.cancelled
E0183,825,payment.authorized|payment.captured|payment.failed|refund.created|refund.settled|payout.paid|dispute.opened|dispute.won|dispute.lost|subscription.renewed|subscription.cancelled
E0183,641,payment.authorized|payment.captured|payment.failed|refund.created|refund.settled|payout.paid|dispute.opened|dispute.won|dispute.lost|subscription.renewed|subscription.cancelled
E0184,826,payment.authorized|payment.captured|payment.failed|refund.created|refund.settled|payout.paid|dispute.opened|dispute.won|dispute.lost|subscription.renewed|subscription.cancelled
E0184,641,payment.authorized|payment.captured|payment.failed|refund.created|refund.settled|payout.paid|dispute.opened|dispute.won|dispute.lost|subscription.renewed|subscription.cancelled
E0185,827,payment.authorized|payment.captured|payment.failed|refund.created|refund.settled|payout.paid|dispute.opened|dispute.won|dispute.lost|subscription.renewed|subscription.cancelled
E0185,641,payment.authorized|payment.captured|payment.failed|refund.created|refund.settled|payout.paid|dispute.opened|dispute.won|dispute.lost|subscription.renewed|subscription.cancelled
E0186,828,payment.authorized|payment.captured|payment.failed|refund.created|refund.settled|payout.paid|dispute.opened|dispute.won|dispute.lost|subscription.renewed|subscription.cancelled
E0186,640,payment.authorized|dispute.opened
E0186,641,payment.authorized|payment.captured|payment.failed|refund.created|refund.settled|payout.paid|dispute.opened|dispute.won|dispute.lost|subscription.renewed|subscription.cancelled
E0187,829,payment.authorized|payment.captured|payment.failed|refund.created|refund.settled|payout.paid|dispute.opened|dispute.won|dispute.lost|subscription.renewed|subscription.cancelled
E0187,640,payment.authorized|dispute.opened
E0187,641,payment.authorized|payment.captured|payment.failed|refund.created|refund.settled|payout.paid|dispute.opened|dispute.won|dispute.lost|subscription.renewed|subscription.cancelled
E0188,830,payment.authorized|payment.captured|payment.failed|refund.created|refund.settled|payout.paid|dispute.opened|dispute.won|dispute.lost|subscription.renewed|subscription.cancelled
E0188,640,payment.authorized|dispute.opened
E0188,641,payment.authorized|payment.captured|payment.failed|refund.created|refund.settled|payout.paid|dispute.opened|dispute.won|dispute.lost|subscription.renewed|subscription.cancelled
E0189,831,payment.authorized|payment.captured|payment.failed|refund.created|refund.settled|payout.paid|dispute.opened|dispute.won|dispute.lost|subscription.renewed|subscription.cancelled
E0189,641,payment.authorized|payment.captured|payment.failed|refund.created|refund.settled|payout.paid|dispute.opened|dispute.won|dispute.lost|subscription.renewed|subscription.cancelled
E0190,832,payment.authorized|payment.captured|payment.failed|refund.created|refund.settled|payout.paid|dispute.opened|dispute.won|dispute.lost|subscription.renewed|subscription.cancelled
E0190,640,payment.authorized|dispute.opened
E0190,641,payment.authorized|payment.captured|payment.failed|refund.created|refund.settled|payout.paid|dispute.opened|dispute.won|dispute.lost|subscription.renewed|subscription.cancelled
E0191,833,payment.authorized|payment.captured|payment.failed|refund.created|refund.settled|payout.paid|dispute.opened|dispute.won|dispute.lost|subscription.renewed|subscription.cancelled
E0191,640,payment.authorized|dispute.opened
E0191,641,payment.authorized|payment.captured|payment.failed|refund.created|refund.settled|payout.paid|dispute.opened|dispute.won|dispute.lost|subscription.renewed|subscription.cancelled
E0192,834,payment.authorized|payment.captured|payment.failed|refund.created|refund.settled|payout.paid|dispute.opened|dispute.won|dispute.lost|subscription.renewed|subscription.cancelled
E0192,641,payment.authorized|payment.captured|payment.failed|refund.created|refund.settled|payout.paid|dispute.opened|dispute.won|dispute.lost|subscription.renewed|subscription.cancelled
E0193,835,payment.authorized|payment.captured|payment.failed|refund.created|refund.settled|payout.paid|dispute.opened|dispute.won|dispute.lost|subscription.renewed|subscription.cancelled
E0193,640,payment.authorized|dispute.opened
E0193,641,payment.authorized|payment.captured|payment.failed|refund.created|refund.settled|payout.paid|dispute.opened|dispute.won|dispute.lost|subscription.renewed|subscription.cancelled
E0194,836,payment.authorized|payment.captured|payment.failed|refund.created|refund.settled|payout.paid|dispute.opened|dispute.won|dispute.lost|subscription.renewed|subscription.cancelled
E0194,641,payment.authorized|payment.captured|payment.failed|refund.created|refund.settled|payout.paid|dispute.opened|dispute.won|dispute.lost|subscription.renewed|subscription.cancelled
E0195,837,payment.authorized|payment.captured|payment.failed|refund.created|refund.settled|payout.paid|dispute.opened|dispute.won|dispute.lost|subscription.renewed|subscription.cancelled
E0195,641,payment.authorized|payment.captured|payment.failed|refund.created|refund.settled|payout.paid|dispute.opened|dispute.won|dispute.lost|subscription.renewed|subscription.cancelled
E0196,838,payment.authorized|payment.captured|payment.failed|refund.created|refund.settled|payout.paid|dispute.opened|dispute.won|dispute.lost|subscription.renewed|subscription.cancelled
E0196,641,payment.authorized|payment.captured|payment.failed|refund.created|refund.settled|payout.paid|dispute.opened|dispute.won|dispute.lost|subscription.renewed|subscription.cancelled
E0197,839,payment.authorized|payment.captured|payment.failed|refund.created|refund.settled|payout.paid|dispute.opened|dispute.won|dispute.lost|subscription.renewed|subscription.cancelled
E0197,641,payment.authorized|payment.captured|payment.failed|refund.created|refund.settled|payout.paid|dispute.opened|dispute.won|dispute.lost|subscription.renewed|subscription.cancelled
E0198,840,payment.authorized|payment.captured|payment.failed|refund.created|refund.settled|payout.paid|dispute.opened|dispute.won|dispute.lost|subscription.renewed|subscription.cancelled
E0198,640,payment.authorized|dispute.opened
E0198,641,payment.authorized|payment.captured|payment.failed|refund.created|refund.settled|payout.paid|dispute.opened|dispute.won|dispute.lost|subscription.renewed|subscription.cancelled
E0199,841,payment.authorized|payment.captured|payment.failed|refund.created|refund.settled|payout.paid|dispute.opened|dispute.won|dispute.lost|subscription.renewed|subscription.cancelled
E0199,641,payment.authorized|payment.captured|payment.failed|refund.created|refund.settled|payout.paid|dispute.opened|dispute.won|dispute.lost|subscription.renewed|subscription.cancelled
E0200,842,payment.authorized|payment.captured|payment.failed|refund.created|refund.settled|payout.paid|dispute.opened|dispute.won|dispute.lost|subscription.renewed|subscription.cancelled
E0200,640,payment.authorized|dispute.opened
E0200,641,payment.authorized|payment.captured|payment.failed|refund.created|refund.settled|payout.paid|dispute.opened|dispute.won|dispute.lost|subscription.renewed|subscription.cancelled
E0201,843,payment.authorized|payment.captured|payment.failed|refund.created|refund.settled|payout.paid|dispute.opened|dispute.won|dispute.lost|subscription.renewed|subscription.cancelled
E0201,640,payment.authorized|dispute.opened
E0201,641,payment.authorized|payment.captured|payment.failed|refund.created|refund.settled|payout.paid|dispute.opened|dispute.won|dispute.lost|subscription.renewed|subscription.cancelled
E0202,844,payment.authorized|payment.captured|payment.failed|refund.created|refund.settled|payout.paid|dispute.opened|dispute.won|dispute.lost|subscription.renewed|subscription.cancelled
E0202,640,payment.authorized|dispute.opened
E0202,641,payment.authorized|payment.captured|payment.failed|refund.created|refund.settled|payout.paid|dispute.opened|dispute.won|dispute.lost|subscription.renewed|subscription.cancelled
E0203,845,payment.authorized|payment.captured|payment.failed|refund.created|refund.settled|payout.paid|dispute.opened|dispute.won|dispute.lost|subscription.renewed|subscription.cancelled
E0203,640,payment.authorized|dispute.opened
E0203,641,payment.authorized|payment.captured|payment.failed|refund.created|refund.settled|payout.paid|dispute.opened|dispute.won|dispute.lost|subscription.renewed|subscription.cancelled
E0204,846,payment.authorized|payment.captured|payment.failed|refund.created|refund.settled|payout.paid|dispute.opened|dispute.won|dispute.lost|subscription.renewed|subscription.cancelled
E0204,640,payment.authorized|dispute.opened
E0204,641,payment.authorized|payment.captured|payment.failed|refund.created|refund.settled|payout.paid|dispute.opened|dispute.won|dispute.lost|subscription.renewed|subscription.cancelled
E0205,847,payment.authorized|payment.captured|payment.failed|refund.created|refund.settled|payout.paid|dispute.opened|dispute.won|dispute.lost|subscription.renewed|subscription.cancelled
E0205,640,payment.authorized|dispute.opened
E0205,641,payment.authorized|payment.captured|payment.failed|refund.created|refund.settled|payout.paid|dispute.opened|dispute.won|dispute.lost|subscription.renewed|subscription.cancelled
E0206,848,payment.authorized|payment.captured|payment.failed|refund.created|refund.settled|payout.paid|dispute.opened|dispute.won|dispute.lost|subscription.renewed|subscription.cancelled
E0206,640,payment.authorized|dispute.opened
E0206,641,payment.authorized|payment.captured|payment.failed|refund.created|refund.settled|payout.paid|dispute.opened|dispute.won|dispute.lost|subscription.renewed|subscription.cancelled
E0207,849,payment.authorized|payment.captured|payment.failed|refund.created|refund.settled|payout.paid|dispute.opened|dispute.won|dispute.lost|subscription.renewed|subscription.cancelled
E0207,641,payment.authorized|payment.captured|payment.failed|refund.created|refund.settled|payout.paid|dispute.opened|dispute.won|dispute.lost|subscription.renewed|subscription.cancelled
E0208,850,payment.authorized|payment.captured|payment.failed|refund.created|refund.settled|payout.paid|dispute.opened|dispute.won|dispute.lost|subscription.renewed|subscription.cancelled
E0208,640,payment.authorized|dispute.opened
E0208,641,payment.authorized|payment.captured|payment.failed|refund.created|refund.settled|payout.paid|dispute.opened|dispute.won|dispute.lost|subscription.renewed|subscription.cancelled
E0209,851,payment.authorized|payment.captured|payment.failed|refund.created|refund.settled|payout.paid|dispute.opened|dispute.won|dispute.lost|subscription.renewed|subscription.cancelled
E0209,640,payment.authorized|dispute.opened
E0209,641,payment.authorized|payment.captured|payment.failed|refund.created|refund.settled|payout.paid|dispute.opened|dispute.won|dispute.lost|subscription.renewed|subscription.cancelled
E0210,852,payment.authorized|payment.captured|payment.failed|refund.created|refund.settled|payout.paid|dispute.opened|dispute.won|dispute.lost|subscription.renewed|subscription.cancelled
E0210,641,payment.authorized|payment.captured|payment.failed|refund.created|refund.settled|payout.paid|dispute.opened|dispute.won|dispute.lost|subscription.renewed|subscription.cancelled
E0211,853,payment.authorized|payment.captured|payment.failed|refund.created|refund.settled|payout.paid|dispute.opened|dispute.won|dispute.lost|subscription.renewed|subscription.cancelled
E0211,641,payment.authorized|payment.captured|payment.failed|refund.created|refund.settled|payout.paid|dispute.opened|dispute.won|dispute.lost|subscription.renewed|subscription.cancelled
E0212,854,payment.authorized|payment.captured|payment.failed|refund.created|refund.settled|payout.paid|dispute.opened|dispute.won|dispute.lost|subscription.renewed|subscription.cancelled
E0212,641,payment.authorized|payment.captured|payment.failed|refund.created|refund.settled|payout.paid|dispute.opened|dispute.won|dispute.lost|subscription.renewed|subscription.cancelled
E0213,855,payment.authorized|payment.captured|payment.failed|refund.created|refund.settled|payout.paid|dispute.opened|dispute.won|dispute.lost|subscription.renewed|subscription.cancelled
E0213,641,payment.authorized|payment.captured|payment.failed|refund.created|refund.settled|payout.paid|dispute.opened|dispute.won|dispute.lost|subscription.renewed|subscription.cancelled
E0214,856,payment.authorized|payment.captured|payment.failed|refund.created|refund.settled|payout.paid|dispute.opened|dispute.won|dispute.lost|subscription.renewed|subscription.cancelled
E0214,640,payment.authorized|dispute.opened
E0214,641,payment.authorized|payment.captured|payment.failed|refund.created|refund.settled|payout.paid|dispute.opened|dispute.won|dispute.lost|subscription.renewed|subscription.cancelled
E0215,857,payment.authorized|payment.captured|payment.failed|refund.created|refund.settled|payout.paid|dispute.opened|dispute.won|dispute.lost|subscription.renewed|subscription.cancelled
E0215,640,payment.authorized|dispute.opened
E0215,641,payment.authorized|payment.captured|payment.failed|refund.created|refund.settled|payout.paid|dispute.opened|dispute.won|dispute.lost|subscription.renewed|subscription.cancelled
E0216,858,payment.authorized|payment.captured|payment.failed|refund.created|refund.settled|payout.paid|dispute.opened|dispute.won|dispute.lost|subscription.renewed|subscription.cancelled
E0216,640,payment.authorized|dispute.opened
E0216,641,payment.authorized|payment.captured|payment.failed|refund.created|refund.settled|payout.paid|dispute.opened|dispute.won|dispute.lost|subscription.renewed|subscription.cancelled
E0217,859,payment.authorized|payment.captured|payment.failed|refund.created|refund.settled|payout.paid|dispute.opened|dispute.won|dispute.lost|subscription.renewed|subscription.cancelled
E0217,640,payment.authorized|dispute.opened
E0217,641,payment.authorized|payment.captured|payment.failed|refund.created|refund.settled|payout.paid|dispute.opened|dispute.won|dispute.lost|subscription.renewed|subscription.cancelled
E0218,860,payment.authorized|payment.captured|payment.failed|refund.created|refund.settled|payout.paid|dispute.opened|dispute.won|dispute.lost|subscription.renewed|subscription.cancelled
E0218,640,payment.authorized|dispute.opened
E0218,641,payment.authorized|payment.captured|payment.failed|refund.created|refund.settled|payout.paid|dispute.opened|dispute.won|dispute.lost|subscription.renewed|subscription.cancelled
E0219,861,payment.authorized|payment.captured|payment.failed|refund.created|refund.settled|payout.paid|dispute.opened|dispute.won|dispute.lost|subscription.renewed|subscription.cancelled
E0219,640,payment.authorized|dispute.opened
E0219,641,payment.authorized|payment.captured|payment.failed|refund.created|refund.settled|payout.paid|dispute.opened|dispute.won|dispute.lost|subscription.renewed|subscription.cancelled
E0220,862,payment.authorized|payment.captured|payment.failed|refund.created|refund.settled|payout.paid|dispute.opened|dispute.won|dispute.lost|subscription.renewed|subscription.cancelled
E0220,640,payment.authorized|dispute.opened
E0220,641,payment.authorized|payment.captured|payment.failed|refund.created|refund.settled|payout.paid|dispute.opened|dispute.won|dispute.lost|subscription.renewed|subscription.cancelled
E0221,863,payment.authorized|payment.captured|payment.failed|refund.created|refund.settled|payout.paid|dispute.opened|dispute.won|dispute.lost|subscription.renewed|subscription.cancelled
E0221,640,payment.authorized|dispute.opened
E0221,641,payment.authorized|payment.captured|payment.failed|refund.created|refund.settled|payout.paid|dispute.opened|dispute.won|dispute.lost|subscription.renewed|subscription.cancelled
E0222,864,payment.authorized|payment.captured|payment.failed|refund.created|refund.settled|payout.paid|dispute.opened|dispute.won|dispute.lost|subscription.renewed|subscription.cancelled
E0222,641,payment.authorized|payment.captured|payment.failed|refund.created|refund.settled|payout.paid|dispute.opened|dispute.won|dispute.lost|subscription.renewed|subscription.cancelled
E0223,865,payment.authorized|payment.captured|payment.failed|refund.created|refund.settled|payout.paid|dispute.opened|dispute.won|dispute.lost|subscription.renewed|subscription.cancelled
E0223,641,payment.authorized|payment.captured|payment.failed|refund.created|refund.settled|payout.paid|dispute.opened|dispute.won|dispute.lost|subscription.renewed|subscription.cancelled
E0224,866,payment.authorized|payment.captured|payment.failed|refund.created|refund.settled|payout.paid|dispute.opened|dispute.won|dispute.lost|subscription.renewed|subscription.cancelled
E0224,641,payment.authorized|payment.captured|payment.failed|refund.created|refund.settled|payout.paid|dispute.opened|dispute.won|dispute.lost|subscription.renewed|subscription.cancelled
E0225,867,payment.authorized|payment.captured|payment.failed|refund.created|refund.settled|payout.paid|dispute.opened|dispute.won|dispute.lost|subscription.renewed|subscription.cancelled
E0225,640,payment.authorized|dispute.opened
E0225,641,payment.authorized|payment.captured|payment.failed|refund.created|refund.settled|payout.paid|dispute.opened|dispute.won|dispute.lost|subscription.renewed|subscription.cancelled
E0226,868,payment.authorized|payment.captured|payment.failed|refund.created|refund.settled|payout.paid|dispute.opened|dispute.won|dispute.lost|subscription.renewed|subscription.cancelled
E0226,641,payment.authorized|payment.captured|payment.failed|refund.created|refund.settled|payout.paid|dispute.opened|dispute.won|dispute.lost|subscription.renewed|subscription.cancelled
E0227,869,payment.authorized|payment.captured|payment.failed|refund.created|refund.settled|payout.paid|dispute.opened|dispute.won|dispute.lost|subscription.renewed|subscription.cancelled
E0227,640,payment.authorized|dispute.opened
E0227,641,payment.authorized|payment.captured|payment.failed|refund.created|refund.settled|payout.paid|dispute.opened|dispute.won|dispute.lost|subscription.renewed|subscription.cancelled
E0228,870,payment.authorized|payment.captured|payment.failed|refund.created|refund.settled|payout.paid|dispute.opened|dispute.won|dispute.lost|subscription.renewed|subscription.cancelled
E0228,640,payment.authorized|dispute.opened
E0228,641,payment.authorized|payment.captured|payment.failed|refund.created|refund.settled|payout.paid|dispute.opened|dispute.won|dispute.lost|subscription.renewed|subscription.cancelled
E0229,871,payment.authorized|payment.captured|payment.failed|refund.created|refund.settled|payout.paid|dispute.opened|dispute.won|dispute.lost|subscription.renewed|subscription.cancelled
E0229,641,payment.authorized|payment.captured|payment.failed|refund.created|refund.settled|payout.paid|dispute.opened|dispute.won|dispute.lost|subscription.renewed|subscription.cancelled
E0230,872,payment.authorized|payment.captured|payment.failed|refund.created|refund.settled|payout.paid|dispute.opened|dispute.won|dispute.lost|subscription.renewed|subscription.cancelled
E0230,640,payment.authorized|dispute.opened
E0230,641,payment.authorized|payment.captured|payment.failed|refund.created|refund.settled|payout.paid|dispute.opened|dispute.won|dispute.lost|subscription.renewed|subscription.cancelled
E0231,873,payment.authorized|payment.captured|payment.failed|refund.created|refund.settled|payout.paid|dispute.opened|dispute.won|dispute.lost|subscription.renewed|subscription.cancelled
E0231,640,payment.authorized|dispute.opened
E0231,641,payment.authorized|payment.captured|payment.failed|refund.created|refund.settled|payout.paid|dispute.opened|dispute.won|dispute.lost|subscription.renewed|subscription.cancelled
E0232,874,payment.authorized|payment.captured|payment.failed|refund.created|refund.settled|payout.paid|dispute.opened|dispute.won|dispute.lost|subscription.renewed|subscription.cancelled
E0232,640,payment.authorized|dispute.opened
E0232,641,payment.authorized|payment.captured|payment.failed|refund.created|refund.settled|payout.paid|dispute.opened|dispute.won|dispute.lost|subscription.renewed|subscription.cancelled
E0233,875,payment.authorized|payment.captured|payment.failed|refund.created|refund.settled|payout.paid|dispute.opened|dispute.won|dispute.lost|subscription.renewed|subscription.cancelled
E0233,641,payment.authorized|payment.captured|payment.failed|refund.created|refund.settled|payout.paid|dispute.opened|dispute.won|dispute.lost|subscription.renewed|subscription.cancelled
E0234,876,payment.authorized|payment.captured|payment.failed|refund.created|refund.settled|payout.paid|dispute.opened|dispute.won|dispute.lost|subscription.renewed|subscription.cancelled
E0234,641,payment.authorized|payment.captured|payment.failed|refund.created|refund.settled|payout.paid|dispute.opened|dispute.won|dispute.lost|subscription.renewed|subscription.cancelled
E0235,877,payment.authorized|payment.captured|payment.failed|refund.created|refund.settled|payout.paid|dispute.opened|dispute.won|dispute.lost|subscription.renewed|subscription.cancelled
E0235,640,payment.authorized|dispute.opened
E0235,641,payment.authorized|payment.captured|payment.failed|refund.created|refund.settled|payout.paid|dispute.opened|dispute.won|dispute.lost|subscription.renewed|subscription.cancelled
E0236,878,payment.authorized|payment.captured|payment.failed|refund.created|refund.settled|payout.paid|dispute.opened|dispute.won|dispute.lost|subscription.renewed|subscription.cancelled
E0236,640,payment.authorized|dispute.opened
E0236,641,payment.authorized|payment.captured|payment.failed|refund.created|refund.settled|payout.paid|dispute.opened|dispute.won|dispute.lost|subscription.renewed|subscription.cancelled
E0237,879,payment.authorized|payment.captured|payment.failed|refund.created|refund.settled|payout.paid|dispute.opened|dispute.won|dispute.lost|subscription.renewed|subscription.cancelled
E0237,641,payment.authorized|payment.captured|payment.failed|refund.created|refund.settled|payout.paid|dispute.opened|dispute.won|dispute.lost|subscription.renewed|subscription.cancelled
E0238,880,payment.authorized|payment.captured|payment.failed|refund.created|refund.settled|payout.paid|dispute.opened|dispute.won|dispute.lost|subscription.renewed|subscription.cancelled
E0238,641,payment.authorized|payment.captured|payment.failed|refund.created|refund.settled|payout.paid|dispute.opened|dispute.won|dispute.lost|subscription.renewed|subscription.cancelled
E0239,881,payment.authorized|payment.captured|payment.failed|refund.created|refund.settled|payout.paid|dispute.opened|dispute.won|dispute.lost|subscription.renewed|subscription.cancelled
E0239,640,payment.authorized|dispute.opened
E0239,641,payment.authorized|payment.captured|payment.failed|refund.created|refund.settled|payout.paid|dispute.opened|dispute.won|dispute.lost|subscription.renewed|subscription.cancelled
E0240,882,payment.authorized|payment.captured|payment.failed|refund.created|refund.settled|payout.paid|dispute.opened|dispute.won|dispute.lost|subscription.renewed|subscription.cancelled
E0240,641,payment.authorized|payment.captured|payment.failed|refund.created|refund.settled|payout.paid|dispute.opened|dispute.won|dispute.lost|subscription.renewed|subscription.cancelled
E0241,883,payment.authorized|payment.captured|payment.failed|refund.created|refund.settled|payout.paid|dispute.opened|dispute.won|dispute.lost|subscription.renewed|subscription.cancelled
E0241,641,payment.authorized|payment.captured|payment.failed|refund.created|refund.settled|payout.paid|dispute.opened|dispute.won|dispute.lost|subscription.renewed|subscription.cancelled
E0242,884,payment.authorized|payment.captured|payment.failed|refund.created|refund.settled|payout.paid|dispute.opened|dispute.won|dispute.lost|subscription.renewed|subscription.cancelled
E0242,641,payment.authorized|payment.captured|payment.failed|refund.created|refund.settled|payout.paid|dispute.opened|dispute.won|dispute.lost|subscription.renewed|subscription.cancelled
E0243,885,payment.authorized|payment.captured|payment.failed|refund.created|refund.settled|payout.paid|dispute.opened|dispute.won|dispute.lost|subscription.renewed|subscription.cancelled
E0243,640,payment.authorized|dispute.opened
E0243,641,payment.authorized|payment.captured|payment.failed|refund.created|refund.settled|payout.paid|dispute.opened|dispute.won|dispute.lost|subscription.renewed|subscription.cancelled
E0244,886,payment.authorized|payment.captured|payment.failed|refund.created|refund.settled|payout.paid|dispute.opened|dispute.won|dispute.lost|subscription.renewed|subscription.cancelled
E0244,640,payment.authorized|dispute.opened
E0244,641,payment.authorized|payment.captured|payment.failed|refund.created|refund.settled|payout.paid|dispute.opened|dispute.won|dispute.lost|subscription.renewed|subscription.cancelled
E0245,887,payment.authorized|payment.captured|payment.failed|refund.created|refund.settled|payout.paid|dispute.opened|dispute.won|dispute.lost|subscription.renewed|subscription.cancelled
E0245,641,payment.authorized|payment.captured|payment.failed|refund.created|refund.settled|payout.paid|dispute.opened|dispute.won|dispute.lost|subscription.renewed|subscription.cancelled
E0246,888,payment.authorized|payment.captured|payment.failed|refund.created|refund.settled|payout.paid|dispute.opened|dispute.won|dispute.lost|subscription.renewed|subscription.cancelled
E0246,640,payment.authorized|dispute.opened
E0246,641,payment.authorized|payment.captured|payment.failed|refund.created|refund.settled|payout.paid|dispute.opened|dispute.won|dispute.lost|subscription.renewed|subscription.cancelled
E0247,889,payment.authorized|payment.captured|payment.failed|refund.created|refund.settled|payout.paid|dispute.opened|dispute.won|dispute.lost|subscription.renewed|subscription.cancelled
E0247,640,payment.authorized|dispute.opened
E0247,641,payment.authorized|payment.captured|payment.failed|refund.created|refund.settled|payout.paid|dispute.opened|dispute.won|dispute.lost|subscription.renewed|subscription.cancelled
E0248,890,payment.authorized|payment.captured|payment.failed|refund.created|refund.settled|payout.paid|dispute.opened|dispute.won|dispute.lost|subscription.renewed|subscription.cancelled
E0248,640,payment.authorized|dispute.opened
E0248,641,payment.authorized|payment.captured|payment.failed|refund.created|refund.settled|payout.paid|dispute.opened|dispute.won|dispute.lost|subscription.renewed|subscription.cancelled
E0249,891,payment.authorized|payment.captured|payment.failed|refund.created|refund.settled|payout.paid|dispute.opened|dispute.won|dispute.lost|subscription.renewed|subscription.cancelled
E0249,641,payment.authorized|payment.captured|payment.failed|refund.created|refund.settled|payout.paid|dispute.opened|dispute.won|dispute.lost|subscription.renewed|subscription.cancelled
E0250,892,payment.authorized|payment.captured|payment.failed|refund.created|refund.settled|payout.paid|dispute.opened|dispute.won|dispute.lost|subscription.renewed|subscription.cancelled
E0250,641,payment.authorized|payment.captured|payment.failed|refund.created|refund.settled|payout.paid|dispute.opened|dispute.won|dispute.lost|subscription.renewed|subscription.cancelled
E0251,893,payment.authorized|payment.captured|payment.failed|refund.created|refund.settled|payout.paid|dispute.opened|dispute.won|dispute.lost|subscription.renewed|subscription.cancelled
E0251,641,payment.authorized|payment.captured|payment.failed|refund.created|refund.settled|payout.paid|dispute.opened|dispute.won|dispute.lost|subscription.renewed|subscription.cancelled
E0252,894,payment.authorized|payment.captured|payment.failed|refund.created|refund.settled|payout.paid|dispute.opened|dispute.won|dispute.lost|subscription.renewed|subscription.cancelled
E0252,640,payment.authorized|dispute.opened
E0252,641,payment.authorized|payment.captured|payment.failed|refund.created|refund.settled|payout.paid|dispute.opened|dispute.won|dispute.lost|subscription.renewed|subscription.cancelled
E0253,895,payment.authorized|payment.captured|payment.failed|refund.created|refund.settled|payout.paid|dispute.opened|dispute.won|dispute.lost|subscription.renewed|subscription.cancelled
E0253,640,payment.authorized|dispute.opened
E0253,641,payment.authorized|payment.captured|payment.failed|refund.created|refund.settled|payout.paid|dispute.opened|dispute.won|dispute.lost|subscription.renewed|subscription.cancelled
E0254,896,payment.authorized|payment.captured|payment.failed|refund.created|refund.settled|payout.paid|dispute.opened|dispute.won|dispute.lost|subscription.renewed|subscription.cancelled
E0254,640,payment.authorized|dispute.opened
E0254,641,payment.authorized|payment.captured|payment.failed|refund.created|refund.settled|payout.paid|dispute.opened|dispute.won|dispute.lost|subscription.renewed|subscription.cancelled
E0255,897,payment.authorized|payment.captured|payment.failed|refund.created|refund.settled|payout.paid|dispute.opened|dispute.won|dispute.lost|subscription.renewed|subscription.cancelled
E0255,641,payment.authorized|payment.captured|payment.failed|refund.created|refund.settled|payout.paid|dispute.opened|dispute.won|dispute.lost|subscription.renewed|subscription.cancelled
E0256,898,payment.authorized|payment.captured|payment.failed|refund.created|refund.settled|payout.paid|dispute.opened|dispute.won|dispute.lost|subscription.renewed|subscription.cancelled
E0256,641,payment.authorized|payment.captured|payment.failed|refund.created|refund.settled|payout.paid|dispute.opened|dispute.won|dispute.lost|subscription.renewed|subscription.cancelled
E0257,899,payment.authorized|payment.captured|payment.failed|refund.created|refund.settled|payout.paid|dispute.opened|dispute.won|dispute.lost|subscription.renewed|subscription.cancelled
E0257,641,payment.authorized|payment.captured|payment.failed|refund.created|refund.settled|payout.paid|dispute.opened|dispute.won|dispute.lost|subscription.renewed|subscription.cancelled
E0258,900,payment.authorized|payment.captured|payment.failed|refund.created|refund.settled|payout.paid|dispute.opened|dispute.won|dispute.lost|subscription.renewed|subscription.cancelled
E0258,641,payment.authorized|payment.captured|payment.failed|refund.created|refund.settled|payout.paid|dispute.opened|dispute.won|dispute.lost|subscription.renewed|subscription.cancelled
E0259,901,payment.authorized|payment.captured|payment.failed|refund.created|refund.settled|payout.paid|dispute.opened|dispute.won|dispute.lost|subscription.renewed|subscription.cancelled
E0259,640,payment.authorized|dispute.opened
E0259,641,payment.authorized|payment.captured|payment.failed|refund.created|refund.settled|payout.paid|dispute.opened|dispute.won|dispute.lost|subscription.renewed|subscription.cancelled
E0260,902,payment.authorized|payment.captured|payment.failed|refund.created|refund.settled|payout.paid|dispute.opened|dispute.won|dispute.lost|subscription.renewed|subscription.cancelled
E0260,641,payment.authorized|payment.captured|payment.failed|refund.created|refund.settled|payout.paid|dispute.opened|dispute.won|dispute.lost|subscription.renewed|subscription.cancelled
E0261,903,payment.authorized|payment.captured|payment.failed|refund.created|refund.settled|payout.paid|dispute.opened|dispute.won|dispute.lost|subscription.renewed|subscription.cancelled
E0261,641,payment.authorized|payment.captured|payment.failed|refund.created|refund.settled|payout.paid|dispute.opened|dispute.won|dispute.lost|subscription.renewed|subscription.cancelled
E0262,904,payment.authorized|payment.captured|payment.failed|refund.created|refund.settled|payout.paid|dispute.opened|dispute.won|dispute.lost|subscription.renewed|subscription.cancelled
E0262,641,payment.authorized|payment.captured|payment.failed|refund.created|refund.settled|payout.paid|dispute.opened|dispute.won|dispute.lost|subscription.renewed|subscription.cancelled
E0263,905,payment.authorized|payment.captured|payment.failed|refund.created|refund.settled|payout.paid|dispute.opened|dispute.won|dispute.lost|subscription.renewed|subscription.cancelled
E0263,640,payment.authorized|dispute.opened
E0263,641,payment.authorized|payment.captured|payment.failed|refund.created|refund.settled|payout.paid|dispute.opened|dispute.won|dispute.lost|subscription.renewed|subscription.cancelled
E0264,906,payment.authorized|payment.captured|payment.failed|refund.created|refund.settled|payout.paid|dispute.opened|dispute.won|dispute.lost|subscription.renewed|subscription.cancelled
E0264,640,payment.authorized|dispute.opened
E0264,641,payment.authorized|payment.captured|payment.failed|refund.created|refund.settled|payout.paid|dispute.opened|dispute.won|dispute.lost|subscription.renewed|subscription.cancelled
E0265,907,payment.authorized|payment.captured|payment.failed|refund.created|refund.settled|payout.paid|dispute.opened|dispute.won|dispute.lost|subscription.renewed|subscription.cancelled
E0265,640,payment.authorized|dispute.opened
E0265,641,payment.authorized|payment.captured|payment.failed|refund.created|refund.settled|payout.paid|dispute.opened|dispute.won|dispute.lost|subscription.renewed|subscription.cancelled
E0266,908,payment.authorized|payment.captured|payment.failed|refund.created|refund.settled|payout.paid|dispute.opened|dispute.won|dispute.lost|subscription.renewed|subscription.cancelled
E0266,640,payment.authorized|dispute.opened
E0266,641,payment.authorized|payment.captured|payment.failed|refund.created|refund.settled|payout.paid|dispute.opened|dispute.won|dispute.lost|subscription.renewed|subscription.cancelled
E0267,909,payment.authorized|payment.captured|payment.failed|refund.created|refund.settled|payout.paid|dispute.opened|dispute.won|dispute.lost|subscription.renewed|subscription.cancelled
E0267,641,payment.authorized|payment.captured|payment.failed|refund.created|refund.settled|payout.paid|dispute.opened|dispute.won|dispute.lost|subscription.renewed|subscription.cancelled
E0268,910,payment.authorized|payment.captured|payment.failed|refund.created|refund.settled|payout.paid|dispute.opened|dispute.won|dispute.lost|subscription.renewed|subscription.cancelled
E0268,641,payment.authorized|payment.captured|payment.failed|refund.created|refund.settled|payout.paid|dispute.opened|dispute.won|dispute.lost|subscription.renewed|subscription.cancelled
E0269,911,payment.authorized|payment.captured|payment.failed|refund.created|refund.settled|payout.paid|dispute.opened|dispute.won|dispute.lost|subscription.renewed|subscription.cancelled
E0269,641,payment.authorized|payment.captured|payment.failed|refund.created|refund.settled|payout.paid|dispute.opened|dispute.won|dispute.lost|subscription.renewed|subscription.cancelled
E0270,912,payment.authorized|payment.captured|payment.failed|refund.created|refund.settled|payout.paid|dispute.opened|dispute.won|dispute.lost|subscription.renewed|subscription.cancelled
E0270,640,payment.authorized|dispute.opened
E0270,641,payment.authorized|payment.captured|payment.failed|refund.created|refund.settled|payout.paid|dispute.opened|dispute.won|dispute.lost|subscription.renewed|subscription.cancelled
E0271,913,payment.authorized|payment.captured|payment.failed|refund.created|refund.settled|payout.paid|dispute.opened|dispute.won|dispute.lost|subscription.renewed|subscription.cancelled
E0271,641,payment.authorized|payment.captured|payment.failed|refund.created|refund.settled|payout.paid|dispute.opened|dispute.won|dispute.lost|subscription.renewed|subscription.cancelled
E0272,914,payment.authorized|payment.captured|payment.failed|refund.created|refund.settled|payout.paid|dispute.opened|dispute.won|dispute.lost|subscription.renewed|subscription.cancelled
E0272,641,payment.authorized|payment.captured|payment.failed|refund.created|refund.settled|payout.paid|dispute.opened|dispute.won|dispute.lost|subscription.renewed|subscription.cancelled
E0273,915,payment.authorized|payment.captured|payment.failed|refund.created|refund.settled|payout.paid|dispute.opened|dispute.won|dispute.lost|subscription.renewed|subscription.cancelled
E0273,641,payment.authorized|payment.captured|payment.failed|refund.created|refund.settled|payout.paid|dispute.opened|dispute.won|dispute.lost|subscription.renewed|subscription.cancelled
E0274,916,payment.authorized|payment.captured|payment.failed|refund.created|refund.settled|payout.paid|dispute.opened|dispute.won|dispute.lost|subscription.renewed|subscription.cancelled
E0274,641,payment.authorized|payment.captured|payment.failed|refund.created|refund.settled|payout.paid|dispute.opened|dispute.won|dispute.lost|subscription.renewed|subscription.cancelled
E0275,917,payment.authorized|payment.captured|payment.failed|refund.created|refund.settled|payout.paid|dispute.opened|dispute.won|dispute.lost|subscription.renewed|subscription.cancelled
E0275,640,payment.authorized|dispute.opened
E0275,641,payment.authorized|payment.captured|payment.failed|refund.created|refund.settled|payout.paid|dispute.opened|dispute.won|dispute.lost|subscription.renewed|subscription.cancelled
E0276,918,payment.authorized|payment.captured|payment.failed|refund.created|refund.settled|payout.paid|dispute.opened|dispute.won|dispute.lost|subscription.renewed|subscription.cancelled
E0276,640,payment.authorized|dispute.opened
E0276,641,payment.authorized|payment.captured|payment.failed|refund.created|refund.settled|payout.paid|dispute.opened|dispute.won|dispute.lost|subscription.renewed|subscription.cancelled
E0277,919,payment.authorized|payment.captured|payment.failed|refund.created|refund.settled|payout.paid|dispute.opened|dispute.won|dispute.lost|subscription.renewed|subscription.cancelled
E0277,640,payment.authorized|dispute.opened
E0277,641,payment.authorized|payment.captured|payment.failed|refund.created|refund.settled|payout.paid|dispute.opened|dispute.won|dispute.lost|subscription.renewed|subscription.cancelled
E0278,920,payment.authorized|payment.captured|payment.failed|refund.created|refund.settled|payout.paid|dispute.opened|dispute.won|dispute.lost|subscription.renewed|subscription.cancelled
E0278,641,payment.authorized|payment.captured|payment.failed|refund.created|refund.settled|payout.paid|dispute.opened|dispute.won|dispute.lost|subscription.renewed|subscription.cancelled
E0279,921,payment.authorized|payment.captured|payment.failed|refund.created|refund.settled|payout.paid|dispute.opened|dispute.won|dispute.lost|subscription.renewed|subscription.cancelled
E0279,641,payment.authorized|payment.captured|payment.failed|refund.created|refund.settled|payout.paid|dispute.opened|dispute.won|dispute.lost|subscription.renewed|subscription.cancelled
E0280,922,payment.authorized|payment.captured|payment.failed|refund.created|refund.settled|payout.paid|dispute.opened|dispute.won|dispute.lost|subscription.renewed|subscription.cancelled
E0280,640,payment.authorized|dispute.opened
E0280,641,payment.authorized|payment.captured|payment.failed|refund.created|refund.settled|payout.paid|dispute.opened|dispute.won|dispute.lost|subscription.renewed|subscription.cancelled
E0281,923,payment.authorized|payment.captured|payment.failed|refund.created|refund.settled|payout.paid|dispute.opened|dispute.won|dispute.lost|subscription.renewed|subscription.cancelled
E0281,641,payment.authorized|payment.captured|payment.failed|refund.created|refund.settled|payout.paid|dispute.opened|dispute.won|dispute.lost|subscription.renewed|subscription.cancelled
E0282,924,payment.authorized|payment.captured|payment.failed|refund.created|refund.settled|payout.paid|dispute.opened|dispute.won|dispute.lost|subscription.renewed|subscription.cancelled
E0282,640,payment.authorized|dispute.opened
E0282,641,payment.authorized|payment.captured|payment.failed|refund.created|refund.settled|payout.paid|dispute.opened|dispute.won|dispute.lost|subscription.renewed|subscription.cancelled
E0283,925,payment.authorized|payment.captured|payment.failed|refund.created|refund.settled|payout.paid|dispute.opened|dispute.won|dispute.lost|subscription.renewed|subscription.cancelled
E0283,641,payment.authorized|payment.captured|payment.failed|refund.created|refund.settled|payout.paid|dispute.opened|dispute.won|dispute.lost|subscription.renewed|subscription.cancelled
E0284,926,payment.authorized|payment.captured|payment.failed|refund.created|refund.settled|payout.paid|dispute.opened|dispute.won|dispute.lost|subscription.renewed|subscription.cancelled
E0284,641,payment.authorized|payment.captured|payment.failed|refund.created|refund.settled|payout.paid|dispute.opened|dispute.won|dispute.lost|subscription.renewed|subscription.cancelled
E0285,927,payment.authorized|payment.captured|payment.failed|refund.created|refund.settled|payout.paid|dispute.opened|dispute.won|dispute.lost|subscription.renewed|subscription.cancelled
E0285,640,payment.authorized|dispute.opened
E0285,641,payment.authorized|payment.captured|payment.failed|refund.created|refund.settled|payout.paid|dispute.opened|dispute.won|dispute.lost|subscription.renewed|subscription.cancelled
E0286,928,payment.authorized|payment.captured|payment.failed|refund.created|refund.settled|payout.paid|dispute.opened|dispute.won|dispute.lost|subscription.renewed|subscription.cancelled
E0286,641,payment.authorized|payment.captured|payment.failed|refund.created|refund.settled|payout.paid|dispute.opened|dispute.won|dispute.lost|subscription.renewed|subscription.cancelled
E0287,929,payment.authorized|payment.captured|payment.failed|refund.created|refund.settled|payout.paid|dispute.opened|dispute.won|dispute.lost|subscription.renewed|subscription.cancelled
E0287,641,payment.authorized|payment.captured|payment.failed|refund.created|refund.settled|payout.paid|dispute.opened|dispute.won|dispute.lost|subscription.renewed|subscription.cancelled
E0288,930,payment.authorized|payment.captured|payment.failed|refund.created|refund.settled|payout.paid|dispute.opened|dispute.won|dispute.lost|subscription.renewed|subscription.cancelled
E0288,640,payment.authorized|dispute.opened
E0288,641,payment.authorized|payment.captured|payment.failed|refund.created|refund.settled|payout.paid|dispute.opened|dispute.won|dispute.lost|subscription.renewed|subscription.cancelled
E0289,931,payment.authorized|payment.captured|payment.failed|refund.created|refund.settled|payout.paid|dispute.opened|dispute.won|dispute.lost|subscription.renewed|subscription.cancelled
E0289,640,payment.authorized|dispute.opened
E0289,641,payment.authorized|payment.captured|payment.failed|refund.created|refund.settled|payout.paid|dispute.opened|dispute.won|dispute.lost|subscription.renewed|subscription.cancelled
E0290,932,payment.authorized|payment.captured|payment.failed|refund.created|refund.settled|payout.paid|dispute.opened|dispute.won|dispute.lost|subscription.renewed|subscription.cancelled
E0290,641,payment.authorized|payment.captured|payment.failed|refund.created|refund.settled|payout.paid|dispute.opened|dispute.won|dispute.lost|subscription.renewed|subscription.cancelled
E0291,933,payment.authorized|payment.captured|payment.failed|refund.created|refund.settled|payout.paid|dispute.opened|dispute.won|dispute.lost|subscription.renewed|subscription.cancelled
E0291,640,payment.authorized|dispute.opened
E0291,641,payment.authorized|payment.captured|payment.failed|refund.created|refund.settled|payout.paid|dispute.opened|dispute.won|dispute.lost|subscription.renewed|subscription.cancelled
E0292,934,payment.authorized|payment.captured|payment.failed|refund.created|refund.settled|payout.paid|dispute.opened|dispute.won|dispute.lost|subscription.renewed|subscription.cancelled
E0292,640,payment.authorized|dispute.opened
E0292,641,payment.authorized|payment.captured|payment.failed|refund.created|refund.settled|payout.paid|dispute.opened|dispute.won|dispute.lost|subscription.renewed|subscription.cancelled
E0293,935,payment.authorized|payment.captured|payment.failed|refund.created|refund.settled|payout.paid|dispute.opened|dispute.won|dispute.lost|subscription.renewed|subscription.cancelled
E0293,641,payment.authorized|payment.captured|payment.failed|refund.created|refund.settled|payout.paid|dispute.opened|dispute.won|dispute.lost|subscription.renewed|subscription.cancelled
E0294,936,payment.authorized|payment.captured|payment.failed|refund.created|refund.settled|payout.paid|dispute.opened|dispute.won|dispute.lost|subscription.renewed|subscription.cancelled
E0294,640,payment.authorized|dispute.opened
E0294,641,payment.authorized|payment.captured|payment.failed|refund.created|refund.settled|payout.paid|dispute.opened|dispute.won|dispute.lost|subscription.renewed|subscription.cancelled
E0295,937,payment.authorized|payment.captured|payment.failed|refund.created|refund.settled|payout.paid|dispute.opened|dispute.won|dispute.lost|subscription.renewed|subscription.cancelled
E0295,640,payment.authorized|dispute.opened
E0295,641,payment.authorized|payment.captured|payment.failed|refund.created|refund.settled|payout.paid|dispute.opened|dispute.won|dispute.lost|subscription.renewed|subscription.cancelled
E0296,938,payment.authorized|payment.captured|payment.failed|refund.created|refund.settled|payout.paid|dispute.opened|dispute.won|dispute.lost|subscription.renewed|subscription.cancelled
E0296,640,payment.authorized|dispute.opened
E0296,641,payment.authorized|payment.captured|payment.failed|refund.created|refund.settled|payout.paid|dispute.opened|dispute.won|dispute.lost|subscription.renewed|subscription.cancelled
E0297,939,payment.authorized|payment.captured|payment.failed|refund.created|refund.settled|payout.paid|dispute.opened|dispute.won|dispute.lost|subscription.renewed|subscription.cancelled
E0297,641,payment.authorized|payment.captured|payment.failed|refund.created|refund.settled|payout.paid|dispute.opened|dispute.won|dispute.lost|subscription.renewed|subscription.cancelled
E0298,940,payment.authorized|payment.captured|payment.failed|refund.created|refund.settled|payout.paid|dispute.opened|dispute.won|dispute.lost|subscription.renewed|subscription.cancelled
E0298,640,payment.authorized|dispute.opened
E0298,641,payment.authorized|payment.captured|payment.failed|refund.created|refund.settled|payout.paid|dispute.opened|dispute.won|dispute.lost|subscription.renewed|subscription.cancelled
E0299,941,payment.authorized|payment.captured|payment.failed|refund.created|refund.settled|payout.paid|dispute.opened|dispute.won|dispute.lost|subscription.renewed|subscription.cancelled
E0299,640,payment.authorized|dispute.opened
E0299,641,payment.authorized|payment.captured|payment.failed|refund.created|refund.settled|payout.paid|dispute.opened|dispute.won|dispute.lost|subscription.renewed|subscription.cancelled
N0000,641,payment.authorized|payment.captured|payment.failed|refund.created|refund.settled|payout.paid|dispute.opened|dispute.won|dispute.lost|subscription.renewed|subscription.cancelled
N0001,641,payment.authorized|payment.captured|payment.failed|refund.created|refund.settled|payout.paid|dispute.opened|dispute.won|dispute.lost|subscription.renewed|subscription.cancelled
N0002,641,payment.authorized|payment.captured|payment.failed|refund.created|refund.settled|payout.paid|dispute.opened|dispute.won|dispute.lost|subscription.renewed|subscription.cancelled
N0003,641,payment.authorized|payment.captured|payment.failed|refund.created|refund.settled|payout.paid|dispute.opened|dispute.won|dispute.lost|subscription.renewed|subscription.cancelled
N0004,641,payment.authorized|payment.captured|payment.failed|refund.created|refund.settled|payout.paid|dispute.opened|dispute.won|dispute.lost|subscription.renewed|subscription.cancelled
N0005,641,payment.authorized|payment.captured|payment.failed|refund.created|refund.settled|payout.paid|dispute.opened|dispute.won|dispute.lost|subscription.renewed|subscription.cancelled
N0006,641,payment.authorized|payment.captured|payment.failed|refund.created|refund.settled|payout.paid|dispute.opened|dispute.won|dispute.lost|subscription.renewed|subscription.cancelled
N0007,641,payment.authorized|payment.captured|payment.failed|refund.created|refund.settled|payout.paid|dispute.opened|dispute.won|dispute.lost|subscription.renewed|subscription.cancelled
N0008,641,payment.authorized|payment.captured|payment.failed|refund.created|refund.settled|payout.paid|dispute.opened|dispute.won|dispute.lost|subscription.renewed|subscription.cancelled
N0009,641,payment.authorized|payment.captured|payment.failed|refund.created|refund.settled|payout.paid|dispute.opened|dispute.won|dispute.lost|subscription.renewed|subscription.cancelled
N0010,641,payment.authorized|payment.captured|payment.failed|refund.created|refund.settled|payout.paid|dispute.opened|dispute.won|dispute.lost|subscription.renewed|subscription.cancelled
N0011,641,payment.authorized|payment.captured|payment.failed|refund.created|refund.settled|payout.paid|dispute.opened|dispute.won|dispute.lost|subscription.renewed|subscription.cancelled
N0012,641,payment.authorized|payment.captured|payment.failed|refund.created|refund.settled|payout.paid|dispute.opened|dispute.won|dispute.lost|subscription.renewed|subscription.cancelled
N0013,641,payment.authorized|payment.captured|payment.failed|refund.created|refund.settled|payout.paid|dispute.opened|dispute.won|dispute.lost|subscription.renewed|subscription.cancelled
N0014,641,payment.authorized|payment.captured|payment.failed|refund.created|refund.settled|payout.paid|dispute.opened|dispute.won|dispute.lost|subscription.renewed|subscription.cancelled
N0015,641,payment.authorized|payment.captured|payment.failed|refund.created|refund.settled|payout.paid|dispute.opened|dispute.won|dispute.lost|subscription.renewed|subscription.cancelled
N0016,641,payment.authorized|payment.captured|payment.failed|refund.created|refund.settled|payout.paid|dispute.opened|dispute.won|dispute.lost|subscription.renewed|subscription.cancelled
N0017,641,payment.authorized|payment.captured|payment.failed|refund.created|refund.settled|payout.paid|dispute.opened|dispute.won|dispute.lost|subscription.renewed|subscription.cancelled
N0018,641,payment.authorized|payment.captured|payment.failed|refund.created|refund.settled|payout.paid|dispute.opened|dispute.won|dispute.lost|subscription.renewed|subscription.cancelled
N0019,641,payment.authorized|payment.captured|payment.failed|refund.created|refund.settled|payout.paid|dispute.opened|dispute.won|dispute.lost|subscription.renewed|subscription.cancelled
N0020,641,payment.authorized|payment.captured|payment.failed|refund.created|refund.settled|payout.paid|dispute.opened|dispute.won|dispute.lost|subscription.renewed|subscription.cancelled
N0021,641,payment.authorized|payment.captured|payment.failed|refund.created|refund.settled|payout.paid|dispute.opened|dispute.won|dispute.lost|subscription.renewed|subscription.cancelled
N0022,641,payment.authorized|payment.captured|payment.failed|refund.created|refund.settled|payout.paid|dispute.opened|dispute.won|dispute.lost|subscription.renewed|subscription.cancelled
N0023,641,payment.authorized|payment.captured|payment.failed|refund.created|refund.settled|payout.paid|dispute.opened|dispute.won|dispute.lost|subscription.renewed|subscription.cancelled
N0024,641,payment.authorized|payment.captured|payment.failed|refund.created|refund.settled|payout.paid|dispute.opened|dispute.won|dispute.lost|subscription.renewed|subscription.cancelled
N0025,641,payment.authorized|payment.captured|payment.failed|refund.created|refund.settled|payout.paid|dispute.opened|dispute.won|dispute.lost|subscription.renewed|subscription.cancelled
N0026,641,payment.authorized|payment.captured|payment.failed|refund.created|refund.settled|payout.paid|dispute.opened|dispute.won|dispute.lost|subscription.renewed|subscription.cancelled
N0027,641,payment.authorized|payment.captured|payment.failed|refund.created|refund.settled|payout.paid|dispute.opened|dispute.won|dispute.lost|subscription.renewed|subscription.cancelled
N0028,641,payment.authorized|payment.captured|payment.failed|refund.created|refund.settled|payout.paid|dispute.opened|dispute.won|dispute.lost|subscription.renewed|subscription.cancelled
N0029,641,payment.authorized|payment.captured|payment.failed|refund.created|refund.settled|payout.paid|dispute.opened|dispute.won|dispute.lost|subscription.renewed|subscription.cancelled
N0030,641,payment.authorized|payment.captured|payment.failed|refund.created|refund.settled|payout.paid|dispute.opened|dispute.won|dispute.lost|subscription.renewed|subscription.cancelled
N0031,641,payment.authorized|payment.captured|payment.failed|refund.created|refund.settled|payout.paid|dispute.opened|dispute.won|dispute.lost|subscription.renewed|subscription.cancelled
N0032,641,payment.authorized|payment.captured|payment.failed|refund.created|refund.settled|payout.paid|dispute.opened|dispute.won|dispute.lost|subscription.renewed|subscription.cancelled
N0033,641,payment.authorized|payment.captured|payment.failed|refund.created|refund.settled|payout.paid|dispute.opened|dispute.won|dispute.lost|subscription.renewed|subscription.cancelled
N0034,641,payment.authorized|payment.captured|payment.failed|refund.created|refund.settled|payout.paid|dispute.opened|dispute.won|dispute.lost|subscription.renewed|subscription.cancelled
N0035,641,payment.authorized|payment.captured|payment.failed|refund.created|refund.settled|payout.paid|dispute.opened|dispute.won|dispute.lost|subscription.renewed|subscription.cancelled
N0036,641,payment.authorized|payment.captured|payment.failed|refund.created|refund.settled|payout.paid|dispute.opened|dispute.won|dispute.lost|subscription.renewed|subscription.cancelled
N0037,641,payment.authorized|payment.captured|payment.failed|refund.created|refund.settled|payout.paid|dispute.opened|dispute.won|dispute.lost|subscription.renewed|subscription.cancelled
N0038,641,payment.authorized|payment.captured|payment.failed|refund.created|refund.settled|payout.paid|dispute.opened|dispute.won|dispute.lost|subscription.renewed|subscription.cancelled
N0039,641,payment.authorized|payment.captured|payment.failed|refund.created|refund.settled|payout.paid|dispute.opened|dispute.won|dispute.lost|subscription.renewed|subscription.cancelled
N0040,641,payment.authorized|payment.captured|payment.failed|refund.created|refund.settled|payout.paid|dispute.opened|dispute.won|dispute.lost|subscription.renewed|subscription.cancelled
N0041,641,payment.authorized|payment.captured|payment.failed|refund.created|refund.settled|payout.paid|dispute.opened|dispute.won|dispute.lost|subscription.renewed|subscription.cancelled
N0042,641,payment.authorized|payment.captured|payment.failed|refund.created|refund.settled|payout.paid|dispute.opened|dispute.won|dispute.lost|subscription.renewed|subscription.cancelled
N0043,641,payment.authorized|payment.captured|payment.failed|refund.created|refund.settled|payout.paid|dispute.opened|dispute.won|dispute.lost|subscription.renewed|subscription.cancelled
N0044,641,payment.authorized|payment.captured|payment.failed|refund.created|refund.settled|payout.paid|dispute.opened|dispute.won|dispute.lost|subscription.renewed|subscription.cancelled
N0045,641,payment.authorized|payment.captured|payment.failed|refund.created|refund.settled|payout.paid|dispute.opened|dispute.won|dispute.lost|subscription.renewed|subscription.cancelled
N0046,641,payment.authorized|payment.captured|payment.failed|refund.created|refund.settled|payout.paid|dispute.opened|dispute.won|dispute.lost|subscription.renewed|subscription.cancelled
N0047,641,payment.authorized|payment.captured|payment.failed|refund.created|refund.settled|payout.paid|dispute.opened|dispute.won|dispute.lost|subscription.renewed|subscription.cancelled
N0048,641,payment.authorized|payment.captured|payment.failed|refund.created|refund.settled|payout.paid|dispute.opened|dispute.won|dispute.lost|subscription.renewed|subscription.cancelled
N0049,641,payment.authorized|payment.captured|payment.failed|refund.created|refund.settled|payout.paid|dispute.opened|dispute.won|dispute.lost|subscription.renewed|subscription.cancelled
N0050,641,payment.authorized|payment.captured|payment.failed|refund.created|refund.settled|payout.paid|dispute.opened|dispute.won|dispute.lost|subscription.renewed|subscription.cancelled
N0051,641,payment.authorized|payment.captured|payment.failed|refund.created|refund.settled|payout.paid|dispute.opened|dispute.won|dispute.lost|subscription.renewed|subscription.cancelled
N0052,641,payment.authorized|payment.captured|payment.failed|refund.created|refund.settled|payout.paid|dispute.opened|dispute.won|dispute.lost|subscription.renewed|subscription.cancelled
N0053,641,payment.authorized|payment.captured|payment.failed|refund.created|refund.settled|payout.paid|dispute.opened|dispute.won|dispute.lost|subscription.renewed|subscription.cancelled
N0054,641,payment.authorized|payment.captured|payment.failed|refund.created|refund.settled|payout.paid|dispute.opened|dispute.won|dispute.lost|subscription.renewed|subscription.cancelled
N0055,641,payment.authorized|payment.captured|payment.failed|refund.created|refund.settled|payout.paid|dispute.opened|dispute.won|dispute.lost|subscription.renewed|subscription.cancelled
N0056,641,payment.authorized|payment.captured|payment.failed|refund.created|refund.settled|payout.paid|dispute.opened|dispute.won|dispute.lost|subscription.renewed|subscription.cancelled
N0057,641,payment.authorized|payment.captured|payment.failed|refund.created|refund.settled|payout.paid|dispute.opened|dispute.won|dispute.lost|subscription.renewed|subscription.cancelled
N0058,641,payment.authorized|payment.captured|payment.failed|refund.created|refund.settled|payout.paid|dispute.opened|dispute.won|dispute.lost|subscription.renewed|subscription.cancelled
N0059,641,payment.authorized|payment.captured|payment.failed|refund.created|refund.settled|payout.paid|dispute.opened|dispute.won|dispute.lost|subscription.renewed|subscription.cancelled
N0060,641,payment.authorized|payment.captured|payment.failed|refund.created|refund.settled|payout.paid|dispute.opened|dispute.won|dispute.lost|subscription.renewed|subscription.cancelled
N0061,641,payment.authorized|payment.captured|payment.failed|refund.created|refund.settled|payout.paid|dispute.opened|dispute.won|dispute.lost|subscription.renewed|subscription.cancelled
N0062,641,payment.authorized|payment.captured|payment.failed|refund.created|refund.settled|payout.paid|dispute.opened|dispute.won|dispute.lost|subscription.renewed|subscription.cancelled
N0063,641,payment.authorized|payment.captured|payment.failed|refund.created|refund.settled|payout.paid|dispute.opened|dispute.won|dispute.lost|subscription.renewed|subscription.cancelled
N0064,641,payment.authorized|payment.captured|payment.failed|refund.created|refund.settled|payout.paid|dispute.opened|dispute.won|dispute.lost|subscription.renewed|subscription.cancelled
N0065,641,payment.authorized|payment.captured|payment.failed|refund.created|refund.settled|payout.paid|dispute.opened|dispute.won|dispute.lost|subscription.renewed|subscription.cancelled
N0066,641,payment.authorized|payment.captured|payment.failed|refund.created|refund.settled|payout.paid|dispute.opened|dispute.won|dispute.lost|subscription.renewed|subscription.cancelled
N0067,641,payment.authorized|payment.captured|payment.failed|refund.created|refund.settled|payout.paid|dispute.opened|dispute.won|dispute.lost|subscription.renewed|subscription.cancelled
N0068,641,payment.authorized|payment.captured|payment.failed|refund.created|refund.settled|payout.paid|dispute.opened|dispute.won|dispute.lost|subscription.renewed|subscription.cancelled
N0069,641,payment.authorized|payment.captured|payment.failed|refund.created|refund.settled|payout.paid|dispute.opened|dispute.won|dispute.lost|subscription.renewed|subscription.cancelled
N0070,641,payment.authorized|payment.captured|payment.failed|refund.created|refund.settled|payout.paid|dispute.opened|dispute.won|dispute.lost|subscription.renewed|subscription.cancelled
N0071,641,payment.authorized|payment.captured|payment.failed|refund.created|refund.settled|payout.paid|dispute.opened|dispute.won|dispute.lost|subscription.renewed|subscription.cancelled
N0072,641,payment.authorized|payment.captured|payment.failed|refund.created|refund.settled|payout.paid|dispute.opened|dispute.won|dispute.lost|subscription.renewed|subscription.cancelled
N0073,641,payment.authorized|payment.captured|payment.failed|refund.created|refund.settled|payout.paid|dispute.opened|dispute.won|dispute.lost|subscription.renewed|subscription.cancelled
N0074,641,payment.authorized|payment.captured|payment.failed|refund.created|refund.settled|payout.paid|dispute.opened|dispute.won|dispute.lost|subscription.renewed|subscription.cancelled
N0075,641,payment.authorized|payment.captured|payment.failed|refund.created|refund.settled|payout.paid|dispute.opened|dispute.won|dispute.lost|subscription.renewed|subscription.cancelled
N0076,641,payment.authorized|payment.captured|payment.failed|refund.created|refund.settled|payout.paid|dispute.opened|dispute.won|dispute.lost|subscription.renewed|subscription.cancelled
N0077,641,payment.authorized|payment.captured|payment.failed|refund.created|refund.settled|payout.paid|dispute.opened|dispute.won|dispute.lost|subscription.renewed|subscription.cancelled
N0078,641,payment.authorized|payment.captured|payment.failed|refund.created|refund.settled|payout.paid|dispute.opened|dispute.won|dispute.lost|subscription.renewed|subscription.cancelled
N0079,641,payment.authorized|payment.captured|payment.failed|refund.created|refund.settled|payout.paid|dispute.opened|dispute.won|dispute.lost|subscription.renewed|subscription.cancelled
N0080,641,payment.authorized|payment.captured|payment.failed|refund.created|refund.settled|payout.paid|dispute.opened|dispute.won|dispute.lost|subscription.renewed|subscription.cancelled
N0081,641,payment.authorized|payment.captured|payment.failed|refund.created|refund.settled|payout.paid|dispute.opened|dispute.won|dispute.lost|subscription.renewed|subscription.cancelled
N0082,641,payment.authorized|payment.captured|payment.failed|refund.created|refund.settled|payout.paid|dispute.opened|dispute.won|dispute.lost|subscription.renewed|subscription.cancelled
N0083,641,payment.authorized|payment.captured|payment.failed|refund.created|refund.settled|payout.paid|dispute.opened|dispute.won|dispute.lost|subscription.renewed|subscription.cancelled
N0084,641,payment.authorized|payment.captured|payment.failed|refund.created|refund.settled|payout.paid|dispute.opened|dispute.won|dispute.lost|subscription.renewed|subscription.cancelled
N0085,641,payment.authorized|payment.captured|payment.failed|refund.created|refund.settled|payout.paid|dispute.opened|dispute.won|dispute.lost|subscription.renewed|subscription.cancelled
N0086,641,payment.authorized|payment.captured|payment.failed|refund.created|refund.settled|payout.paid|dispute.opened|dispute.won|dispute.lost|subscription.renewed|subscription.cancelled
N0087,641,payment.authorized|payment.captured|payment.failed|refund.created|refund.settled|payout.paid|dispute.opened|dispute.won|dispute.lost|subscription.renewed|subscription.cancelled
N0088,641,payment.authorized|payment.captured|payment.failed|refund.created|refund.settled|payout.paid|dispute.opened|dispute.won|dispute.lost|subscription.renewed|subscription.cancelled
N0089,641,payment.authorized|payment.captured|payment.failed|refund.created|refund.settled|payout.paid|dispute.opened|dispute.won|dispute.lost|subscription.renewed|subscription.cancelled
N0090,641,payment.authorized|payment.captured|payment.failed|refund.created|refund.settled|payout.paid|dispute.opened|dispute.won|dispute.lost|subscription.renewed|subscription.cancelled
N0091,641,payment.authorized|payment.captured|payment.failed|refund.created|refund.settled|payout.paid|dispute.opened|dispute.won|dispute.lost|subscription.renewed|subscription.cancelled
N0092,641,payment.authorized|payment.captured|payment.failed|refund.created|refund.settled|payout.paid|dispute.opened|dispute.won|dispute.lost|subscription.renewed|subscription.cancelled
N0093,641,payment.authorized|payment.captured|payment.failed|refund.created|refund.settled|payout.paid|dispute.opened|dispute.won|dispute.lost|subscription.renewed|subscription.cancelled
N0094,641,payment.authorized|payment.captured|payment.failed|refund.created|refund.settled|payout.paid|dispute.opened|dispute.won|dispute.lost|subscription.renewed|subscription.cancelled
N0095,641,payment.authorized|payment.captured|payment.failed|refund.created|refund.settled|payout.paid|dispute.opened|dispute.won|dispute.lost|subscription.renewed|subscription.cancelled
N0096,641,payment.authorized|payment.captured|payment.failed|refund.created|refund.settled|payout.paid|dispute.opened|dispute.won|dispute.lost|subscription.renewed|subscription.cancelled
N0097,641,payment.authorized|payment.captured|payment.failed|refund.created|refund.settled|payout.paid|dispute.opened|dispute.won|dispute.lost|subscription.renewed|subscription.cancelled
N0098,641,payment.authorized|payment.captured|payment.failed|refund.created|refund.settled|payout.paid|dispute.opened|dispute.won|dispute.lost|subscription.renewed|subscription.cancelled
N0099,641,payment.authorized|payment.captured|payment.failed|refund.created|refund.settled|payout.paid|dispute.opened|dispute.won|dispute.lost|subscription.renewed|subscription.cancelled
N0100,641,payment.authorized|payment.captured|payment.failed|refund.created|refund.settled|payout.paid|dispute.opened|dispute.won|dispute.lost|subscription.renewed|subscription.cancelled
N0101,641,payment.authorized|payment.captured|payment.failed|refund.created|refund.settled|payout.paid|dispute.opened|dispute.won|dispute.lost|subscription.renewed|subscription.cancelled
N0102,641,payment.authorized|payment.captured|payment.failed|refund.created|refund.settled|payout.paid|dispute.opened|dispute.won|dispute.lost|subscription.renewed|subscription.cancelled
N0103,641,payment.authorized|payment.captured|payment.failed|refund.created|refund.settled|payout.paid|dispute.opened|dispute.won|dispute.lost|subscription.renewed|subscription.cancelled
N0104,641,payment.authorized|payment.captured|payment.failed|refund.created|refund.settled|payout.paid|dispute.opened|dispute.won|dispute.lost|subscription.renewed|subscription.cancelled
N0105,641,payment.authorized|payment.captured|payment.failed|refund.created|refund.settled|payout.paid|dispute.opened|dispute.won|dispute.lost|subscription.renewed|subscription.cancelled
N0106,641,payment.authorized|payment.captured|payment.failed|refund.created|refund.settled|payout.paid|dispute.opened|dispute.won|dispute.lost|subscription.renewed|subscription.cancelled
N0107,641,payment.authorized|payment.captured|payment.failed|refund.created|refund.settled|payout.paid|dispute.opened|dispute.won|dispute.lost|subscription.renewed|subscription.cancelled
N0108,641,payment.authorized|payment.captured|payment.failed|refund.created|refund.settled|payout.paid|dispute.opened|dispute.won|dispute.lost|subscription.renewed|subscription.cancelled
N0109,641,payment.authorized|payment.captured|payment.failed|refund.created|refund.settled|payout.paid|dispute.opened|dispute.won|dispute.lost|subscription.renewed|subscription.cancelled
N0110,641,payment.authorized|payment.captured|payment.failed|refund.created|refund.settled|payout.paid|dispute.opened|dispute.won|dispute.lost|subscription.renewed|subscription.cancelled
N0111,641,payment.authorized|payment.captured|payment.failed|refund.created|refund.settled|payout.paid|dispute.opened|dispute.won|dispute.lost|subscription.renewed|subscription.cancelled
N0112,641,payment.authorized|payment.captured|payment.failed|refund.created|refund.settled|payout.paid|dispute.opened|dispute.won|dispute.lost|subscription.renewed|subscription.cancelled
N0113,641,payment.authorized|payment.captured|payment.failed|refund.created|refund.settled|payout.paid|dispute.opened|dispute.won|dispute.lost|subscription.renewed|subscription.cancelled
N0114,641,payment.authorized|payment.captured|payment.failed|refund.created|refund.settled|payout.paid|dispute.opened|dispute.won|dispute.lost|subscription.renewed|subscription.cancelled
N0115,641,payment.authorized|payment.captured|payment.failed|refund.created|refund.settled|payout.paid|dispute.opened|dispute.won|dispute.lost|subscription.renewed|subscription.cancelled
N0116,641,payment.authorized|payment.captured|payment.failed|refund.created|refund.settled|payout.paid|dispute.opened|dispute.won|dispute.lost|subscription.renewed|subscription.cancelled
N0117,641,payment.authorized|payment.captured|payment.failed|refund.created|refund.settled|payout.paid|dispute.opened|dispute.won|dispute.lost|subscription.renewed|subscription.cancelled
N0118,641,payment.authorized|payment.captured|payment.failed|refund.created|refund.settled|payout.paid|dispute.opened|dispute.won|dispute.lost|subscription.renewed|subscription.cancelled
N0119,641,payment.authorized|payment.captured|payment.failed|refund.created|refund.settled|payout.paid|dispute.opened|dispute.won|dispute.lost|subscription.renewed|subscription.cancelled
N0120,641,payment.authorized|payment.captured|payment.failed|refund.created|refund.settled|payout.paid|dispute.opened|dispute.won|dispute.lost|subscription.renewed|subscription.cancelled
N0121,641,payment.authorized|payment.captured|payment.failed|refund.created|refund.settled|payout.paid|dispute.opened|dispute.won|dispute.lost|subscription.renewed|subscription.cancelled
N0122,641,payment.authorized|payment.captured|payment.failed|refund.created|refund.settled|payout.paid|dispute.opened|dispute.won|dispute.lost|subscription.renewed|subscription.cancelled
N0123,641,payment.authorized|payment.captured|payment.failed|refund.created|refund.settled|payout.paid|dispute.opened|dispute.won|dispute.lost|subscription.renewed|subscription.cancelled
N0124,641,payment.authorized|payment.captured|payment.failed|refund.created|refund.settled|payout.paid|dispute.opened|dispute.won|dispute.lost|subscription.renewed|subscription.cancelled
N0125,641,payment.authorized|payment.captured|payment.failed|refund.created|refund.settled|payout.paid|dispute.opened|dispute.won|dispute.lost|subscription.renewed|subscription.cancelled
N0126,641,payment.authorized|payment.captured|payment.failed|refund.created|refund.settled|payout.paid|dispute.opened|dispute.won|dispute.lost|subscription.renewed|subscription.cancelled
N0127,641,payment.authorized|payment.captured|payment.failed|refund.created|refund.settled|payout.paid|dispute.opened|dispute.won|dispute.lost|subscription.renewed|subscription.cancelled
N0128,641,payment.authorized|payment.captured|payment.failed|refund.created|refund.settled|payout.paid|dispute.opened|dispute.won|dispute.lost|subscription.renewed|subscription.cancelled
N0129,641,payment.authorized|payment.captured|payment.failed|refund.created|refund.settled|payout.paid|dispute.opened|dispute.won|dispute.lost|subscription.renewed|subscription.cancelled
N0130,641,payment.authorized|payment.captured|payment.failed|refund.created|refund.settled|payout.paid|dispute.opened|dispute.won|dispute.lost|subscription.renewed|subscription.cancelled
N0131,641,payment.authorized|payment.captured|payment.failed|refund.created|refund.settled|payout.paid|dispute.opened|dispute.won|dispute.lost|subscription.renewed|subscription.cancelled
N0132,641,payment.authorized|payment.captured|payment.failed|refund.created|refund.settled|payout.paid|dispute.opened|dispute.won|dispute.lost|subscription.renewed|subscription.cancelled
N0133,640,payment.authorized|dispute.opened
N0133,641,payment.authorized|payment.captured|payment.failed|refund.created|refund.settled|payout.paid|dispute.opened|dispute.won|dispute.lost|subscription.renewed|subscription.cancelled
N0134,641,payment.authorized|payment.captured|payment.failed|refund.created|refund.settled|payout.paid|dispute.opened|dispute.won|dispute.lost|subscription.renewed|subscription.cancelled
N0135,641,payment.authorized|payment.captured|payment.failed|refund.created|refund.settled|payout.paid|dispute.opened|dispute.won|dispute.lost|subscription.renewed|subscription.cancelled
N0136,641,payment.authorized|payment.captured|payment.failed|refund.created|refund.settled|payout.paid|dispute.opened|dispute.won|dispute.lost|subscription.renewed|subscription.cancelled
N0137,641,payment.authorized|payment.captured|payment.failed|refund.created|refund.settled|payout.paid|dispute.opened|dispute.won|dispute.lost|subscription.renewed|subscription.cancelled
N0138,641,payment.authorized|payment.captured|payment.failed|refund.created|refund.settled|payout.paid|dispute.opened|dispute.won|dispute.lost|subscription.renewed|subscription.cancelled
N0139,641,payment.authorized|payment.captured|payment.failed|refund.created|refund.settled|payout.paid|dispute.opened|dispute.won|dispute.lost|subscription.renewed|subscription.cancelled
N0140,641,payment.authorized|payment.captured|payment.failed|refund.created|refund.settled|payout.paid|dispute.opened|dispute.won|dispute.lost|subscription.renewed|subscription.cancelled
N0141,641,payment.authorized|payment.captured|payment.failed|refund.created|refund.settled|payout.paid|dispute.opened|dispute.won|dispute.lost|subscription.renewed|subscription.cancelled
N0142,641,payment.authorized|payment.captured|payment.failed|refund.created|refund.settled|payout.paid|dispute.opened|dispute.won|dispute.lost|subscription.renewed|subscription.cancelled
N0143,641,payment.authorized|payment.captured|payment.failed|refund.created|refund.settled|payout.paid|dispute.opened|dispute.won|dispute.lost|subscription.renewed|subscription.cancelled
N0144,641,payment.authorized|payment.captured|payment.failed|refund.created|refund.settled|payout.paid|dispute.opened|dispute.won|dispute.lost|subscription.renewed|subscription.cancelled
N0145,640,payment.authorized|dispute.opened
N0145,641,payment.authorized|payment.captured|payment.failed|refund.created|refund.settled|payout.paid|dispute.opened|dispute.won|dispute.lost|subscription.renewed|subscription.cancelled
N0146,641,payment.authorized|payment.captured|payment.failed|refund.created|refund.settled|payout.paid|dispute.opened|dispute.won|dispute.lost|subscription.renewed|subscription.cancelled
N0147,641,payment.authorized|payment.captured|payment.failed|refund.created|refund.settled|payout.paid|dispute.opened|dispute.won|dispute.lost|subscription.renewed|subscription.cancelled
N0148,641,payment.authorized|payment.captured|payment.failed|refund.created|refund.settled|payout.paid|dispute.opened|dispute.won|dispute.lost|subscription.renewed|subscription.cancelled
N0149,641,payment.authorized|payment.captured|payment.failed|refund.created|refund.settled|payout.paid|dispute.opened|dispute.won|dispute.lost|subscription.renewed|subscription.cancelled
N0150,641,payment.authorized|payment.captured|payment.failed|refund.created|refund.settled|payout.paid|dispute.opened|dispute.won|dispute.lost|subscription.renewed|subscription.cancelled
N0151,641,payment.authorized|payment.captured|payment.failed|refund.created|refund.settled|payout.paid|dispute.opened|dispute.won|dispute.lost|subscription.renewed|subscription.cancelled
N0152,641,payment.authorized|payment.captured|payment.failed|refund.created|refund.settled|payout.paid|dispute.opened|dispute.won|dispute.lost|subscription.renewed|subscription.cancelled
N0153,641,payment.authorized|payment.captured|payment.failed|refund.created|refund.settled|payout.paid|dispute.opened|dispute.won|dispute.lost|subscription.renewed|subscription.cancelled
N0154,641,payment.authorized|payment.captured|payment.failed|refund.created|refund.settled|payout.paid|dispute.opened|dispute.won|dispute.lost|subscription.renewed|subscription.cancelled
N0155,641,payment.authorized|payment.captured|payment.failed|refund.created|refund.settled|payout.paid|dispute.opened|dispute.won|dispute.lost|subscription.renewed|subscription.cancelled
N0156,641,payment.authorized|payment.captured|payment.failed|refund.created|refund.settled|payout.paid|dispute.opened|dispute.won|dispute.lost|subscription.renewed|subscription.cancelled
N0157,641,payment.authorized|payment.captured|payment.failed|refund.created|refund.settled|payout.paid|dispute.opened|dispute.won|dispute.lost|subscription.renewed|subscription.cancelled
N0158,641,payment.authorized|payment.captured|payment.failed|refund.created|refund.settled|payout.paid|dispute.opened|dispute.won|dispute.lost|subscription.renewed|subscription.cancelled
N0159,641,payment.authorized|payment.captured|payment.failed|refund.created|refund.settled|payout.paid|dispute.opened|dispute.won|dispute.lost|subscription.renewed|subscription.cancelled
N0160,641,payment.authorized|payment.captured|payment.failed|refund.created|refund.settled|payout.paid|dispute.opened|dispute.won|dispute.lost|subscription.renewed|subscription.cancelled
N0161,641,payment.authorized|payment.captured|payment.failed|refund.created|refund.settled|payout.paid|dispute.opened|dispute.won|dispute.lost|subscription.renewed|subscription.cancelled
N0162,641,payment.authorized|payment.captured|payment.failed|refund.created|refund.settled|payout.paid|dispute.opened|dispute.won|dispute.lost|subscription.renewed|subscription.cancelled
N0163,641,payment.authorized|payment.captured|payment.failed|refund.created|refund.settled|payout.paid|dispute.opened|dispute.won|dispute.lost|subscription.renewed|subscription.cancelled
N0164,641,payment.authorized|payment.captured|payment.failed|refund.created|refund.settled|payout.paid|dispute.opened|dispute.won|dispute.lost|subscription.renewed|subscription.cancelled
N0165,641,payment.authorized|payment.captured|payment.failed|refund.created|refund.settled|payout.paid|dispute.opened|dispute.won|dispute.lost|subscription.renewed|subscription.cancelled
N0166,641,payment.authorized|payment.captured|payment.failed|refund.created|refund.settled|payout.paid|dispute.opened|dispute.won|dispute.lost|subscription.renewed|subscription.cancelled
N0167,641,payment.authorized|payment.captured|payment.failed|refund.created|refund.settled|payout.paid|dispute.opened|dispute.won|dispute.lost|subscription.renewed|subscription.cancelled
N0168,641,payment.authorized|payment.captured|payment.failed|refund.created|refund.settled|payout.paid|dispute.opened|dispute.won|dispute.lost|subscription.renewed|subscription.cancelled
N0169,641,payment.authorized|payment.captured|payment.failed|refund.created|refund.settled|payout.paid|dispute.opened|dispute.won|dispute.lost|subscription.renewed|subscription.cancelled
N0170,641,payment.authorized|payment.captured|payment.failed|refund.created|refund.settled|payout.paid|dispute.opened|dispute.won|dispute.lost|subscription.renewed|subscription.cancelled
N0171,641,payment.authorized|payment.captured|payment.failed|refund.created|refund.settled|payout.paid|dispute.opened|dispute.won|dispute.lost|subscription.renewed|subscription.cancelled
N0172,641,payment.authorized|payment.captured|payment.failed|refund.created|refund.settled|payout.paid|dispute.opened|dispute.won|dispute.lost|subscription.renewed|subscription.cancelled
N0173,640,payment.authorized|dispute.opened
N0173,641,payment.authorized|payment.captured|payment.failed|refund.created|refund.settled|payout.paid|dispute.opened|dispute.won|dispute.lost|subscription.renewed|subscription.cancelled
N0174,641,payment.authorized|payment.captured|payment.failed|refund.created|refund.settled|payout.paid|dispute.opened|dispute.won|dispute.lost|subscription.renewed|subscription.cancelled
N0175,640,payment.authorized|dispute.opened
N0175,641,payment.authorized|payment.captured|payment.failed|refund.created|refund.settled|payout.paid|dispute.opened|dispute.won|dispute.lost|subscription.renewed|subscription.cancelled
N0176,641,payment.authorized|payment.captured|payment.failed|refund.created|refund.settled|payout.paid|dispute.opened|dispute.won|dispute.lost|subscription.renewed|subscription.cancelled
N0177,641,payment.authorized|payment.captured|payment.failed|refund.created|refund.settled|payout.paid|dispute.opened|dispute.won|dispute.lost|subscription.renewed|subscription.cancelled
N0178,641,payment.authorized|payment.captured|payment.failed|refund.created|refund.settled|payout.paid|dispute.opened|dispute.won|dispute.lost|subscription.renewed|subscription.cancelled
N0179,641,payment.authorized|payment.captured|payment.failed|refund.created|refund.settled|payout.paid|dispute.opened|dispute.won|dispute.lost|subscription.renewed|subscription.cancelled
N0180,641,payment.authorized|payment.captured|payment.failed|refund.created|refund.settled|payout.paid|dispute.opened|dispute.won|dispute.lost|subscription.renewed|subscription.cancelled
N0181,640,payment.authorized|dispute.opened
N0181,641,payment.authorized|payment.captured|payment.failed|refund.created|refund.settled|payout.paid|dispute.opened|dispute.won|dispute.lost|subscription.renewed|subscription.cancelled
N0182,641,payment.authorized|payment.captured|payment.failed|refund.created|refund.settled|payout.paid|dispute.opened|dispute.won|dispute.lost|subscription.renewed|subscription.cancelled
N0183,641,payment.authorized|payment.captured|payment.failed|refund.created|refund.settled|payout.paid|dispute.opened|dispute.won|dispute.lost|subscription.renewed|subscription.cancelled
N0184,641,payment.authorized|payment.captured|payment.failed|refund.created|refund.settled|payout.paid|dispute.opened|dispute.won|dispute.lost|subscription.renewed|subscription.cancelled
N0185,641,payment.authorized|payment.captured|payment.failed|refund.created|refund.settled|payout.paid|dispute.opened|dispute.won|dispute.lost|subscription.renewed|subscription.cancelled
N0186,641,payment.authorized|payment.captured|payment.failed|refund.created|refund.settled|payout.paid|dispute.opened|dispute.won|dispute.lost|subscription.renewed|subscription.cancelled
N0187,641,payment.authorized|payment.captured|payment.failed|refund.created|refund.settled|payout.paid|dispute.opened|dispute.won|dispute.lost|subscription.renewed|subscription.cancelled
N0188,641,payment.authorized|payment.captured|payment.failed|refund.created|refund.settled|payout.paid|dispute.opened|dispute.won|dispute.lost|subscription.renewed|subscription.cancelled
N0189,641,payment.authorized|payment.captured|payment.failed|refund.created|refund.settled|payout.paid|dispute.opened|dispute.won|dispute.lost|subscription.renewed|subscription.cancelled
N0190,641,payment.authorized|payment.captured|payment.failed|refund.created|refund.settled|payout.paid|dispute.opened|dispute.won|dispute.lost|subscription.renewed|subscription.cancelled
N0191,641,payment.authorized|payment.captured|payment.failed|refund.created|refund.settled|payout.paid|dispute.opened|dispute.won|dispute.lost|subscription.renewed|subscription.cancelled
N0192,641,payment.authorized|payment.captured|payment.failed|refund.created|refund.settled|payout.paid|dispute.opened|dispute.won|dispute.lost|subscription.renewed|subscription.cancelled
N0193,641,payment.authorized|payment.captured|payment.failed|refund.created|refund.settled|payout.paid|dispute.opened|dispute.won|dispute.lost|subscription.renewed|subscription.cancelled
N0194,641,payment.authorized|payment.captured|payment.failed|refund.created|refund.settled|payout.paid|dispute.opened|dispute.won|dispute.lost|subscription.renewed|subscription.cancelled
N0195,641,payment.authorized|payment.captured|payment.failed|refund.created|refund.settled|payout.paid|dispute.opened|dispute.won|dispute.lost|subscription.renewed|subscription.cancelled
N0196,641,payment.authorized|payment.captured|payment.failed|refund.created|refund.settled|payout.paid|dispute.opened|dispute.won|dispute.lost|subscription.renewed|subscription.cancelled
N0197,641,payment.authorized|payment.captured|payment.failed|refund.created|refund.settled|payout.paid|dispute.opened|dispute.won|dispute.lost|subscription.renewed|subscription.cancelled
N0198,641,payment.authorized|payment.captured|payment.failed|refund.created|refund.settled|payout.paid|dispute.opened|dispute.won|dispute.lost|subscription.renewed|subscription.cancelled
N0199,641,payment.authorized|payment.captured|payment.failed|refund.created|refund.settled|payout.paid|dispute.opened|dispute.won|dispute.lost|subscription.renewed|subscription.cancelled
N0200,641,payment.authorized|payment.captured|payment.failed|refund.created|refund.settled|payout.paid|dispute.opened|dispute.won|dispute.lost|subscription.renewed|subscription.cancelled
N0201,640,payment.authorized|dispute.opened
N0201,641,payment.authorized|payment.captured|payment.failed|refund.created|refund.settled|payout.paid|dispute.opened|dispute.won|dispute.lost|subscription.renewed|subscription.cancelled
N0202,641,payment.authorized|payment.captured|payment.failed|refund.created|refund.settled|payout.paid|dispute.opened|dispute.won|dispute.lost|subscription.renewed|subscription.cancelled
N0203,641,payment.authorized|payment.captured|payment.failed|refund.created|refund.settled|payout.paid|dispute.opened|dispute.won|dispute.lost|subscription.renewed|subscription.cancelled
N0204,641,payment.authorized|payment.captured|payment.failed|refund.created|refund.settled|payout.paid|dispute.opened|dispute.won|dispute.lost|subscription.renewed|subscription.cancelled
N0205,641,payment.authorized|payment.captured|payment.failed|refund.created|refund.settled|payout.paid|dispute.opened|dispute.won|dispute.lost|subscription.renewed|subscription.cancelled
N0206,641,payment.authorized|payment.captured|payment.failed|refund.created|refund.settled|payout.paid|dispute.opened|dispute.won|dispute.lost|subscription.renewed|subscription.cancelled
N0207,641,payment.authorized|payment.captured|payment.failed|refund.created|refund.settled|payout.paid|dispute.opened|dispute.won|dispute.lost|subscription.renewed|subscription.cancelled
N0208,641,payment.authorized|payment.captured|payment.failed|refund.created|refund.settled|payout.paid|dispute.opened|dispute.won|dispute.lost|subscription.renewed|subscription.cancelled
N0209,641,payment.authorized|payment.captured|payment.failed|refund.created|refund.settled|payout.paid|dispute.opened|dispute.won|dispute.lost|subscription.renewed|subscription.cancelled
N0210,640,payment.authorized|dispute.opened
N0210,641,payment.authorized|payment.captured|payment.failed|refund.created|refund.settled|payout.paid|dispute.opened|dispute.won|dispute.lost|subscription.renewed|subscription.cancelled
N0211,641,payment.authorized|payment.captured|payment.failed|refund.created|refund.settled|payout.paid|dispute.opened|dispute.won|dispute.lost|subscription.renewed|subscription.cancelled
N0212,641,payment.authorized|payment.captured|payment.failed|refund.created|refund.settled|payout.paid|dispute.opened|dispute.won|dispute.lost|subscription.renewed|subscription.cancelled
N0213,641,payment.authorized|payment.captured|payment.failed|refund.created|refund.settled|payout.paid|dispute.opened|dispute.won|dispute.lost|subscription.renewed|subscription.cancelled
N0214,641,payment.authorized|payment.captured|payment.failed|refund.created|refund.settled|payout.paid|dispute.opened|dispute.won|dispute.lost|subscription.renewed|subscription.cancelled
N0215,641,payment.authorized|payment.captured|payment.failed|refund.created|refund.settled|payout.paid|dispute.opened|dispute.won|dispute.lost|subscription.renewed|subscription.cancelled
N0216,641,payment.authorized|payment.captured|payment.failed|refund.created|refund.settled|payout.paid|dispute.opened|dispute.won|dispute.lost|subscription.renewed|subscription.cancelled
N0217,640,payment.authorized|dispute.opened
N0217,641,payment.authorized|payment.captured|payment.failed|refund.created|refund.settled|payout.paid|dispute.opened|dispute.won|dispute.lost|subscription.renewed|subscription.cancelled
N0218,640,payment.authorized|dispute.opened
N0218,641,payment.authorized|payment.captured|payment.failed|refund.created|refund.settled|payout.paid|dispute.opened|dispute.won|dispute.lost|subscription.renewed|subscription.cancelled
N0219,641,payment.authorized|payment.captured|payment.failed|refund.created|refund.settled|payout.paid|dispute.opened|dispute.won|dispute.lost|subscription.renewed|subscription.cancelled
N0220,641,payment.authorized|payment.captured|payment.failed|refund.created|refund.settled|payout.paid|dispute.opened|dispute.won|dispute.lost|subscription.renewed|subscription.cancelled
N0221,641,payment.authorized|payment.captured|payment.failed|refund.created|refund.settled|payout.paid|dispute.opened|dispute.won|dispute.lost|subscription.renewed|subscription.cancelled
N0222,641,payment.authorized|payment.captured|payment.failed|refund.created|refund.settled|payout.paid|dispute.opened|dispute.won|dispute.lost|subscription.renewed|subscription.cancelled
N0223,641,payment.authorized|payment.captured|payment.failed|refund.created|refund.settled|payout.paid|dispute.opened|dispute.won|dispute.lost|subscription.renewed|subscription.cancelled
N0224,641,payment.authorized|payment.captured|payment.failed|refund.created|refund.settled|payout.paid|dispute.opened|dispute.won|dispute.lost|subscription.renewed|subscription.cancelled
N0225,641,payment.authorized|payment.captured|payment.failed|refund.created|refund.settled|payout.paid|dispute.opened|dispute.won|dispute.lost|subscription.renewed|subscription.cancelled
N0226,641,payment.authorized|payment.captured|payment.failed|refund.created|refund.settled|payout.paid|dispute.opened|dispute.won|dispute.lost|subscription.renewed|subscription.cancelled
N0227,641,payment.authorized|payment.captured|payment.failed|refund.created|refund.settled|payout.paid|dispute.opened|dispute.won|dispute.lost|subscription.renewed|subscription.cancelled
N0228,641,payment.authorized|payment.captured|payment.failed|refund.created|refund.settled|payout.paid|dispute.opened|dispute.won|dispute.lost|subscription.renewed|subscription.cancelled
N0229,641,payment.authorized|payment.captured|payment.failed|refund.created|refund.settled|payout.paid|dispute.opened|dispute.won|dispute.lost|subscription.renewed|subscription.cancelled
N0230,641,payment.authorized|payment.captured|payment.failed|refund.created|refund.settled|payout.paid|dispute.opened|dispute.won|dispute.lost|subscription.renewed|subscription.cancelled
N0231,641,payment.authorized|payment.captured|payment.failed|refund.created|refund.settled|payout.paid|dispute.opened|dispute.won|dispute.lost|subscription.renewed|subscription.cancelled
N0232,641,payment.authorized|payment.captured|payment.failed|refund.created|refund.settled|payout.paid|dispute.opened|dispute.won|dispute.lost|subscription.renewed|subscription.cancelled
N0233,640,payment.authorized|dispute.opened
N0233,641,payment.authorized|payment.captured|payment.failed|refund.created|refund.settled|payout.paid|dispute.opened|dispute.won|dispute.lost|subscription.renewed|subscription.cancelled
N0234,641,payment.authorized|payment.captured|payment.failed|refund.created|refund.settled|payout.paid|dispute.opened|dispute.won|dispute.lost|subscription.renewed|subscription.cancelled
N0235,641,payment.authorized|payment.captured|payment.failed|refund.created|refund.settled|payout.paid|dispute.opened|dispute.won|dispute.lost|subscription.renewed|subscription.cancelled
N0236,641,payment.authorized|payment.captured|payment.failed|refund.created|refund.settled|payout.paid|dispute.opened|dispute.won|dispute.lost|subscription.renewed|subscription.cancelled
N0237,641,payment.authorized|payment.captured|payment.failed|refund.created|refund.settled|payout.paid|dispute.opened|dispute.won|dispute.lost|subscription.renewed|subscription.cancelled
N0238,641,payment.authorized|payment.captured|payment.failed|refund.created|refund.settled|payout.paid|dispute.opened|dispute.won|dispute.lost|subscription.renewed|subscription.cancelled
N0239,641,payment.authorized|payment.captured|payment.failed|refund.created|refund.settled|payout.paid|dispute.opened|dispute.won|dispute.lost|subscription.renewed|subscription.cancelled
N0240,641,payment.authorized|payment.captured|payment.failed|refund.created|refund.settled|payout.paid|dispute.opened|dispute.won|dispute.lost|subscription.renewed|subscription.cancelled
N0241,641,payment.authorized|payment.captured|payment.failed|refund.created|refund.settled|payout.paid|dispute.opened|dispute.won|dispute.lost|subscription.renewed|subscription.cancelled
N0242,641,payment.authorized|payment.captured|payment.failed|refund.created|refund.settled|payout.paid|dispute.opened|dispute.won|dispute.lost|subscription.renewed|subscription.cancelled
N0243,640,payment.authorized|dispute.opened
N0243,641,payment.authorized|payment.captured|payment.failed|refund.created|refund.settled|payout.paid|dispute.opened|dispute.won|dispute.lost|subscription.renewed|subscription.cancelled
N0244,641,payment.authorized|payment.captured|payment.failed|refund.created|refund.settled|payout.paid|dispute.opened|dispute.won|dispute.lost|subscription.renewed|subscription.cancelled
N0245,640,payment.authorized|dispute.opened
N0245,641,payment.authorized|payment.captured|payment.failed|refund.created|refund.settled|payout.paid|dispute.opened|dispute.won|dispute.lost|subscription.renewed|subscription.cancelled
N0246,641,payment.authorized|payment.captured|payment.failed|refund.created|refund.settled|payout.paid|dispute.opened|dispute.won|dispute.lost|subscription.renewed|subscription.cancelled
N0247,641,payment.authorized|payment.captured|payment.failed|refund.created|refund.settled|payout.paid|dispute.opened|dispute.won|dispute.lost|subscription.renewed|subscription.cancelled
N0248,641,payment.authorized|payment.captured|payment.failed|refund.created|refund.settled|payout.paid|dispute.opened|dispute.won|dispute.lost|subscription.renewed|subscription.cancelled
N0249,641,payment.authorized|payment.captured|payment.failed|refund.created|refund.settled|payout.paid|dispute.opened|dispute.won|dispute.lost|subscription.renewed|subscription.cancelled
N0250,641,payment.authorized|payment.captured|payment.failed|refund.created|refund.settled|payout.paid|dispute.opened|dispute.won|dispute.lost|subscription.renewed|subscription.cancelled
N0251,641,payment.authorized|payment.captured|payment.failed|refund.created|refund.settled|payout.paid|dispute.opened|dispute.won|dispute.lost|subscription.renewed|subscription.cancelled
N0252,641,payment.authorized|payment.captured|payment.failed|refund.created|refund.settled|payout.paid|dispute.opened|dispute.won|dispute.lost|subscription.renewed|subscription.cancelled
N0253,641,payment.authorized|payment.captured|payment.failed|refund.created|refund.settled|payout.paid|dispute.opened|dispute.won|dispute.lost|subscription.renewed|subscription.cancelled
N0254,641,payment.authorized|payment.captured|payment.failed|refund.created|refund.settled|payout.paid|dispute.opened|dispute.won|dispute.lost|subscription.renewed|subscription.cancelled
N0255,641,payment.authorized|payment.captured|payment.failed|refund.created|refund.settled|payout.paid|dispute.opened|dispute.won|dispute.lost|subscription.renewed|subscription.cancelled
N0256,641,payment.authorized|payment.captured|payment.failed|refund.created|refund.settled|payout.paid|dispute.opened|dispute.won|dispute.lost|subscription.renewed|subscription.cancelled
N0257,641,payment.authorized|payment.captured|payment.failed|refund.created|refund.settled|payout.paid|dispute.opened|dispute.won|dispute.lost|subscription.renewed|subscription.cancelled
N0258,641,payment.authorized|payment.captured|payment.failed|refund.created|refund.settled|payout.paid|dispute.opened|dispute.won|dispute.lost|subscription.renewed|subscription.cancelled
N0259,641,payment.authorized|payment.captured|payment.failed|refund.created|refund.settled|payout.paid|dispute.opened|dispute.won|dispute.lost|subscription.renewed|subscription.cancelled
N0260,641,payment.authorized|payment.captured|payment.failed|refund.created|refund.settled|payout.paid|dispute.opened|dispute.won|dispute.lost|subscription.renewed|subscription.cancelled
N0261,641,payment.authorized|payment.captured|payment.failed|refund.created|refund.settled|payout.paid|dispute.opened|dispute.won|dispute.lost|subscription.renewed|subscription.cancelled
N0262,641,payment.authorized|payment.captured|payment.failed|refund.created|refund.settled|payout.paid|dispute.opened|dispute.won|dispute.lost|subscription.renewed|subscription.cancelled
N0263,641,payment.authorized|payment.captured|payment.failed|refund.created|refund.settled|payout.paid|dispute.opened|dispute.won|dispute.lost|subscription.renewed|subscription.cancelled
N0264,641,payment.authorized|payment.captured|payment.failed|refund.created|refund.settled|payout.paid|dispute.opened|dispute.won|dispute.lost|subscription.renewed|subscription.cancelled
N0265,641,payment.authorized|payment.captured|payment.failed|refund.created|refund.settled|payout.paid|dispute.opened|dispute.won|dispute.lost|subscription.renewed|subscription.cancelled
N0266,641,payment.authorized|payment.captured|payment.failed|refund.created|refund.settled|payout.paid|dispute.opened|dispute.won|dispute.lost|subscription.renewed|subscription.cancelled
N0267,641,payment.authorized|payment.captured|payment.failed|refund.created|refund.settled|payout.paid|dispute.opened|dispute.won|dispute.lost|subscription.renewed|subscription.cancelled
N0268,641,payment.authorized|payment.captured|payment.failed|refund.created|refund.settled|payout.paid|dispute.opened|dispute.won|dispute.lost|subscription.renewed|subscription.cancelled
N0269,641,payment.authorized|payment.captured|payment.failed|refund.created|refund.settled|payout.paid|dispute.opened|dispute.won|dispute.lost|subscription.renewed|subscription.cancelled
N0270,641,payment.authorized|payment.captured|payment.failed|refund.created|refund.settled|payout.paid|dispute.opened|dispute.won|dispute.lost|subscription.renewed|subscription.cancelled
N0271,641,payment.authorized|payment.captured|payment.failed|refund.created|refund.settled|payout.paid|dispute.opened|dispute.won|dispute.lost|subscription.renewed|subscription.cancelled
N0272,641,payment.authorized|payment.captured|payment.failed|refund.created|refund.settled|payout.paid|dispute.opened|dispute.won|dispute.lost|subscription.renewed|subscription.cancelled
N0273,641,payment.authorized|payment.captured|payment.failed|refund.created|refund.settled|payout.paid|dispute.opened|dispute.won|dispute.lost|subscription.renewed|subscription.cancelled
N0274,641,payment.authorized|payment.captured|payment.failed|refund.created|refund.settled|payout.paid|dispute.opened|dispute.won|dispute.lost|subscription.renewed|subscription.cancelled
N0275,641,payment.authorized|payment.captured|payment.failed|refund.created|refund.settled|payout.paid|dispute.opened|dispute.won|dispute.lost|subscription.renewed|subscription.cancelled
N0276,641,payment.authorized|payment.captured|payment.failed|refund.created|refund.settled|payout.paid|dispute.opened|dispute.won|dispute.lost|subscription.renewed|subscription.cancelled
N0277,641,payment.authorized|payment.captured|payment.failed|refund.created|refund.settled|payout.paid|dispute.opened|dispute.won|dispute.lost|subscription.renewed|subscription.cancelled
N0278,641,payment.authorized|payment.captured|payment.failed|refund.created|refund.settled|payout.paid|dispute.opened|dispute.won|dispute.lost|subscription.renewed|subscription.cancelled
N0279,641,payment.authorized|payment.captured|payment.failed|refund.created|refund.settled|payout.paid|dispute.opened|dispute.won|dispute.lost|subscription.renewed|subscription.cancelled
N0280,641,payment.authorized|payment.captured|payment.failed|refund.created|refund.settled|payout.paid|dispute.opened|dispute.won|dispute.lost|subscription.renewed|subscription.cancelled
N0281,641,payment.authorized|payment.captured|payment.failed|refund.created|refund.settled|payout.paid|dispute.opened|dispute.won|dispute.lost|subscription.renewed|subscription.cancelled
N0282,641,payment.authorized|payment.captured|payment.failed|refund.created|refund.settled|payout.paid|dispute.opened|dispute.won|dispute.lost|subscription.renewed|subscription.cancelled
N0283,641,payment.authorized|payment.captured|payment.failed|refund.created|refund.settled|payout.paid|dispute.opened|dispute.won|dispute.lost|subscription.renewed|subscription.cancelled
N0284,641,payment.authorized|payment.captured|payment.failed|refund.created|refund.settled|payout.paid|dispute.opened|dispute.won|dispute.lost|subscription.renewed|subscription.cancelled
N0285,641,payment.authorized|payment.captured|payment.failed|refund.created|refund.settled|payout.paid|dispute.opened|dispute.won|dispute.lost|subscription.renewed|subscription.cancelled
N0286,641,payment.authorized|payment.captured|payment.failed|refund.created|refund.settled|payout.paid|dispute.opened|dispute.won|dispute.lost|subscription.renewed|subscription.cancelled
N0287,641,payment.authorized|payment.captured|payment.failed|refund.created|refund.settled|payout.paid|dispute.opened|dispute.won|dispute.lost|subscription.renewed|subscription.cancelled
N0288,641,payment.authorized|payment.captured|payment.failed|refund.created|refund.settled|payout.paid|dispute.opened|dispute.won|dispute.lost|subscription.renewed|subscription.cancelled
N0289,641,payment.authorized|payment.captured|payment.failed|refund.created|refund.settled|payout.paid|dispute.opened|dispute.won|dispute.lost|subscription.renewed|subscription.cancelled
N0290,641,payment.authorized|payment.captured|payment.failed|refund.created|refund.settled|payout.paid|dispute.opened|dispute.won|dispute.lost|subscription.renewed|subscription.cancelled
N0291,641,payment.authorized|payment.captured|payment.failed|refund.created|refund.settled|payout.paid|dispute.opened|dispute.won|dispute.lost|subscription.renewed|subscription.cancelled
N0292,641,payment.authorized|payment.captured|payment.failed|refund.created|refund.settled|payout.paid|dispute.opened|dispute.won|dispute.lost|subscription.renewed|subscription.cancelled
N0293,641,payment.authorized|payment.captured|payment.failed|refund.created|refund.settled|payout.paid|dispute.opened|dispute.won|dispute.lost|subscription.renewed|subscription.cancelled
N0294,641,payment.authorized|payment.captured|payment.failed|refund.created|refund.settled|payout.paid|dispute.opened|dispute.won|dispute.lost|subscription.renewed|subscription.cancelled
N0295,641,payment.authorized|payment.captured|payment.failed|refund.created|refund.settled|payout.paid|dispute.opened|dispute.won|dispute.lost|subscription.renewed|subscription.cancelled
N0296,641,payment.authorized|payment.captured|payment.failed|refund.created|refund.settled|payout.paid|dispute.opened|dispute.won|dispute.lost|subscription.renewed|subscription.cancelled
N0297,641,payment.authorized|payment.captured|payment.failed|refund.created|refund.settled|payout.paid|dispute.opened|dispute.won|dispute.lost|subscription.renewed|subscription.cancelled
N0298,641,payment.authorized|payment.captured|payment.failed|refund.created|refund.settled|payout.paid|dispute.opened|dispute.won|dispute.lost|subscription.renewed|subscription.cancelled
N0299,641,payment.authorized|payment.captured|payment.failed|refund.created|refund.settled|payout.paid|dispute.opened|dispute.won|dispute.lost|subscription.renewed|subscription.cancelled
N0300,641,payment.authorized|payment.captured|payment.failed|refund.created|refund.settled|payout.paid|dispute.opened|dispute.won|dispute.lost|subscription.renewed|subscription.cancelled
N0301,641,payment.authorized|payment.captured|payment.failed|refund.created|refund.settled|payout.paid|dispute.opened|dispute.won|dispute.lost|subscription.renewed|subscription.cancelled
N0302,641,payment.authorized|payment.captured|payment.failed|refund.created|refund.settled|payout.paid|dispute.opened|dispute.won|dispute.lost|subscription.renewed|subscription.cancelled
N0303,641,payment.authorized|payment.captured|payment.failed|refund.created|refund.settled|payout.paid|dispute.opened|dispute.won|dispute.lost|subscription.renewed|subscription.cancelled
N0304,641,payment.authorized|payment.captured|payment.failed|refund.created|refund.settled|payout.paid|dispute.opened|dispute.won|dispute.lost|subscription.renewed|subscription.cancelled
N0305,641,payment.authorized|payment.captured|payment.failed|refund.created|refund.settled|payout.paid|dispute.opened|dispute.won|dispute.lost|subscription.renewed|subscription.cancelled
N0306,641,payment.authorized|payment.captured|payment.failed|refund.created|refund.settled|payout.paid|dispute.opened|dispute.won|dispute.lost|subscription.renewed|subscription.cancelled
N0307,641,payment.authorized|payment.captured|payment.failed|refund.created|refund.settled|payout.paid|dispute.opened|dispute.won|dispute.lost|subscription.renewed|subscription.cancelled
N0308,641,payment.authorized|payment.captured|payment.failed|refund.created|refund.settled|payout.paid|dispute.opened|dispute.won|dispute.lost|subscription.renewed|subscription.cancelled
N0309,641,payment.authorized|payment.captured|payment.failed|refund.created|refund.settled|payout.paid|dispute.opened|dispute.won|dispute.lost|subscription.renewed|subscription.cancelled
N0310,641,payment.authorized|payment.captured|payment.failed|refund.created|refund.settled|payout.paid|dispute.opened|dispute.won|dispute.lost|subscription.renewed|subscription.cancelled
N0311,641,payment.authorized|payment.captured|payment.failed|refund.created|refund.settled|payout.paid|dispute.opened|dispute.won|dispute.lost|subscription.renewed|subscription.cancelled
N0312,641,payment.authorized|payment.captured|payment.failed|refund.created|refund.settled|payout.paid|dispute.opened|dispute.won|dispute.lost|subscription.renewed|subscription.cancelled
N0313,641,payment.authorized|payment.captured|payment.failed|refund.created|refund.settled|payout.paid|dispute.opened|dispute.won|dispute.lost|subscription.renewed|subscription.cancelled
N0314,641,payment.authorized|payment.captured|payment.failed|refund.created|refund.settled|payout.paid|dispute.opened|dispute.won|dispute.lost|subscription.renewed|subscription.cancelled
N0315,641,payment.authorized|payment.captured|payment.failed|refund.created|refund.settled|payout.paid|dispute.opened|dispute.won|dispute.lost|subscription.renewed|subscription.cancelled
N0316,641,payment.authorized|payment.captured|payment.failed|refund.created|refund.settled|payout.paid|dispute.opened|dispute.won|dispute.lost|subscription.renewed|subscription.cancelled
N0317,641,payment.authorized|payment.captured|payment.failed|refund.created|refund.settled|payout.paid|dispute.opened|dispute.won|dispute.lost|subscription.renewed|subscription.cancelled
N0318,641,payment.authorized|payment.captured|payment.failed|refund.created|refund.settled|payout.paid|dispute.opened|dispute.won|dispute.lost|subscription.renewed|subscription.cancelled
N0319,641,payment.authorized|payment.captured|payment.failed|refund.created|refund.settled|payout.paid|dispute.opened|dispute.won|dispute.lost|subscription.renewed|subscription.cancelled
N0320,641,payment.authorized|payment.captured|payment.failed|refund.created|refund.settled|payout.paid|dispute.opened|dispute.won|dispute.lost|subscription.renewed|subscription.cancelled
N0321,641,payment.authorized|payment.captured|payment.failed|refund.created|refund.settled|payout.paid|dispute.opened|dispute.won|dispute.lost|subscription.renewed|subscription.cancelled
N0322,641,payment.authorized|payment.captured|payment.failed|refund.created|refund.settled|payout.paid|dispute.opened|dispute.won|dispute.lost|subscription.renewed|subscription.cancelled
N0323,641,payment.authorized|payment.captured|payment.failed|refund.created|refund.settled|payout.paid|dispute.opened|dispute.won|dispute.lost|subscription.renewed|subscription.cancelled
N0324,641,payment.authorized|payment.captured|payment.failed|refund.created|refund.settled|payout.paid|dispute.opened|dispute.won|dispute.lost|subscription.renewed|subscription.cancelled
N0325,641,payment.authorized|payment.captured|payment.failed|refund.created|refund.settled|payout.paid|dispute.opened|dispute.won|dispute.lost|subscription.renewed|subscription.cancelled
N0326,641,payment.authorized|payment.captured|payment.failed|refund.created|refund.settled|payout.paid|dispute.opened|dispute.won|dispute.lost|subscription.renewed|subscription.cancelled
N0327,641,payment.authorized|payment.captured|payment.failed|refund.created|refund.settled|payout.paid|dispute.opened|dispute.won|dispute.lost|subscription.renewed|subscription.cancelled
N0328,641,payment.authorized|payment.captured|payment.failed|refund.created|refund.settled|payout.paid|dispute.opened|dispute.won|dispute.lost|subscription.renewed|subscription.cancelled
N0329,641,payment.authorized|payment.captured|payment.failed|refund.created|refund.settled|payout.paid|dispute.opened|dispute.won|dispute.lost|subscription.renewed|subscription.cancelled
N0330,641,payment.authorized|payment.captured|payment.failed|refund.created|refund.settled|payout.paid|dispute.opened|dispute.won|dispute.lost|subscription.renewed|subscription.cancelled
N0331,641,payment.authorized|payment.captured|payment.failed|refund.created|refund.settled|payout.paid|dispute.opened|dispute.won|dispute.lost|subscription.renewed|subscription.cancelled
N0332,641,payment.authorized|payment.captured|payment.failed|refund.created|refund.settled|payout.paid|dispute.opened|dispute.won|dispute.lost|subscription.renewed|subscription.cancelled
N0333,641,payment.authorized|payment.captured|payment.failed|refund.created|refund.settled|payout.paid|dispute.opened|dispute.won|dispute.lost|subscription.renewed|subscription.cancelled
N0334,641,payment.authorized|payment.captured|payment.failed|refund.created|refund.settled|payout.paid|dispute.opened|dispute.won|dispute.lost|subscription.renewed|subscription.cancelled
N0335,641,payment.authorized|payment.captured|payment.failed|refund.created|refund.settled|payout.paid|dispute.opened|dispute.won|dispute.lost|subscription.renewed|subscription.cancelled
N0336,641,payment.authorized|payment.captured|payment.failed|refund.created|refund.settled|payout.paid|dispute.opened|dispute.won|dispute.lost|subscription.renewed|subscription.cancelled
N0337,641,payment.authorized|payment.captured|payment.failed|refund.created|refund.settled|payout.paid|dispute.opened|dispute.won|dispute.lost|subscription.renewed|subscription.cancelled
N0338,641,payment.authorized|payment.captured|payment.failed|refund.created|refund.settled|payout.paid|dispute.opened|dispute.won|dispute.lost|subscription.renewed|subscription.cancelled
N0339,641,payment.authorized|payment.captured|payment.failed|refund.created|refund.settled|payout.paid|dispute.opened|dispute.won|dispute.lost|subscription.renewed|subscription.cancelled
N0340,641,payment.authorized|payment.captured|payment.failed|refund.created|refund.settled|payout.paid|dispute.opened|dispute.won|dispute.lost|subscription.renewed|subscription.cancelled
N0341,641,payment.authorized|payment.captured|payment.failed|refund.created|refund.settled|payout.paid|dispute.opened|dispute.won|dispute.lost|subscription.renewed|subscription.cancelled
N0342,641,payment.authorized|payment.captured|payment.failed|refund.created|refund.settled|payout.paid|dispute.opened|dispute.won|dispute.lost|subscription.renewed|subscription.cancelled
N0343,641,payment.authorized|payment.captured|payment.failed|refund.created|refund.settled|payout.paid|dispute.opened|dispute.won|dispute.lost|subscription.renewed|subscription.cancelled
N0344,641,payment.authorized|payment.captured|payment.failed|refund.created|refund.settled|payout.paid|dispute.opened|dispute.won|dispute.lost|subscription.renewed|subscription.cancelled
N0345,641,payment.authorized|payment.captured|payment.failed|refund.created|refund.settled|payout.paid|dispute.opened|dispute.won|dispute.lost|subscription.renewed|subscription.cancelled
N0346,641,payment.authorized|payment.captured|payment.failed|refund.created|refund.settled|payout.paid|dispute.opened|dispute.won|dispute.lost|subscription.renewed|subscription.cancelled
N0347,641,payment.authorized|payment.captured|payment.failed|refund.created|refund.settled|payout.paid|dispute.opened|dispute.won|dispute.lost|subscription.renewed|subscription.cancelled
N0348,641,payment.authorized|payment.captured|payment.failed|refund.created|refund.settled|payout.paid|dispute.opened|dispute.won|dispute.lost|subscription.renewed|subscription.cancelled
N0349,641,payment.authorized|payment.captured|payment.failed|refund.created|refund.settled|payout.paid|dispute.opened|dispute.won|dispute.lost|subscription.renewed|subscription.cancelled
N0350,641,payment.authorized|payment.captured|payment.failed|refund.created|refund.settled|payout.paid|dispute.opened|dispute.won|dispute.lost|subscription.renewed|subscription.cancelled
N0351,641,payment.authorized|payment.captured|payment.failed|refund.created|refund.settled|payout.paid|dispute.opened|dispute.won|dispute.lost|subscription.renewed|subscription.cancelled
N0352,641,payment.authorized|payment.captured|payment.failed|refund.created|refund.settled|payout.paid|dispute.opened|dispute.won|dispute.lost|subscription.renewed|subscription.cancelled
N0353,641,payment.authorized|payment.captured|payment.failed|refund.created|refund.settled|payout.paid|dispute.opened|dispute.won|dispute.lost|subscription.renewed|subscription.cancelled
N0354,641,payment.authorized|payment.captured|payment.failed|refund.created|refund.settled|payout.paid|dispute.opened|dispute.won|dispute.lost|subscription.renewed|subscription.cancelled
N0355,641,payment.authorized|payment.captured|payment.failed|refund.created|refund.settled|payout.paid|dispute.opened|dispute.won|dispute.lost|subscription.renewed|subscription.cancelled
N0356,641,payment.authorized|payment.captured|payment.failed|refund.created|refund.settled|payout.paid|dispute.opened|dispute.won|dispute.lost|subscription.renewed|subscription.cancelled
N0357,641,payment.authorized|payment.captured|payment.failed|refund.created|refund.settled|payout.paid|dispute.opened|dispute.won|dispute.lost|subscription.renewed|subscription.cancelled
N0358,641,payment.authorized|payment.captured|payment.failed|refund.created|refund.settled|payout.paid|dispute.opened|dispute.won|dispute.lost|subscription.renewed|subscription.cancelled
N0359,641,payment.authorized|payment.captured|payment.failed|refund.created|refund.settled|payout.paid|dispute.opened|dispute.won|dispute.lost|subscription.renewed|subscription.cancelled
N0360,641,payment.authorized|payment.captured|payment.failed|refund.created|refund.settled|payout.paid|dispute.opened|dispute.won|dispute.lost|subscription.renewed|subscription.cancelled
N0361,641,payment.authorized|payment.captured|payment.failed|refund.created|refund.settled|payout.paid|dispute.opened|dispute.won|dispute.lost|subscription.renewed|subscription.cancelled
N0362,641,payment.authorized|payment.captured|payment.failed|refund.created|refund.settled|payout.paid|dispute.opened|dispute.won|dispute.lost|subscription.renewed|subscription.cancelled
N0363,641,payment.authorized|payment.captured|payment.failed|refund.created|refund.settled|payout.paid|dispute.opened|dispute.won|dispute.lost|subscription.renewed|subscription.cancelled
N0364,641,payment.authorized|payment.captured|payment.failed|refund.created|refund.settled|payout.paid|dispute.opened|dispute.won|dispute.lost|subscription.renewed|subscription.cancelled
N0365,641,payment.authorized|payment.captured|payment.failed|refund.created|refund.settled|payout.paid|dispute.opened|dispute.won|dispute.lost|subscription.renewed|subscription.cancelled
N0366,641,payment.authorized|payment.captured|payment.failed|refund.created|refund.settled|payout.paid|dispute.opened|dispute.won|dispute.lost|subscription.renewed|subscription.cancelled
N0367,641,payment.authorized|payment.captured|payment.failed|refund.created|refund.settled|payout.paid|dispute.opened|dispute.won|dispute.lost|subscription.renewed|subscription.cancelled
N0368,641,payment.authorized|payment.captured|payment.failed|refund.created|refund.settled|payout.paid|dispute.opened|dispute.won|dispute.lost|subscription.renewed|subscription.cancelled
N0369,641,payment.authorized|payment.captured|payment.failed|refund.created|refund.settled|payout.paid|dispute.opened|dispute.won|dispute.lost|subscription.renewed|subscription.cancelled
N0370,641,payment.authorized|payment.captured|payment.failed|refund.created|refund.settled|payout.paid|dispute.opened|dispute.won|dispute.lost|subscription.renewed|subscription.cancelled
N0371,641,payment.authorized|payment.captured|payment.failed|refund.created|refund.settled|payout.paid|dispute.opened|dispute.won|dispute.lost|subscription.renewed|subscription.cancelled
N0372,641,payment.authorized|payment.captured|payment.failed|refund.created|refund.settled|payout.paid|dispute.opened|dispute.won|dispute.lost|subscription.renewed|subscription.cancelled
N0373,641,payment.authorized|payment.captured|payment.failed|refund.created|refund.settled|payout.paid|dispute.opened|dispute.won|dispute.lost|subscription.renewed|subscription.cancelled
N0374,641,payment.authorized|payment.captured|payment.failed|refund.created|refund.settled|payout.paid|dispute.opened|dispute.won|dispute.lost|subscription.renewed|subscription.cancelled
N0375,641,payment.authorized|payment.captured|payment.failed|refund.created|refund.settled|payout.paid|dispute.opened|dispute.won|dispute.lost|subscription.renewed|subscription.cancelled
N0376,641,payment.authorized|payment.captured|payment.failed|refund.created|refund.settled|payout.paid|dispute.opened|dispute.won|dispute.lost|subscription.renewed|subscription.cancelled
N0377,641,payment.authorized|payment.captured|payment.failed|refund.created|refund.settled|payout.paid|dispute.opened|dispute.won|dispute.lost|subscription.renewed|subscription.cancelled
N0378,641,payment.authorized|payment.captured|payment.failed|refund.created|refund.settled|payout.paid|dispute.opened|dispute.won|dispute.lost|subscription.renewed|subscription.cancelled
N0379,641,payment.authorized|payment.captured|payment.failed|refund.created|refund.settled|payout.paid|dispute.opened|dispute.won|dispute.lost|subscription.renewed|subscription.cancelled
N0380,641,payment.authorized|payment.captured|payment.failed|refund.created|refund.settled|payout.paid|dispute.opened|dispute.won|dispute.lost|subscription.renewed|subscription.cancelled
N0381,641,payment.authorized|payment.captured|payment.failed|refund.created|refund.settled|payout.paid|dispute.opened|dispute.won|dispute.lost|subscription.renewed|subscription.cancelled
N0382,641,payment.authorized|payment.captured|payment.failed|refund.created|refund.settled|payout.paid|dispute.opened|dispute.won|dispute.lost|subscription.renewed|subscription.cancelled
N0383,641,payment.authorized|payment.captured|payment.failed|refund.created|refund.settled|payout.paid|dispute.opened|dispute.won|dispute.lost|subscription.renewed|subscription.cancelled
N0384,641,payment.authorized|payment.captured|payment.failed|refund.created|refund.settled|payout.paid|dispute.opened|dispute.won|dispute.lost|subscription.renewed|subscription.cancelled
N0385,641,payment.authorized|payment.captured|payment.failed|refund.created|refund.settled|payout.paid|dispute.opened|dispute.won|dispute.lost|subscription.renewed|subscription.cancelled
N0386,640,payment.authorized|dispute.opened
N0386,641,payment.authorized|payment.captured|payment.failed|refund.created|refund.settled|payout.paid|dispute.opened|dispute.won|dispute.lost|subscription.renewed|subscription.cancelled
N0387,641,payment.authorized|payment.captured|payment.failed|refund.created|refund.settled|payout.paid|dispute.opened|dispute.won|dispute.lost|subscription.renewed|subscription.cancelled
N0388,641,payment.authorized|payment.captured|payment.failed|refund.created|refund.settled|payout.paid|dispute.opened|dispute.won|dispute.lost|subscription.renewed|subscription.cancelled
N0389,641,payment.authorized|payment.captured|payment.failed|refund.created|refund.settled|payout.paid|dispute.opened|dispute.won|dispute.lost|subscription.renewed|subscription.cancelled
N0390,641,payment.authorized|payment.captured|payment.failed|refund.created|refund.settled|payout.paid|dispute.opened|dispute.won|dispute.lost|subscription.renewed|subscription.cancelled
N0391,640,payment.authorized|dispute.opened
N0391,641,payment.authorized|payment.captured|payment.failed|refund.created|refund.settled|payout.paid|dispute.opened|dispute.won|dispute.lost|subscription.renewed|subscription.cancelled
N0392,640,payment.authorized|dispute.opened
N0392,641,payment.authorized|payment.captured|payment.failed|refund.created|refund.settled|payout.paid|dispute.opened|dispute.won|dispute.lost|subscription.renewed|subscription.cancelled
N0393,641,payment.authorized|payment.captured|payment.failed|refund.created|refund.settled|payout.paid|dispute.opened|dispute.won|dispute.lost|subscription.renewed|subscription.cancelled
N0394,641,payment.authorized|payment.captured|payment.failed|refund.created|refund.settled|payout.paid|dispute.opened|dispute.won|dispute.lost|subscription.renewed|subscription.cancelled
N0395,641,payment.authorized|payment.captured|payment.failed|refund.created|refund.settled|payout.paid|dispute.opened|dispute.won|dispute.lost|subscription.renewed|subscription.cancelled
N0396,641,payment.authorized|payment.captured|payment.failed|refund.created|refund.settled|payout.paid|dispute.opened|dispute.won|dispute.lost|subscription.renewed|subscription.cancelled
N0397,641,payment.authorized|payment.captured|payment.failed|refund.created|refund.settled|payout.paid|dispute.opened|dispute.won|dispute.lost|subscription.renewed|subscription.cancelled
N0398,641,payment.authorized|payment.captured|payment.failed|refund.created|refund.settled|payout.paid|dispute.opened|dispute.won|dispute.lost|subscription.renewed|subscription.cancelled
N0399,641,payment.authorized|payment.captured|payment.failed|refund.created|refund.settled|payout.paid|dispute.opened|dispute.won|dispute.lost|subscription.renewed|subscription.cancelled
N0400,641,payment.authorized|payment.captured|payment.failed|refund.created|refund.settled|payout.paid|dispute.opened|dispute.won|dispute.lost|subscription.renewed|subscription.cancelled
N0401,641,payment.authorized|payment.captured|payment.failed|refund.created|refund.settled|payout.paid|dispute.opened|dispute.won|dispute.lost|subscription.renewed|subscription.cancelled
N0402,641,payment.authorized|payment.captured|payment.failed|refund.created|refund.settled|payout.paid|dispute.opened|dispute.won|dispute.lost|subscription.renewed|subscription.cancelled
N0403,641,payment.authorized|payment.captured|payment.failed|refund.created|refund.settled|payout.paid|dispute.opened|dispute.won|dispute.lost|subscription.renewed|subscription.cancelled
N0404,641,payment.authorized|payment.captured|payment.failed|refund.created|refund.settled|payout.paid|dispute.opened|dispute.won|dispute.lost|subscription.renewed|subscription.cancelled
N0405,641,payment.authorized|payment.captured|payment.failed|refund.created|refund.settled|payout.paid|dispute.opened|dispute.won|dispute.lost|subscription.renewed|subscription.cancelled
N0406,641,payment.authorized|payment.captured|payment.failed|refund.created|refund.settled|payout.paid|dispute.opened|dispute.won|dispute.lost|subscription.renewed|subscription.cancelled
N0407,641,payment.authorized|payment.captured|payment.failed|refund.created|refund.settled|payout.paid|dispute.opened|dispute.won|dispute.lost|subscription.renewed|subscription.cancelled
N0408,641,payment.authorized|payment.captured|payment.failed|refund.created|refund.settled|payout.paid|dispute.opened|dispute.won|dispute.lost|subscription.renewed|subscription.cancelled
N0409,641,payment.authorized|payment.captured|payment.failed|refund.created|refund.settled|payout.paid|dispute.opened|dispute.won|dispute.lost|subscription.renewed|subscription.cancelled
N0410,641,payment.authorized|payment.captured|payment.failed|refund.created|refund.settled|payout.paid|dispute.opened|dispute.won|dispute.lost|subscription.renewed|subscription.cancelled
N0411,641,payment.authorized|payment.captured|payment.failed|refund.created|refund.settled|payout.paid|dispute.opened|dispute.won|dispute.lost|subscription.renewed|subscription.cancelled
N0412,641,payment.authorized|payment.captured|payment.failed|refund.created|refund.settled|payout.paid|dispute.opened|dispute.won|dispute.lost|subscription.renewed|subscription.cancelled
N0413,641,payment.authorized|payment.captured|payment.failed|refund.created|refund.settled|payout.paid|dispute.opened|dispute.won|dispute.lost|subscription.renewed|subscription.cancelled
N0414,641,payment.authorized|payment.captured|payment.failed|refund.created|refund.settled|payout.paid|dispute.opened|dispute.won|dispute.lost|subscription.renewed|subscription.cancelled
N0415,641,payment.authorized|payment.captured|payment.failed|refund.created|refund.settled|payout.paid|dispute.opened|dispute.won|dispute.lost|subscription.renewed|subscription.cancelled
N0416,641,payment.authorized|payment.captured|payment.failed|refund.created|refund.settled|payout.paid|dispute.opened|dispute.won|dispute.lost|subscription.renewed|subscription.cancelled
N0417,641,payment.authorized|payment.captured|payment.failed|refund.created|refund.settled|payout.paid|dispute.opened|dispute.won|dispute.lost|subscription.renewed|subscription.cancelled
N0418,641,payment.authorized|payment.captured|payment.failed|refund.created|refund.settled|payout.paid|dispute.opened|dispute.won|dispute.lost|subscription.renewed|subscription.cancelled
N0419,641,payment.authorized|payment.captured|payment.failed|refund.created|refund.settled|payout.paid|dispute.opened|dispute.won|dispute.lost|subscription.renewed|subscription.cancelled
N0420,641,payment.authorized|payment.captured|payment.failed|refund.created|refund.settled|payout.paid|dispute.opened|dispute.won|dispute.lost|subscription.renewed|subscription.cancelled
N0421,641,payment.authorized|payment.captured|payment.failed|refund.created|refund.settled|payout.paid|dispute.opened|dispute.won|dispute.lost|subscription.renewed|subscription.cancelled
N0422,641,payment.authorized|payment.captured|payment.failed|refund.created|refund.settled|payout.paid|dispute.opened|dispute.won|dispute.lost|subscription.renewed|subscription.cancelled
N0423,641,payment.authorized|payment.captured|payment.failed|refund.created|refund.settled|payout.paid|dispute.opened|dispute.won|dispute.lost|subscription.renewed|subscription.cancelled
N0424,641,payment.authorized|payment.captured|payment.failed|refund.created|refund.settled|payout.paid|dispute.opened|dispute.won|dispute.lost|subscription.renewed|subscription.cancelled
N0425,641,payment.authorized|payment.captured|payment.failed|refund.created|refund.settled|payout.paid|dispute.opened|dispute.won|dispute.lost|subscription.renewed|subscription.cancelled
N0426,641,payment.authorized|payment.captured|payment.failed|refund.created|refund.settled|payout.paid|dispute.opened|dispute.won|dispute.lost|subscription.renewed|subscription.cancelled
N0427,641,payment.authorized|payment.captured|payment.failed|refund.created|refund.settled|payout.paid|dispute.opened|dispute.won|dispute.lost|subscription.renewed|subscription.cancelled
N0428,641,payment.authorized|payment.captured|payment.failed|refund.created|refund.settled|payout.paid|dispute.opened|dispute.won|dispute.lost|subscription.renewed|subscription.cancelled
N0429,641,payment.authorized|payment.captured|payment.failed|refund.created|refund.settled|payout.paid|dispute.opened|dispute.won|dispute.lost|subscription.renewed|subscription.cancelled
N0430,641,payment.authorized|payment.captured|payment.failed|refund.created|refund.settled|payout.paid|dispute.opened|dispute.won|dispute.lost|subscription.renewed|subscription.cancelled
N0431,641,payment.authorized|payment.captured|payment.failed|refund.created|refund.settled|payout.paid|dispute.opened|dispute.won|dispute.lost|subscription.renewed|subscription.cancelled
N0432,641,payment.authorized|payment.captured|payment.failed|refund.created|refund.settled|payout.paid|dispute.opened|dispute.won|dispute.lost|subscription.renewed|subscription.cancelled
N0433,641,payment.authorized|payment.captured|payment.failed|refund.created|refund.settled|payout.paid|dispute.opened|dispute.won|dispute.lost|subscription.renewed|subscription.cancelled
N0434,641,payment.authorized|payment.captured|payment.failed|refund.created|refund.settled|payout.paid|dispute.opened|dispute.won|dispute.lost|subscription.renewed|subscription.cancelled
N0435,641,payment.authorized|payment.captured|payment.failed|refund.created|refund.settled|payout.paid|dispute.opened|dispute.won|dispute.lost|subscription.renewed|subscription.cancelled
N0436,641,payment.authorized|payment.captured|payment.failed|refund.created|refund.settled|payout.paid|dispute.opened|dispute.won|dispute.lost|subscription.renewed|subscription.cancelled
N0437,641,payment.authorized|payment.captured|payment.failed|refund.created|refund.settled|payout.paid|dispute.opened|dispute.won|dispute.lost|subscription.renewed|subscription.cancelled
N0438,641,payment.authorized|payment.captured|payment.failed|refund.created|refund.settled|payout.paid|dispute.opened|dispute.won|dispute.lost|subscription.renewed|subscription.cancelled
N0439,641,payment.authorized|payment.captured|payment.failed|refund.created|refund.settled|payout.paid|dispute.opened|dispute.won|dispute.lost|subscription.renewed|subscription.cancelled
N0440,641,payment.authorized|payment.captured|payment.failed|refund.created|refund.settled|payout.paid|dispute.opened|dispute.won|dispute.lost|subscription.renewed|subscription.cancelled
N0441,641,payment.authorized|payment.captured|payment.failed|refund.created|refund.settled|payout.paid|dispute.opened|dispute.won|dispute.lost|subscription.renewed|subscription.cancelled
N0442,641,payment.authorized|payment.captured|payment.failed|refund.created|refund.settled|payout.paid|dispute.opened|dispute.won|dispute.lost|subscription.renewed|subscription.cancelled
N0443,641,payment.authorized|payment.captured|payment.failed|refund.created|refund.settled|payout.paid|dispute.opened|dispute.won|dispute.lost|subscription.renewed|subscription.cancelled
N0444,641,payment.authorized|payment.captured|payment.failed|refund.created|refund.settled|payout.paid|dispute.opened|dispute.won|dispute.lost|subscription.renewed|subscription.cancelled
N0445,641,payment.authorized|payment.captured|payment.failed|refund.created|refund.settled|payout.paid|dispute.opened|dispute.won|dispute.lost|subscription.renewed|subscription.cancelled
N0446,641,payment.authorized|payment.captured|payment.failed|refund.created|refund.settled|payout.paid|dispute.opened|dispute.won|dispute.lost|subscription.renewed|subscription.cancelled
N0447,641,payment.authorized|payment.captured|payment.failed|refund.created|refund.settled|payout.paid|dispute.opened|dispute.won|dispute.lost|subscription.renewed|subscription.cancelled
N0448,641,payment.authorized|payment.captured|payment.failed|refund.created|refund.settled|payout.paid|dispute.opened|dispute.won|dispute.lost|subscription.renewed|subscription.cancelled
N0449,641,payment.authorized|payment.captured|payment.failed|refund.created|refund.settled|payout.paid|dispute.opened|dispute.won|dispute.lost|subscription.renewed|subscription.cancelled
N0450,641,payment.authorized|payment.captured|payment.failed|refund.created|refund.settled|payout.paid|dispute.opened|dispute.won|dispute.lost|subscription.renewed|subscription.cancelled
N0451,641,payment.authorized|payment.captured|payment.failed|refund.created|refund.settled|payout.paid|dispute.opened|dispute.won|dispute.lost|subscription.renewed|subscription.cancelled
N0452,641,payment.authorized|payment.captured|payment.failed|refund.created|refund.settled|payout.paid|dispute.opened|dispute.won|dispute.lost|subscription.renewed|subscription.cancelled
N0453,641,payment.authorized|payment.captured|payment.failed|refund.created|refund.settled|payout.paid|dispute.opened|dispute.won|dispute.lost|subscription.renewed|subscription.cancelled
N0454,641,payment.authorized|payment.captured|payment.failed|refund.created|refund.settled|payout.paid|dispute.opened|dispute.won|dispute.lost|subscription.renewed|subscription.cancelled
N0455,641,payment.authorized|payment.captured|payment.failed|refund.created|refund.settled|payout.paid|dispute.opened|dispute.won|dispute.lost|subscription.renewed|subscription.cancelled
N0456,640,payment.authorized|dispute.opened
N0456,641,payment.authorized|payment.captured|payment.failed|refund.created|refund.settled|payout.paid|dispute.opened|dispute.won|dispute.lost|subscription.renewed|subscription.cancelled
N0457,641,payment.authorized|payment.captured|payment.failed|refund.created|refund.settled|payout.paid|dispute.opened|dispute.won|dispute.lost|subscription.renewed|subscription.cancelled
N0458,641,payment.authorized|payment.captured|payment.failed|refund.created|refund.settled|payout.paid|dispute.opened|dispute.won|dispute.lost|subscription.renewed|subscription.cancelled
N0459,641,payment.authorized|payment.captured|payment.failed|refund.created|refund.settled|payout.paid|dispute.opened|dispute.won|dispute.lost|subscription.renewed|subscription.cancelled
N0460,641,payment.authorized|payment.captured|payment.failed|refund.created|refund.settled|payout.paid|dispute.opened|dispute.won|dispute.lost|subscription.renewed|subscription.cancelled
N0461,641,payment.authorized|payment.captured|payment.failed|refund.created|refund.settled|payout.paid|dispute.opened|dispute.won|dispute.lost|subscription.renewed|subscription.cancelled
N0462,641,payment.authorized|payment.captured|payment.failed|refund.created|refund.settled|payout.paid|dispute.opened|dispute.won|dispute.lost|subscription.renewed|subscription.cancelled
N0463,641,payment.authorized|payment.captured|payment.failed|refund.created|refund.settled|payout.paid|dispute.opened|dispute.won|dispute.lost|subscription.renewed|subscription.cancelled
N0464,641,payment.authorized|payment.captured|payment.failed|refund.created|refund.settled|payout.paid|dispute.opened|dispute.won|dispute.lost|subscription.renewed|subscription.cancelled
N0465,641,payment.authorized|payment.captured|payment.failed|refund.created|refund.settled|payout.paid|dispute.opened|dispute.won|dispute.lost|subscription.renewed|subscription.cancelled
N0466,641,payment.authorized|payment.captured|payment.failed|refund.created|refund.settled|payout.paid|dispute.opened|dispute.won|dispute.lost|subscription.renewed|subscription.cancelled
N0467,641,payment.authorized|payment.captured|payment.failed|refund.created|refund.settled|payout.paid|dispute.opened|dispute.won|dispute.lost|subscription.renewed|subscription.cancelled
N0468,641,payment.authorized|payment.captured|payment.failed|refund.created|refund.settled|payout.paid|dispute.opened|dispute.won|dispute.lost|subscription.renewed|subscription.cancelled
N0469,641,payment.authorized|payment.captured|payment.failed|refund.created|refund.settled|payout.paid|dispute.opened|dispute.won|dispute.lost|subscription.renewed|subscription.cancelled
N0470,641,payment.authorized|payment.captured|payment.failed|refund.created|refund.settled|payout.paid|dispute.opened|dispute.won|dispute.lost|subscription.renewed|subscription.cancelled
N0471,641,payment.authorized|payment.captured|payment.failed|refund.created|refund.settled|payout.paid|dispute.opened|dispute.won|dispute.lost|subscription.renewed|subscription.cancelled
N0472,641,payment.authorized|payment.captured|payment.failed|refund.created|refund.settled|payout.paid|dispute.opened|dispute.won|dispute.lost|subscription.renewed|subscription.cancelled
N0473,641,payment.authorized|payment.captured|payment.failed|refund.created|refund.settled|payout.paid|dispute.opened|dispute.won|dispute.lost|subscription.renewed|subscription.cancelled
N0474,641,payment.authorized|payment.captured|payment.failed|refund.created|refund.settled|payout.paid|dispute.opened|dispute.won|dispute.lost|subscription.renewed|subscription.cancelled
N0475,641,payment.authorized|payment.captured|payment.failed|refund.created|refund.settled|payout.paid|dispute.opened|dispute.won|dispute.lost|subscription.renewed|subscription.cancelled
N0476,641,payment.authorized|payment.captured|payment.failed|refund.created|refund.settled|payout.paid|dispute.opened|dispute.won|dispute.lost|subscription.renewed|subscription.cancelled
N0477,641,payment.authorized|payment.captured|payment.failed|refund.created|refund.settled|payout.paid|dispute.opened|dispute.won|dispute.lost|subscription.renewed|subscription.cancelled
N0478,641,payment.authorized|payment.captured|payment.failed|refund.created|refund.settled|payout.paid|dispute.opened|dispute.won|dispute.lost|subscription.renewed|subscription.cancelled
N0479,641,payment.authorized|payment.captured|payment.failed|refund.created|refund.settled|payout.paid|dispute.opened|dispute.won|dispute.lost|subscription.renewed|subscription.cancelled
N0480,641,payment.authorized|payment.captured|payment.failed|refund.created|refund.settled|payout.paid|dispute.opened|dispute.won|dispute.lost|subscription.renewed|subscription.cancelled
N0481,641,payment.authorized|payment.captured|payment.failed|refund.created|refund.settled|payout.paid|dispute.opened|dispute.won|dispute.lost|subscription.renewed|subscription.cancelled
N0482,641,payment.authorized|payment.captured|payment.failed|refund.created|refund.settled|payout.paid|dispute.opened|dispute.won|dispute.lost|subscription.renewed|subscription.cancelled
N0483,641,payment.authorized|payment.captured|payment.failed|refund.created|refund.settled|payout.paid|dispute.opened|dispute.won|dispute.lost|subscription.renewed|subscription.cancelled
N0484,641,payment.authorized|payment.captured|payment.failed|refund.created|refund.settled|payout.paid|dispute.opened|dispute.won|dispute.lost|subscription.renewed|subscription.cancelled
N0485,641,payment.authorized|payment.captured|payment.failed|refund.created|refund.settled|payout.paid|dispute.opened|dispute.won|dispute.lost|subscription.renewed|subscription.cancelled
N0486,641,payment.authorized|payment.captured|payment.failed|refund.created|refund.settled|payout.paid|dispute.opened|dispute.won|dispute.lost|subscription.renewed|subscription.cancelled
N0487,641,payment.authorized|payment.captured|payment.failed|refund.created|refund.settled|payout.paid|dispute.opened|dispute.won|dispute.lost|subscription.renewed|subscription.cancelled
N0488,641,payment.authorized|payment.captured|payment.failed|refund.created|refund.settled|payout.paid|dispute.opened|dispute.won|dispute.lost|subscription.renewed|subscription.cancelled
N0489,641,payment.authorized|payment.captured|payment.failed|refund.created|refund.settled|payout.paid|dispute.opened|dispute.won|dispute.lost|subscription.renewed|subscription.cancelled
N0490,641,payment.authorized|payment.captured|payment.failed|refund.created|refund.settled|payout.paid|dispute.opened|dispute.won|dispute.lost|subscription.renewed|subscription.cancelled
N0491,641,payment.authorized|payment.captured|payment.failed|refund.created|refund.settled|payout.paid|dispute.opened|dispute.won|dispute.lost|subscription.renewed|subscription.cancelled
N0492,641,payment.authorized|payment.captured|payment.failed|refund.created|refund.settled|payout.paid|dispute.opened|dispute.won|dispute.lost|subscription.renewed|subscription.cancelled
N0493,641,payment.authorized|payment.captured|payment.failed|refund.created|refund.settled|payout.paid|dispute.opened|dispute.won|dispute.lost|subscription.renewed|subscription.cancelled
N0494,641,payment.authorized|payment.captured|payment.failed|refund.created|refund.settled|payout.paid|dispute.opened|dispute.won|dispute.lost|subscription.renewed|subscription.cancelled
N0495,641,payment.authorized|payment.captured|payment.failed|refund.created|refund.settled|payout.paid|dispute.opened|dispute.won|dispute.lost|subscription.renewed|subscription.cancelled
N0496,641,payment.authorized|payment.captured|payment.failed|refund.created|refund.settled|payout.paid|dispute.opened|dispute.won|dispute.lost|subscription.renewed|subscription.cancelled
N0497,641,payment.authorized|payment.captured|payment.failed|refund.created|refund.settled|payout.paid|dispute.opened|dispute.won|dispute.lost|subscription.renewed|subscription.cancelled
N0498,641,payment.authorized|payment.captured|payment.failed|refund.created|refund.settled|payout.paid|dispute.opened|dispute.won|dispute.lost|subscription.renewed|subscription.cancelled
N0499,641,payment.authorized|payment.captured|payment.failed|refund.created|refund.settled|payout.paid|dispute.opened|dispute.won|dispute.lost|subscription.renewed|subscription.cancelled
N0500,641,payment.authorized|payment.captured|payment.failed|refund.created|refund.settled|payout.paid|dispute.opened|dispute.won|dispute.lost|subscription.renewed|subscription.cancelled
N0501,641,payment.authorized|payment.captured|payment.failed|refund.created|refund.settled|payout.paid|dispute.opened|dispute.won|dispute.lost|subscription.renewed|subscription.cancelled
N0502,641,payment.authorized|payment.captured|payment.failed|refund.created|refund.settled|payout.paid|dispute.opened|dispute.won|dispute.lost|subscription.renewed|subscription.cancelled
N0503,641,payment.authorized|payment.captured|payment.failed|refund.created|refund.settled|payout.paid|dispute.opened|dispute.won|dispute.lost|subscription.renewed|subscription.cancelled
N0504,641,payment.authorized|payment.captured|payment.failed|refund.created|refund.settled|payout.paid|dispute.opened|dispute.won|dispute.lost|subscription.renewed|subscription.cancelled
N0505,641,payment.authorized|payment.captured|payment.failed|refund.created|refund.settled|payout.paid|dispute.opened|dispute.won|dispute.lost|subscription.renewed|subscription.cancelled
N0506,641,payment.authorized|payment.captured|payment.failed|refund.created|refund.settled|payout.paid|dispute.opened|dispute.won|dispute.lost|subscription.renewed|subscription.cancelled
N0507,641,payment.authorized|payment.captured|payment.failed|refund.created|refund.settled|payout.paid|dispute.opened|dispute.won|dispute.lost|subscription.renewed|subscription.cancelled
N0508,641,payment.authorized|payment.captured|payment.failed|refund.created|refund.settled|payout.paid|dispute.opened|dispute.won|dispute.lost|subscription.renewed|subscription.cancelled
N0509,641,payment.authorized|payment.captured|payment.failed|refund.created|refund.settled|payout.paid|dispute.opened|dispute.won|dispute.lost|subscription.renewed|subscription.cancelled
N0510,641,payment.authorized|payment.captured|payment.failed|refund.created|refund.settled|payout.paid|dispute.opened|dispute.won|dispute.lost|subscription.renewed|subscription.cancelled
N0511,641,payment.authorized|payment.captured|payment.failed|refund.created|refund.settled|payout.paid|dispute.opened|dispute.won|dispute.lost|subscription.renewed|subscription.cancelled
N0512,641,payment.authorized|payment.captured|payment.failed|refund.created|refund.settled|payout.paid|dispute.opened|dispute.won|dispute.lost|subscription.renewed|subscription.cancelled
N0513,641,payment.authorized|payment.captured|payment.failed|refund.created|refund.settled|payout.paid|dispute.opened|dispute.won|dispute.lost|subscription.renewed|subscription.cancelled
N0514,641,payment.authorized|payment.captured|payment.failed|refund.created|refund.settled|payout.paid|dispute.opened|dispute.won|dispute.lost|subscription.renewed|subscription.cancelled
N0515,641,payment.authorized|payment.captured|payment.failed|refund.created|refund.settled|payout.paid|dispute.opened|dispute.won|dispute.lost|subscription.renewed|subscription.cancelled
N0516,641,payment.authorized|payment.captured|payment.failed|refund.created|refund.settled|payout.paid|dispute.opened|dispute.won|dispute.lost|subscription.renewed|subscription.cancelled
N0517,641,payment.authorized|payment.captured|payment.failed|refund.created|refund.settled|payout.paid|dispute.opened|dispute.won|dispute.lost|subscription.renewed|subscription.cancelled
N0518,641,payment.authorized|payment.captured|payment.failed|refund.created|refund.settled|payout.paid|dispute.opened|dispute.won|dispute.lost|subscription.renewed|subscription.cancelled
N0519,641,payment.authorized|payment.captured|payment.failed|refund.created|refund.settled|payout.paid|dispute.opened|dispute.won|dispute.lost|subscription.renewed|subscription.cancelled
N0520,641,payment.authorized|payment.captured|payment.failed|refund.created|refund.settled|payout.paid|dispute.opened|dispute.won|dispute.lost|subscription.renewed|subscription.cancelled
N0521,641,payment.authorized|payment.captured|payment.failed|refund.created|refund.settled|payout.paid|dispute.opened|dispute.won|dispute.lost|subscription.renewed|subscription.cancelled
N0522,641,payment.authorized|payment.captured|payment.failed|refund.created|refund.settled|payout.paid|dispute.opened|dispute.won|dispute.lost|subscription.renewed|subscription.cancelled
N0523,641,payment.authorized|payment.captured|payment.failed|refund.created|refund.settled|payout.paid|dispute.opened|dispute.won|dispute.lost|subscription.renewed|subscription.cancelled
N0524,641,payment.authorized|payment.captured|payment.failed|refund.created|refund.settled|payout.paid|dispute.opened|dispute.won|dispute.lost|subscription.renewed|subscription.cancelled
N0525,640,payment.authorized|dispute.opened
N0525,641,payment.authorized|payment.captured|payment.failed|refund.created|refund.settled|payout.paid|dispute.opened|dispute.won|dispute.lost|subscription.renewed|subscription.cancelled
N0526,641,payment.authorized|payment.captured|payment.failed|refund.created|refund.settled|payout.paid|dispute.opened|dispute.won|dispute.lost|subscription.renewed|subscription.cancelled
N0527,641,payment.authorized|payment.captured|payment.failed|refund.created|refund.settled|payout.paid|dispute.opened|dispute.won|dispute.lost|subscription.renewed|subscription.cancelled
N0528,641,payment.authorized|payment.captured|payment.failed|refund.created|refund.settled|payout.paid|dispute.opened|dispute.won|dispute.lost|subscription.renewed|subscription.cancelled
N0529,640,payment.authorized|dispute.opened
N0529,641,payment.authorized|payment.captured|payment.failed|refund.created|refund.settled|payout.paid|dispute.opened|dispute.won|dispute.lost|subscription.renewed|subscription.cancelled
N0530,641,payment.authorized|payment.captured|payment.failed|refund.created|refund.settled|payout.paid|dispute.opened|dispute.won|dispute.lost|subscription.renewed|subscription.cancelled
N0531,641,payment.authorized|payment.captured|payment.failed|refund.created|refund.settled|payout.paid|dispute.opened|dispute.won|dispute.lost|subscription.renewed|subscription.cancelled
N0532,641,payment.authorized|payment.captured|payment.failed|refund.created|refund.settled|payout.paid|dispute.opened|dispute.won|dispute.lost|subscription.renewed|subscription.cancelled
N0533,641,payment.authorized|payment.captured|payment.failed|refund.created|refund.settled|payout.paid|dispute.opened|dispute.won|dispute.lost|subscription.renewed|subscription.cancelled
N0534,641,payment.authorized|payment.captured|payment.failed|refund.created|refund.settled|payout.paid|dispute.opened|dispute.won|dispute.lost|subscription.renewed|subscription.cancelled
N0535,641,payment.authorized|payment.captured|payment.failed|refund.created|refund.settled|payout.paid|dispute.opened|dispute.won|dispute.lost|subscription.renewed|subscription.cancelled
N0536,641,payment.authorized|payment.captured|payment.failed|refund.created|refund.settled|payout.paid|dispute.opened|dispute.won|dispute.lost|subscription.renewed|subscription.cancelled
N0537,641,payment.authorized|payment.captured|payment.failed|refund.created|refund.settled|payout.paid|dispute.opened|dispute.won|dispute.lost|subscription.renewed|subscription.cancelled
N0538,641,payment.authorized|payment.captured|payment.failed|refund.created|refund.settled|payout.paid|dispute.opened|dispute.won|dispute.lost|subscription.renewed|subscription.cancelled
N0539,641,payment.authorized|payment.captured|payment.failed|refund.created|refund.settled|payout.paid|dispute.opened|dispute.won|dispute.lost|subscription.renewed|subscription.cancelled
N0540,641,payment.authorized|payment.captured|payment.failed|refund.created|refund.settled|payout.paid|dispute.opened|dispute.won|dispute.lost|subscription.renewed|subscription.cancelled
N0541,641,payment.authorized|payment.captured|payment.failed|refund.created|refund.settled|payout.paid|dispute.opened|dispute.won|dispute.lost|subscription.renewed|subscription.cancelled
N0542,641,payment.authorized|payment.captured|payment.failed|refund.created|refund.settled|payout.paid|dispute.opened|dispute.won|dispute.lost|subscription.renewed|subscription.cancelled
N0543,640,payment.authorized|dispute.opened
N0543,641,payment.authorized|payment.captured|payment.failed|refund.created|refund.settled|payout.paid|dispute.opened|dispute.won|dispute.lost|subscription.renewed|subscription.cancelled
N0544,640,payment.authorized|dispute.opened
N0544,641,payment.authorized|payment.captured|payment.failed|refund.created|refund.settled|payout.paid|dispute.opened|dispute.won|dispute.lost|subscription.renewed|subscription.cancelled
N0545,641,payment.authorized|payment.captured|payment.failed|refund.created|refund.settled|payout.paid|dispute.opened|dispute.won|dispute.lost|subscription.renewed|subscription.cancelled
N0546,641,payment.authorized|payment.captured|payment.failed|refund.created|refund.settled|payout.paid|dispute.opened|dispute.won|dispute.lost|subscription.renewed|subscription.cancelled
N0547,641,payment.authorized|payment.captured|payment.failed|refund.created|refund.settled|payout.paid|dispute.opened|dispute.won|dispute.lost|subscription.renewed|subscription.cancelled
N0548,641,payment.authorized|payment.captured|payment.failed|refund.created|refund.settled|payout.paid|dispute.opened|dispute.won|dispute.lost|subscription.renewed|subscription.cancelled
N0549,641,payment.authorized|payment.captured|payment.failed|refund.created|refund.settled|payout.paid|dispute.opened|dispute.won|dispute.lost|subscription.renewed|subscription.cancelled
N0550,641,payment.authorized|payment.captured|payment.failed|refund.created|refund.settled|payout.paid|dispute.opened|dispute.won|dispute.lost|subscription.renewed|subscription.cancelled
N0551,641,payment.authorized|payment.captured|payment.failed|refund.created|refund.settled|payout.paid|dispute.opened|dispute.won|dispute.lost|subscription.renewed|subscription.cancelled
N0552,641,payment.authorized|payment.captured|payment.failed|refund.created|refund.settled|payout.paid|dispute.opened|dispute.won|dispute.lost|subscription.renewed|subscription.cancelled
N0553,641,payment.authorized|payment.captured|payment.failed|refund.created|refund.settled|payout.paid|dispute.opened|dispute.won|dispute.lost|subscription.renewed|subscription.cancelled
N0554,641,payment.authorized|payment.captured|payment.failed|refund.created|refund.settled|payout.paid|dispute.opened|dispute.won|dispute.lost|subscription.renewed|subscription.cancelled
N0555,641,payment.authorized|payment.captured|payment.failed|refund.created|refund.settled|payout.paid|dispute.opened|dispute.won|dispute.lost|subscription.renewed|subscription.cancelled
N0556,641,payment.authorized|payment.captured|payment.failed|refund.created|refund.settled|payout.paid|dispute.opened|dispute.won|dispute.lost|subscription.renewed|subscription.cancelled
N0557,641,payment.authorized|payment.captured|payment.failed|refund.created|refund.settled|payout.paid|dispute.opened|dispute.won|dispute.lost|subscription.renewed|subscription.cancelled
N0558,641,payment.authorized|payment.captured|payment.failed|refund.created|refund.settled|payout.paid|dispute.opened|dispute.won|dispute.lost|subscription.renewed|subscription.cancelled
N0559,641,payment.authorized|payment.captured|payment.failed|refund.created|refund.settled|payout.paid|dispute.opened|dispute.won|dispute.lost|subscription.renewed|subscription.cancelled
N0560,641,payment.authorized|payment.captured|payment.failed|refund.created|refund.settled|payout.paid|dispute.opened|dispute.won|dispute.lost|subscription.renewed|subscription.cancelled
N0561,641,payment.authorized|payment.captured|payment.failed|refund.created|refund.settled|payout.paid|dispute.opened|dispute.won|dispute.lost|subscription.renewed|subscription.cancelled
N0562,641,payment.authorized|payment.captured|payment.failed|refund.created|refund.settled|payout.paid|dispute.opened|dispute.won|dispute.lost|subscription.renewed|subscription.cancelled
N0563,641,payment.authorized|payment.captured|payment.failed|refund.created|refund.settled|payout.paid|dispute.opened|dispute.won|dispute.lost|subscription.renewed|subscription.cancelled
N0564,641,payment.authorized|payment.captured|payment.failed|refund.created|refund.settled|payout.paid|dispute.opened|dispute.won|dispute.lost|subscription.renewed|subscription.cancelled
N0565,641,payment.authorized|payment.captured|payment.failed|refund.created|refund.settled|payout.paid|dispute.opened|dispute.won|dispute.lost|subscription.renewed|subscription.cancelled
N0566,641,payment.authorized|payment.captured|payment.failed|refund.created|refund.settled|payout.paid|dispute.opened|dispute.won|dispute.lost|subscription.renewed|subscription.cancelled
N0567,641,payment.authorized|payment.captured|payment.failed|refund.created|refund.settled|payout.paid|dispute.opened|dispute.won|dispute.lost|subscription.renewed|subscription.cancelled
N0568,641,payment.authorized|payment.captured|payment.failed|refund.created|refund.settled|payout.paid|dispute.opened|dispute.won|dispute.lost|subscription.renewed|subscription.cancelled
N0569,641,payment.authorized|payment.captured|payment.failed|refund.created|refund.settled|payout.paid|dispute.opened|dispute.won|dispute.lost|subscription.renewed|subscription.cancelled
N0570,641,payment.authorized|payment.captured|payment.failed|refund.created|refund.settled|payout.paid|dispute.opened|dispute.won|dispute.lost|subscription.renewed|subscription.cancelled
N0571,641,payment.authorized|payment.captured|payment.failed|refund.created|refund.settled|payout.paid|dispute.opened|dispute.won|dispute.lost|subscription.renewed|subscription.cancelled
N0572,641,payment.authorized|payment.captured|payment.failed|refund.created|refund.settled|payout.paid|dispute.opened|dispute.won|dispute.lost|subscription.renewed|subscription.cancelled
N0573,641,payment.authorized|payment.captured|payment.failed|refund.created|refund.settled|payout.paid|dispute.opened|dispute.won|dispute.lost|subscription.renewed|subscription.cancelled
N0574,641,payment.authorized|payment.captured|payment.failed|refund.created|refund.settled|payout.paid|dispute.opened|dispute.won|dispute.lost|subscription.renewed|subscription.cancelled
N0575,641,payment.authorized|payment.captured|payment.failed|refund.created|refund.settled|payout.paid|dispute.opened|dispute.won|dispute.lost|subscription.renewed|subscription.cancelled
N0576,641,payment.authorized|payment.captured|payment.failed|refund.created|refund.settled|payout.paid|dispute.opened|dispute.won|dispute.lost|subscription.renewed|subscription.cancelled
N0577,641,payment.authorized|payment.captured|payment.failed|refund.created|refund.settled|payout.paid|dispute.opened|dispute.won|dispute.lost|subscription.renewed|subscription.cancelled
N0578,641,payment.authorized|payment.captured|payment.failed|refund.created|refund.settled|payout.paid|dispute.opened|dispute.won|dispute.lost|subscription.renewed|subscription.cancelled
N0579,641,payment.authorized|payment.captured|payment.failed|refund.created|refund.settled|payout.paid|dispute.opened|dispute.won|dispute.lost|subscription.renewed|subscription.cancelled
N0580,641,payment.authorized|payment.captured|payment.failed|refund.created|refund.settled|payout.paid|dispute.opened|dispute.won|dispute.lost|subscription.renewed|subscription.cancelled
N0581,641,payment.authorized|payment.captured|payment.failed|refund.created|refund.settled|payout.paid|dispute.opened|dispute.won|dispute.lost|subscription.renewed|subscription.cancelled
N0582,641,payment.authorized|payment.captured|payment.failed|refund.created|refund.settled|payout.paid|dispute.opened|dispute.won|dispute.lost|subscription.renewed|subscription.cancelled
N0583,641,payment.authorized|payment.captured|payment.failed|refund.created|refund.settled|payout.paid|dispute.opened|dispute.won|dispute.lost|subscription.renewed|subscription.cancelled
N0584,641,payment.authorized|payment.captured|payment.failed|refund.created|refund.settled|payout.paid|dispute.opened|dispute.won|dispute.lost|subscription.renewed|subscription.cancelled
N0585,641,payment.authorized|payment.captured|payment.failed|refund.created|refund.settled|payout.paid|dispute.opened|dispute.won|dispute.lost|subscription.renewed|subscription.cancelled
N0586,641,payment.authorized|payment.captured|payment.failed|refund.created|refund.settled|payout.paid|dispute.opened|dispute.won|dispute.lost|subscription.renewed|subscription.cancelled
N0587,641,payment.authorized|payment.captured|payment.failed|refund.created|refund.settled|payout.paid|dispute.opened|dispute.won|dispute.lost|subscription.renewed|subscription.cancelled
N0588,641,payment.authorized|payment.captured|payment.failed|refund.created|refund.settled|payout.paid|dispute.opened|dispute.won|dispute.lost|subscription.renewed|subscription.cancelled
N0589,641,payment.authorized|payment.captured|payment.failed|refund.created|refund.settled|payout.paid|dispute.opened|dispute.won|dispute.lost|subscription.renewed|subscription.cancelled
N0590,641,payment.authorized|payment.captured|payment.failed|refund.created|refund.settled|payout.paid|dispute.opened|dispute.won|dispute.lost|subscription.renewed|subscription.cancelled
N0591,641,payment.authorized|payment.captured|payment.failed|refund.created|refund.settled|payout.paid|dispute.opened|dispute.won|dispute.lost|subscription.renewed|subscription.cancelled
N0592,641,payment.authorized|payment.captured|payment.failed|refund.created|refund.settled|payout.paid|dispute.opened|dispute.won|dispute.lost|subscription.renewed|subscription.cancelled
N0593,641,payment.authorized|payment.captured|payment.failed|refund.created|refund.settled|payout.paid|dispute.opened|dispute.won|dispute.lost|subscription.renewed|subscription.cancelled
N0594,641,payment.authorized|payment.captured|payment.failed|refund.created|refund.settled|payout.paid|dispute.opened|dispute.won|dispute.lost|subscription.renewed|subscription.cancelled
N0595,641,payment.authorized|payment.captured|payment.failed|refund.created|refund.settled|payout.paid|dispute.opened|dispute.won|dispute.lost|subscription.renewed|subscription.cancelled
N0596,641,payment.authorized|payment.captured|payment.failed|refund.created|refund.settled|payout.paid|dispute.opened|dispute.won|dispute.lost|subscription.renewed|subscription.cancelled
N0597,641,payment.authorized|payment.captured|payment.failed|refund.created|refund.settled|payout.paid|dispute.opened|dispute.won|dispute.lost|subscription.renewed|subscription.cancelled
N0598,641,payment.authorized|payment.captured|payment.failed|refund.created|refund.settled|payout.paid|dispute.opened|dispute.won|dispute.lost|subscription.renewed|subscription.cancelled
N0599,641,payment.authorized|payment.captured|payment.failed|refund.created|refund.settled|payout.paid|dispute.opened|dispute.won|dispute.lost|subscription.renewed|subscription.cancelled
N0600,641,payment.authorized|payment.captured|payment.failed|refund.created|refund.settled|payout.paid|dispute.opened|dispute.won|dispute.lost|subscription.renewed|subscription.cancelled
N0601,641,payment.authorized|payment.captured|payment.failed|refund.created|refund.settled|payout.paid|dispute.opened|dispute.won|dispute.lost|subscription.renewed|subscription.cancelled
N0602,641,payment.authorized|payment.captured|payment.failed|refund.created|refund.settled|payout.paid|dispute.opened|dispute.won|dispute.lost|subscription.renewed|subscription.cancelled
N0603,641,payment.authorized|payment.captured|payment.failed|refund.created|refund.settled|payout.paid|dispute.opened|dispute.won|dispute.lost|subscription.renewed|subscription.cancelled
N0604,641,payment.authorized|payment.captured|payment.failed|refund.created|refund.settled|payout.paid|dispute.opened|dispute.won|dispute.lost|subscription.renewed|subscription.cancelled
N0605,641,payment.authorized|payment.captured|payment.failed|refund.created|refund.settled|payout.paid|dispute.opened|dispute.won|dispute.lost|subscription.renewed|subscription.cancelled
N0606,641,payment.authorized|payment.captured|payment.failed|refund.created|refund.settled|payout.paid|dispute.opened|dispute.won|dispute.lost|subscription.renewed|subscription.cancelled
N0607,641,payment.authorized|payment.captured|payment.failed|refund.created|refund.settled|payout.paid|dispute.opened|dispute.won|dispute.lost|subscription.renewed|subscription.cancelled
N0608,641,payment.authorized|payment.captured|payment.failed|refund.created|refund.settled|payout.paid|dispute.opened|dispute.won|dispute.lost|subscription.renewed|subscription.cancelled
N0609,641,payment.authorized|payment.captured|payment.failed|refund.created|refund.settled|payout.paid|dispute.opened|dispute.won|dispute.lost|subscription.renewed|subscription.cancelled
N0610,641,payment.authorized|payment.captured|payment.failed|refund.created|refund.settled|payout.paid|dispute.opened|dispute.won|dispute.lost|subscription.renewed|subscription.cancelled
N0611,641,payment.authorized|payment.captured|payment.failed|refund.created|refund.settled|payout.paid|dispute.opened|dispute.won|dispute.lost|subscription.renewed|subscription.cancelled
N0612,641,payment.authorized|payment.captured|payment.failed|refund.created|refund.settled|payout.paid|dispute.opened|dispute.won|dispute.lost|subscription.renewed|subscription.cancelled
N0613,641,payment.authorized|payment.captured|payment.failed|refund.created|refund.settled|payout.paid|dispute.opened|dispute.won|dispute.lost|subscription.renewed|subscription.cancelled
N0614,641,payment.authorized|payment.captured|payment.failed|refund.created|refund.settled|payout.paid|dispute.opened|dispute.won|dispute.lost|subscription.renewed|subscription.cancelled
N0615,641,payment.authorized|payment.captured|payment.failed|refund.created|refund.settled|payout.paid|dispute.opened|dispute.won|dispute.lost|subscription.renewed|subscription.cancelled
N0616,641,payment.authorized|payment.captured|payment.failed|refund.created|refund.settled|payout.paid|dispute.opened|dispute.won|dispute.lost|subscription.renewed|subscription.cancelled
N0617,641,payment.authorized|payment.captured|payment.failed|refund.created|refund.settled|payout.paid|dispute.opened|dispute.won|dispute.lost|subscription.renewed|subscription.cancelled
N0618,641,payment.authorized|payment.captured|payment.failed|refund.created|refund.settled|payout.paid|dispute.opened|dispute.won|dispute.lost|subscription.renewed|subscription.cancelled
N0619,641,payment.authorized|payment.captured|payment.failed|refund.created|refund.settled|payout.paid|dispute.opened|dispute.won|dispute.lost|subscription.renewed|subscription.cancelled
N0620,641,payment.authorized|payment.captured|payment.failed|refund.created|refund.settled|payout.paid|dispute.opened|dispute.won|dispute.lost|subscription.renewed|subscription.cancelled
N0621,641,payment.authorized|payment.captured|payment.failed|refund.created|refund.settled|payout.paid|dispute.opened|dispute.won|dispute.lost|subscription.renewed|subscription.cancelled
N0622,641,payment.authorized|payment.captured|payment.failed|refund.created|refund.settled|payout.paid|dispute.opened|dispute.won|dispute.lost|subscription.renewed|subscription.cancelled
N0623,641,payment.authorized|payment.captured|payment.failed|refund.created|refund.settled|payout.paid|dispute.opened|dispute.won|dispute.lost|subscription.renewed|subscription.cancelled
N0624,640,payment.authorized|dispute.opened
N0624,641,payment.authorized|payment.captured|payment.failed|refund.created|refund.settled|payout.paid|dispute.opened|dispute.won|dispute.lost|subscription.renewed|subscription.cancelled
N0625,641,payment.authorized|payment.captured|payment.failed|refund.created|refund.settled|payout.paid|dispute.opened|dispute.won|dispute.lost|subscription.renewed|subscription.cancelled
N0626,641,payment.authorized|payment.captured|payment.failed|refund.created|refund.settled|payout.paid|dispute.opened|dispute.won|dispute.lost|subscription.renewed|subscription.cancelled
N0627,641,payment.authorized|payment.captured|payment.failed|refund.created|refund.settled|payout.paid|dispute.opened|dispute.won|dispute.lost|subscription.renewed|subscription.cancelled
N0628,641,payment.authorized|payment.captured|payment.failed|refund.created|refund.settled|payout.paid|dispute.opened|dispute.won|dispute.lost|subscription.renewed|subscription.cancelled
N0629,641,payment.authorized|payment.captured|payment.failed|refund.created|refund.settled|payout.paid|dispute.opened|dispute.won|dispute.lost|subscription.renewed|subscription.cancelled
N0630,641,payment.authorized|payment.captured|payment.failed|refund.created|refund.settled|payout.paid|dispute.opened|dispute.won|dispute.lost|subscription.renewed|subscription.cancelled
N0631,641,payment.authorized|payment.captured|payment.failed|refund.created|refund.settled|payout.paid|dispute.opened|dispute.won|dispute.lost|subscription.renewed|subscription.cancelled
N0632,641,payment.authorized|payment.captured|payment.failed|refund.created|refund.settled|payout.paid|dispute.opened|dispute.won|dispute.lost|subscription.renewed|subscription.cancelled
N0633,641,payment.authorized|payment.captured|payment.failed|refund.created|refund.settled|payout.paid|dispute.opened|dispute.won|dispute.lost|subscription.renewed|subscription.cancelled
N0634,641,payment.authorized|payment.captured|payment.failed|refund.created|refund.settled|payout.paid|dispute.opened|dispute.won|dispute.lost|subscription.renewed|subscription.cancelled
N0635,641,payment.authorized|payment.captured|payment.failed|refund.created|refund.settled|payout.paid|dispute.opened|dispute.won|dispute.lost|subscription.renewed|subscription.cancelled
N0636,641,payment.authorized|payment.captured|payment.failed|refund.created|refund.settled|payout.paid|dispute.opened|dispute.won|dispute.lost|subscription.renewed|subscription.cancelled
N0637,641,payment.authorized|payment.captured|payment.failed|refund.created|refund.settled|payout.paid|dispute.opened|dispute.won|dispute.lost|subscription.renewed|subscription.cancelled
N0638,641,payment.authorized|payment.captured|payment.failed|refund.created|refund.settled|payout.paid|dispute.opened|dispute.won|dispute.lost|subscription.renewed|subscription.cancelled
N0639,641,payment.authorized|payment.captured|payment.failed|refund.created|refund.settled|payout.paid|dispute.opened|dispute.won|dispute.lost|subscription.renewed|subscription.cancelled
N0640,641,payment.authorized|payment.captured|payment.failed|refund.created|refund.settled|payout.paid|dispute.opened|dispute.won|dispute.lost|subscription.renewed|subscription.cancelled
N0641,641,payment.authorized|payment.captured|payment.failed|refund.created|refund.settled|payout.paid|dispute.opened|dispute.won|dispute.lost|subscription.renewed|subscription.cancelled
N0642,641,payment.authorized|payment.captured|payment.failed|refund.created|refund.settled|payout.paid|dispute.opened|dispute.won|dispute.lost|subscription.renewed|subscription.cancelled
N0643,641,payment.authorized|payment.captured|payment.failed|refund.created|refund.settled|payout.paid|dispute.opened|dispute.won|dispute.lost|subscription.renewed|subscription.cancelled
N0644,641,payment.authorized|payment.captured|payment.failed|refund.created|refund.settled|payout.paid|dispute.opened|dispute.won|dispute.lost|subscription.renewed|subscription.cancelled
N0645,641,payment.authorized|payment.captured|payment.failed|refund.created|refund.settled|payout.paid|dispute.opened|dispute.won|dispute.lost|subscription.renewed|subscription.cancelled
N0646,641,payment.authorized|payment.captured|payment.failed|refund.created|refund.settled|payout.paid|dispute.opened|dispute.won|dispute.lost|subscription.renewed|subscription.cancelled
N0647,641,payment.authorized|payment.captured|payment.failed|refund.created|refund.settled|payout.paid|dispute.opened|dispute.won|dispute.lost|subscription.renewed|subscription.cancelled
N0648,641,payment.authorized|payment.captured|payment.failed|refund.created|refund.settled|payout.paid|dispute.opened|dispute.won|dispute.lost|subscription.renewed|subscription.cancelled
N0649,641,payment.authorized|payment.captured|payment.failed|refund.created|refund.settled|payout.paid|dispute.opened|dispute.won|dispute.lost|subscription.renewed|subscription.cancelled
N0650,641,payment.authorized|payment.captured|payment.failed|refund.created|refund.settled|payout.paid|dispute.opened|dispute.won|dispute.lost|subscription.renewed|subscription.cancelled
N0651,641,payment.authorized|payment.captured|payment.failed|refund.created|refund.settled|payout.paid|dispute.opened|dispute.won|dispute.lost|subscription.renewed|subscription.cancelled
N0652,641,payment.authorized|payment.captured|payment.failed|refund.created|refund.settled|payout.paid|dispute.opened|dispute.won|dispute.lost|subscription.renewed|subscription.cancelled
N0653,641,payment.authorized|payment.captured|payment.failed|refund.created|refund.settled|payout.paid|dispute.opened|dispute.won|dispute.lost|subscription.renewed|subscription.cancelled
N0654,641,payment.authorized|payment.captured|payment.failed|refund.created|refund.settled|payout.paid|dispute.opened|dispute.won|dispute.lost|subscription.renewed|subscription.cancelled
N0655,641,payment.authorized|payment.captured|payment.failed|refund.created|refund.settled|payout.paid|dispute.opened|dispute.won|dispute.lost|subscription.renewed|subscription.cancelled
N0656,641,payment.authorized|payment.captured|payment.failed|refund.created|refund.settled|payout.paid|dispute.opened|dispute.won|dispute.lost|subscription.renewed|subscription.cancelled
N0657,641,payment.authorized|payment.captured|payment.failed|refund.created|refund.settled|payout.paid|dispute.opened|dispute.won|dispute.lost|subscription.renewed|subscription.cancelled
N0658,641,payment.authorized|payment.captured|payment.failed|refund.created|refund.settled|payout.paid|dispute.opened|dispute.won|dispute.lost|subscription.renewed|subscription.cancelled
N0659,641,payment.authorized|payment.captured|payment.failed|refund.created|refund.settled|payout.paid|dispute.opened|dispute.won|dispute.lost|subscription.renewed|subscription.cancelled
N0660,641,payment.authorized|payment.captured|payment.failed|refund.created|refund.settled|payout.paid|dispute.opened|dispute.won|dispute.lost|subscription.renewed|subscription.cancelled
N0661,641,payment.authorized|payment.captured|payment.failed|refund.created|refund.settled|payout.paid|dispute.opened|dispute.won|dispute.lost|subscription.renewed|subscription.cancelled
N0662,640,payment.authorized|dispute.opened
N0662,641,payment.authorized|payment.captured|payment.failed|refund.created|refund.settled|payout.paid|dispute.opened|dispute.won|dispute.lost|subscription.renewed|subscription.cancelled
N0663,641,payment.authorized|payment.captured|payment.failed|refund.created|refund.settled|payout.paid|dispute.opened|dispute.won|dispute.lost|subscription.renewed|subscription.cancelled
N0664,640,payment.authorized|dispute.opened
N0664,641,payment.authorized|payment.captured|payment.failed|refund.created|refund.settled|payout.paid|dispute.opened|dispute.won|dispute.lost|subscription.renewed|subscription.cancelled
N0665,641,payment.authorized|payment.captured|payment.failed|refund.created|refund.settled|payout.paid|dispute.opened|dispute.won|dispute.lost|subscription.renewed|subscription.cancelled
N0666,640,payment.authorized|dispute.opened
N0666,641,payment.authorized|payment.captured|payment.failed|refund.created|refund.settled|payout.paid|dispute.opened|dispute.won|dispute.lost|subscription.renewed|subscription.cancelled
N0667,641,payment.authorized|payment.captured|payment.failed|refund.created|refund.settled|payout.paid|dispute.opened|dispute.won|dispute.lost|subscription.renewed|subscription.cancelled
N0668,641,payment.authorized|payment.captured|payment.failed|refund.created|refund.settled|payout.paid|dispute.opened|dispute.won|dispute.lost|subscription.renewed|subscription.cancelled
N0669,641,payment.authorized|payment.captured|payment.failed|refund.created|refund.settled|payout.paid|dispute.opened|dispute.won|dispute.lost|subscription.renewed|subscription.cancelled
N0670,641,payment.authorized|payment.captured|payment.failed|refund.created|refund.settled|payout.paid|dispute.opened|dispute.won|dispute.lost|subscription.renewed|subscription.cancelled
N0671,641,payment.authorized|payment.captured|payment.failed|refund.created|refund.settled|payout.paid|dispute.opened|dispute.won|dispute.lost|subscription.renewed|subscription.cancelled
N0672,641,payment.authorized|payment.captured|payment.failed|refund.created|refund.settled|payout.paid|dispute.opened|dispute.won|dispute.lost|subscription.renewed|subscription.cancelled
N0673,640,payment.authorized|dispute.opened
N0673,641,payment.authorized|payment.captured|payment.failed|refund.created|refund.settled|payout.paid|dispute.opened|dispute.won|dispute.lost|subscription.renewed|subscription.cancelled
N0674,641,payment.authorized|payment.captured|payment.failed|refund.created|refund.settled|payout.paid|dispute.opened|dispute.won|dispute.lost|subscription.renewed|subscription.cancelled
N0675,641,payment.authorized|payment.captured|payment.failed|refund.created|refund.settled|payout.paid|dispute.opened|dispute.won|dispute.lost|subscription.renewed|subscription.cancelled
N0676,641,payment.authorized|payment.captured|payment.failed|refund.created|refund.settled|payout.paid|dispute.opened|dispute.won|dispute.lost|subscription.renewed|subscription.cancelled
N0677,641,payment.authorized|payment.captured|payment.failed|refund.created|refund.settled|payout.paid|dispute.opened|dispute.won|dispute.lost|subscription.renewed|subscription.cancelled
N0678,641,payment.authorized|payment.captured|payment.failed|refund.created|refund.settled|payout.paid|dispute.opened|dispute.won|dispute.lost|subscription.renewed|subscription.cancelled
N0679,641,payment.authorized|payment.captured|payment.failed|refund.created|refund.settled|payout.paid|dispute.opened|dispute.won|dispute.lost|subscription.renewed|subscription.cancelled
N0680,641,payment.authorized|payment.captured|payment.failed|refund.created|refund.settled|payout.paid|dispute.opened|dispute.won|dispute.lost|subscription.renewed|subscription.cancelled
N0681,641,payment.authorized|payment.captured|payment.failed|refund.created|refund.settled|payout.paid|dispute.opened|dispute.won|dispute.lost|subscription.renewed|subscription.cancelled
N0682,641,payment.authorized|payment.captured|payment.failed|refund.created|refund.settled|payout.paid|dispute.opened|dispute.won|dispute.lost|subscription.renewed|subscription.cancelled
N0683,641,payment.authorized|payment.captured|payment.failed|refund.created|refund.settled|payout.paid|dispute.opened|dispute.won|dispute.lost|subscription.renewed|subscription.cancelled
N0684,641,payment.authorized|payment.captured|payment.failed|refund.created|refund.settled|payout.paid|dispute.opened|dispute.won|dispute.lost|subscription.renewed|subscription.cancelled
N0685,641,payment.authorized|payment.captured|payment.failed|refund.created|refund.settled|payout.paid|dispute.opened|dispute.won|dispute.lost|subscription.renewed|subscription.cancelled
N0686,641,payment.authorized|payment.captured|payment.failed|refund.created|refund.settled|payout.paid|dispute.opened|dispute.won|dispute.lost|subscription.renewed|subscription.cancelled
N0687,641,payment.authorized|payment.captured|payment.failed|refund.created|refund.settled|payout.paid|dispute.opened|dispute.won|dispute.lost|subscription.renewed|subscription.cancelled
N0688,641,payment.authorized|payment.captured|payment.failed|refund.created|refund.settled|payout.paid|dispute.opened|dispute.won|dispute.lost|subscription.renewed|subscription.cancelled
N0689,641,payment.authorized|payment.captured|payment.failed|refund.created|refund.settled|payout.paid|dispute.opened|dispute.won|dispute.lost|subscription.renewed|subscription.cancelled
N0690,641,payment.authorized|payment.captured|payment.failed|refund.created|refund.settled|payout.paid|dispute.opened|dispute.won|dispute.lost|subscription.renewed|subscription.cancelled
N0691,641,payment.authorized|payment.captured|payment.failed|refund.created|refund.settled|payout.paid|dispute.opened|dispute.won|dispute.lost|subscription.renewed|subscription.cancelled
N0692,641,payment.authorized|payment.captured|payment.failed|refund.created|refund.settled|payout.paid|dispute.opened|dispute.won|dispute.lost|subscription.renewed|subscription.cancelled
N0693,641,payment.authorized|payment.captured|payment.failed|refund.created|refund.settled|payout.paid|dispute.opened|dispute.won|dispute.lost|subscription.renewed|subscription.cancelled
N0694,641,payment.authorized|payment.captured|payment.failed|refund.created|refund.settled|payout.paid|dispute.opened|dispute.won|dispute.lost|subscription.renewed|subscription.cancelled
N0695,641,payment.authorized|payment.captured|payment.failed|refund.created|refund.settled|payout.paid|dispute.opened|dispute.won|dispute.lost|subscription.renewed|subscription.cancelled
N0696,641,payment.authorized|payment.captured|payment.failed|refund.created|refund.settled|payout.paid|dispute.opened|dispute.won|dispute.lost|subscription.renewed|subscription.cancelled
N0697,641,payment.authorized|payment.captured|payment.failed|refund.created|refund.settled|payout.paid|dispute.opened|dispute.won|dispute.lost|subscription.renewed|subscription.cancelled
N0698,641,payment.authorized|payment.captured|payment.failed|refund.created|refund.settled|payout.paid|dispute.opened|dispute.won|dispute.lost|subscription.renewed|subscription.cancelled
N0699,641,payment.authorized|payment.captured|payment.failed|refund.created|refund.settled|payout.paid|dispute.opened|dispute.won|dispute.lost|subscription.renewed|subscription.cancelled
N0700,641,payment.authorized|payment.captured|payment.failed|refund.created|refund.settled|payout.paid|dispute.opened|dispute.won|dispute.lost|subscription.renewed|subscription.cancelled
N0701,641,payment.authorized|payment.captured|payment.failed|refund.created|refund.settled|payout.paid|dispute.opened|dispute.won|dispute.lost|subscription.renewed|subscription.cancelled
N0702,641,payment.authorized|payment.captured|payment.failed|refund.created|refund.settled|payout.paid|dispute.opened|dispute.won|dispute.lost|subscription.renewed|subscription.cancelled
N0703,641,payment.authorized|payment.captured|payment.failed|refund.created|refund.settled|payout.paid|dispute.opened|dispute.won|dispute.lost|subscription.renewed|subscription.cancelled
N0704,641,payment.authorized|payment.captured|payment.failed|refund.created|refund.settled|payout.paid|dispute.opened|dispute.won|dispute.lost|subscription.renewed|subscription.cancelled
N0705,641,payment.authorized|payment.captured|payment.failed|refund.created|refund.settled|payout.paid|dispute.opened|dispute.won|dispute.lost|subscription.renewed|subscription.cancelled
N0706,641,payment.authorized|payment.captured|payment.failed|refund.created|refund.settled|payout.paid|dispute.opened|dispute.won|dispute.lost|subscription.renewed|subscription.cancelled
N0707,641,payment.authorized|payment.captured|payment.failed|refund.created|refund.settled|payout.paid|dispute.opened|dispute.won|dispute.lost|subscription.renewed|subscription.cancelled
N0708,641,payment.authorized|payment.captured|payment.failed|refund.created|refund.settled|payout.paid|dispute.opened|dispute.won|dispute.lost|subscription.renewed|subscription.cancelled
N0709,641,payment.authorized|payment.captured|payment.failed|refund.created|refund.settled|payout.paid|dispute.opened|dispute.won|dispute.lost|subscription.renewed|subscription.cancelled
N0710,641,payment.authorized|payment.captured|payment.failed|refund.created|refund.settled|payout.paid|dispute.opened|dispute.won|dispute.lost|subscription.renewed|subscription.cancelled
N0711,641,payment.authorized|payment.captured|payment.failed|refund.created|refund.settled|payout.paid|dispute.opened|dispute.won|dispute.lost|subscription.renewed|subscription.cancelled
N0712,641,payment.authorized|payment.captured|payment.failed|refund.created|refund.settled|payout.paid|dispute.opened|dispute.won|dispute.lost|subscription.renewed|subscription.cancelled
N0713,641,payment.authorized|payment.captured|payment.failed|refund.created|refund.settled|payout.paid|dispute.opened|dispute.won|dispute.lost|subscription.renewed|subscription.cancelled
N0714,641,payment.authorized|payment.captured|payment.failed|refund.created|refund.settled|payout.paid|dispute.opened|dispute.won|dispute.lost|subscription.renewed|subscription.cancelled
N0715,641,payment.authorized|payment.captured|payment.failed|refund.created|refund.settled|payout.paid|dispute.opened|dispute.won|dispute.lost|subscription.renewed|subscription.cancelled
N0716,641,payment.authorized|payment.captured|payment.failed|refund.created|refund.settled|payout.paid|dispute.opened|dispute.won|dispute.lost|subscription.renewed|subscription.cancelled
N0717,641,payment.authorized|payment.captured|payment.failed|refund.created|refund.settled|payout.paid|dispute.opened|dispute.won|dispute.lost|subscription.renewed|subscription.cancelled
N0718,641,payment.authorized|payment.captured|payment.failed|refund.created|refund.settled|payout.paid|dispute.opened|dispute.won|dispute.lost|subscription.renewed|subscription.cancelled
N0719,641,payment.authorized|payment.captured|payment.failed|refund.created|refund.settled|payout.paid|dispute.opened|dispute.won|dispute.lost|subscription.renewed|subscription.cancelled
N0720,641,payment.authorized|payment.captured|payment.failed|refund.created|refund.settled|payout.paid|dispute.opened|dispute.won|dispute.lost|subscription.renewed|subscription.cancelled
N0721,641,payment.authorized|payment.captured|payment.failed|refund.created|refund.settled|payout.paid|dispute.opened|dispute.won|dispute.lost|subscription.renewed|subscription.cancelled
N0722,641,payment.authorized|payment.captured|payment.failed|refund.created|refund.settled|payout.paid|dispute.opened|dispute.won|dispute.lost|subscription.renewed|subscription.cancelled
N0723,641,payment.authorized|payment.captured|payment.failed|refund.created|refund.settled|payout.paid|dispute.opened|dispute.won|dispute.lost|subscription.renewed|subscription.cancelled
N0724,641,payment.authorized|payment.captured|payment.failed|refund.created|refund.settled|payout.paid|dispute.opened|dispute.won|dispute.lost|subscription.renewed|subscription.cancelled
N0725,641,payment.authorized|payment.captured|payment.failed|refund.created|refund.settled|payout.paid|dispute.opened|dispute.won|dispute.lost|subscription.renewed|subscription.cancelled
N0726,641,payment.authorized|payment.captured|payment.failed|refund.created|refund.settled|payout.paid|dispute.opened|dispute.won|dispute.lost|subscription.renewed|subscription.cancelled
N0727,641,payment.authorized|payment.captured|payment.failed|refund.created|refund.settled|payout.paid|dispute.opened|dispute.won|dispute.lost|subscription.renewed|subscription.cancelled
N0728,641,payment.authorized|payment.captured|payment.failed|refund.created|refund.settled|payout.paid|dispute.opened|dispute.won|dispute.lost|subscription.renewed|subscription.cancelled
N0729,640,payment.authorized|dispute.opened
N0729,641,payment.authorized|payment.captured|payment.failed|refund.created|refund.settled|payout.paid|dispute.opened|dispute.won|dispute.lost|subscription.renewed|subscription.cancelled
N0730,641,payment.authorized|payment.captured|payment.failed|refund.created|refund.settled|payout.paid|dispute.opened|dispute.won|dispute.lost|subscription.renewed|subscription.cancelled
N0731,641,payment.authorized|payment.captured|payment.failed|refund.created|refund.settled|payout.paid|dispute.opened|dispute.won|dispute.lost|subscription.renewed|subscription.cancelled
N0732,641,payment.authorized|payment.captured|payment.failed|refund.created|refund.settled|payout.paid|dispute.opened|dispute.won|dispute.lost|subscription.renewed|subscription.cancelled
N0733,641,payment.authorized|payment.captured|payment.failed|refund.created|refund.settled|payout.paid|dispute.opened|dispute.won|dispute.lost|subscription.renewed|subscription.cancelled
N0734,641,payment.authorized|payment.captured|payment.failed|refund.created|refund.settled|payout.paid|dispute.opened|dispute.won|dispute.lost|subscription.renewed|subscription.cancelled
N0735,641,payment.authorized|payment.captured|payment.failed|refund.created|refund.settled|payout.paid|dispute.opened|dispute.won|dispute.lost|subscription.renewed|subscription.cancelled
N0736,641,payment.authorized|payment.captured|payment.failed|refund.created|refund.settled|payout.paid|dispute.opened|dispute.won|dispute.lost|subscription.renewed|subscription.cancelled
N0737,641,payment.authorized|payment.captured|payment.failed|refund.created|refund.settled|payout.paid|dispute.opened|dispute.won|dispute.lost|subscription.renewed|subscription.cancelled
N0738,641,payment.authorized|payment.captured|payment.failed|refund.created|refund.settled|payout.paid|dispute.opened|dispute.won|dispute.lost|subscription.renewed|subscription.cancelled
N0739,641,payment.authorized|payment.captured|payment.failed|refund.created|refund.settled|payout.paid|dispute.opened|dispute.won|dispute.lost|subscription.renewed|subscription.cancelled
N0740,641,payment.authorized|payment.captured|payment.failed|refund.created|refund.settled|payout.paid|dispute.opened|dispute.won|dispute.lost|subscription.renewed|subscription.cancelled
N0741,641,payment.authorized|payment.captured|payment.failed|refund.created|refund.settled|payout.paid|dispute.opened|dispute.won|dispute.lost|subscription.renewed|subscription.cancelled
N0742,641,payment.authorized|payment.captured|payment.failed|refund.created|refund.settled|payout.paid|dispute.opened|dispute.won|dispute.lost|subscription.renewed|subscription.cancelled
N0743,641,payment.authorized|payment.captured|payment.failed|refund.created|refund.settled|payout.paid|dispute.opened|dispute.won|dispute.lost|subscription.renewed|subscription.cancelled
N0744,641,payment.authorized|payment.captured|payment.failed|refund.created|refund.settled|payout.paid|dispute.opened|dispute.won|dispute.lost|subscription.renewed|subscription.cancelled
N0745,641,payment.authorized|payment.captured|payment.failed|refund.created|refund.settled|payout.paid|dispute.opened|dispute.won|dispute.lost|subscription.renewed|subscription.cancelled
N0746,641,payment.authorized|payment.captured|payment.failed|refund.created|refund.settled|payout.paid|dispute.opened|dispute.won|dispute.lost|subscription.renewed|subscription.cancelled
N0747,641,payment.authorized|payment.captured|payment.failed|refund.created|refund.settled|payout.paid|dispute.opened|dispute.won|dispute.lost|subscription.renewed|subscription.cancelled
N0748,641,payment.authorized|payment.captured|payment.failed|refund.created|refund.settled|payout.paid|dispute.opened|dispute.won|dispute.lost|subscription.renewed|subscription.cancelled
N0749,641,payment.authorized|payment.captured|payment.failed|refund.created|refund.settled|payout.paid|dispute.opened|dispute.won|dispute.lost|subscription.renewed|subscription.cancelled
N0750,641,payment.authorized|payment.captured|payment.failed|refund.created|refund.settled|payout.paid|dispute.opened|dispute.won|dispute.lost|subscription.renewed|subscription.cancelled
N0751,641,payment.authorized|payment.captured|payment.failed|refund.created|refund.settled|payout.paid|dispute.opened|dispute.won|dispute.lost|subscription.renewed|subscription.cancelled
N0752,641,payment.authorized|payment.captured|payment.failed|refund.created|refund.settled|payout.paid|dispute.opened|dispute.won|dispute.lost|subscription.renewed|subscription.cancelled
N0753,641,payment.authorized|payment.captured|payment.failed|refund.created|refund.settled|payout.paid|dispute.opened|dispute.won|dispute.lost|subscription.renewed|subscription.cancelled
N0754,641,payment.authorized|payment.captured|payment.failed|refund.created|refund.settled|payout.paid|dispute.opened|dispute.won|dispute.lost|subscription.renewed|subscription.cancelled
N0755,641,payment.authorized|payment.captured|payment.failed|refund.created|refund.settled|payout.paid|dispute.opened|dispute.won|dispute.lost|subscription.renewed|subscription.cancelled
N0756,641,payment.authorized|payment.captured|payment.failed|refund.created|refund.settled|payout.paid|dispute.opened|dispute.won|dispute.lost|subscription.renewed|subscription.cancelled
N0757,641,payment.authorized|payment.captured|payment.failed|refund.created|refund.settled|payout.paid|dispute.opened|dispute.won|dispute.lost|subscription.renewed|subscription.cancelled
N0758,641,payment.authorized|payment.captured|payment.failed|refund.created|refund.settled|payout.paid|dispute.opened|dispute.won|dispute.lost|subscription.renewed|subscription.cancelled
N0759,641,payment.authorized|payment.captured|payment.failed|refund.created|refund.settled|payout.paid|dispute.opened|dispute.won|dispute.lost|subscription.renewed|subscription.cancelled
N0760,641,payment.authorized|payment.captured|payment.failed|refund.created|refund.settled|payout.paid|dispute.opened|dispute.won|dispute.lost|subscription.renewed|subscription.cancelled
N0761,641,payment.authorized|payment.captured|payment.failed|refund.created|refund.settled|payout.paid|dispute.opened|dispute.won|dispute.lost|subscription.renewed|subscription.cancelled
N0762,641,payment.authorized|payment.captured|payment.failed|refund.created|refund.settled|payout.paid|dispute.opened|dispute.won|dispute.lost|subscription.renewed|subscription.cancelled
N0763,641,payment.authorized|payment.captured|payment.failed|refund.created|refund.settled|payout.paid|dispute.opened|dispute.won|dispute.lost|subscription.renewed|subscription.cancelled
N0764,641,payment.authorized|payment.captured|payment.failed|refund.created|refund.settled|payout.paid|dispute.opened|dispute.won|dispute.lost|subscription.renewed|subscription.cancelled
N0765,641,payment.authorized|payment.captured|payment.failed|refund.created|refund.settled|payout.paid|dispute.opened|dispute.won|dispute.lost|subscription.renewed|subscription.cancelled
N0766,641,payment.authorized|payment.captured|payment.failed|refund.created|refund.settled|payout.paid|dispute.opened|dispute.won|dispute.lost|subscription.renewed|subscription.cancelled
N0767,641,payment.authorized|payment.captured|payment.failed|refund.created|refund.settled|payout.paid|dispute.opened|dispute.won|dispute.lost|subscription.renewed|subscription.cancelled
N0768,640,payment.authorized|dispute.opened
N0768,641,payment.authorized|payment.captured|payment.failed|refund.created|refund.settled|payout.paid|dispute.opened|dispute.won|dispute.lost|subscription.renewed|subscription.cancelled
N0769,640,payment.authorized|dispute.opened
N0769,641,payment.authorized|payment.captured|payment.failed|refund.created|refund.settled|payout.paid|dispute.opened|dispute.won|dispute.lost|subscription.renewed|subscription.cancelled
N0770,641,payment.authorized|payment.captured|payment.failed|refund.created|refund.settled|payout.paid|dispute.opened|dispute.won|dispute.lost|subscription.renewed|subscription.cancelled
N0771,641,payment.authorized|payment.captured|payment.failed|refund.created|refund.settled|payout.paid|dispute.opened|dispute.won|dispute.lost|subscription.renewed|subscription.cancelled
N0772,641,payment.authorized|payment.captured|payment.failed|refund.created|refund.settled|payout.paid|dispute.opened|dispute.won|dispute.lost|subscription.renewed|subscription.cancelled
N0773,641,payment.authorized|payment.captured|payment.failed|refund.created|refund.settled|payout.paid|dispute.opened|dispute.won|dispute.lost|subscription.renewed|subscription.cancelled
N0774,641,payment.authorized|payment.captured|payment.failed|refund.created|refund.settled|payout.paid|dispute.opened|dispute.won|dispute.lost|subscription.renewed|subscription.cancelled
N0775,641,payment.authorized|payment.captured|payment.failed|refund.created|refund.settled|payout.paid|dispute.opened|dispute.won|dispute.lost|subscription.renewed|subscription.cancelled
N0776,641,payment.authorized|payment.captured|payment.failed|refund.created|refund.settled|payout.paid|dispute.opened|dispute.won|dispute.lost|subscription.renewed|subscription.cancelled
N0777,641,payment.authorized|payment.captured|payment.failed|refund.created|refund.settled|payout.paid|dispute.opened|dispute.won|dispute.lost|subscription.renewed|subscription.cancelled
N0778,641,payment.authorized|payment.captured|payment.failed|refund.created|refund.settled|payout.paid|dispute.opened|dispute.won|dispute.lost|subscription.renewed|subscription.cancelled
N0779,641,payment.authorized|payment.captured|payment.failed|refund.created|refund.settled|payout.paid|dispute.opened|dispute.won|dispute.lost|subscription.renewed|subscription.cancelled
N0780,641,payment.authorized|payment.captured|payment.failed|refund.created|refund.settled|payout.paid|dispute.opened|dispute.won|dispute.lost|subscription.renewed|subscription.cancelled
N0781,641,payment.authorized|payment.captured|payment.failed|refund.created|refund.settled|payout.paid|dispute.opened|dispute.won|dispute.lost|subscription.renewed|subscription.cancelled
N0782,641,payment.authorized|payment.captured|payment.failed|refund.created|refund.settled|payout.paid|dispute.opened|dispute.won|dispute.lost|subscription.renewed|subscription.cancelled
N0783,641,payment.authorized|payment.captured|payment.failed|refund.created|refund.settled|payout.paid|dispute.opened|dispute.won|dispute.lost|subscription.renewed|subscription.cancelled
N0784,641,payment.authorized|payment.captured|payment.failed|refund.created|refund.settled|payout.paid|dispute.opened|dispute.won|dispute.lost|subscription.renewed|subscription.cancelled
N0785,641,payment.authorized|payment.captured|payment.failed|refund.created|refund.settled|payout.paid|dispute.opened|dispute.won|dispute.lost|subscription.renewed|subscription.cancelled
N0786,641,payment.authorized|payment.captured|payment.failed|refund.created|refund.settled|payout.paid|dispute.opened|dispute.won|dispute.lost|subscription.renewed|subscription.cancelled
N0787,641,payment.authorized|payment.captured|payment.failed|refund.created|refund.settled|payout.paid|dispute.opened|dispute.won|dispute.lost|subscription.renewed|subscription.cancelled
N0788,641,payment.authorized|payment.captured|payment.failed|refund.created|refund.settled|payout.paid|dispute.opened|dispute.won|dispute.lost|subscription.renewed|subscription.cancelled
N0789,641,payment.authorized|payment.captured|payment.failed|refund.created|refund.settled|payout.paid|dispute.opened|dispute.won|dispute.lost|subscription.renewed|subscription.cancelled
N0790,641,payment.authorized|payment.captured|payment.failed|refund.created|refund.settled|payout.paid|dispute.opened|dispute.won|dispute.lost|subscription.renewed|subscription.cancelled
N0791,641,payment.authorized|payment.captured|payment.failed|refund.created|refund.settled|payout.paid|dispute.opened|dispute.won|dispute.lost|subscription.renewed|subscription.cancelled
N0792,641,payment.authorized|payment.captured|payment.failed|refund.created|refund.settled|payout.paid|dispute.opened|dispute.won|dispute.lost|subscription.renewed|subscription.cancelled
N0793,641,payment.authorized|payment.captured|payment.failed|refund.created|refund.settled|payout.paid|dispute.opened|dispute.won|dispute.lost|subscription.renewed|subscription.cancelled
N0794,641,payment.authorized|payment.captured|payment.failed|refund.created|refund.settled|payout.paid|dispute.opened|dispute.won|dispute.lost|subscription.renewed|subscription.cancelled
N0795,641,payment.authorized|payment.captured|payment.failed|refund.created|refund.settled|payout.paid|dispute.opened|dispute.won|dispute.lost|subscription.renewed|subscription.cancelled
N0796,641,payment.authorized|payment.captured|payment.failed|refund.created|refund.settled|payout.paid|dispute.opened|dispute.won|dispute.lost|subscription.renewed|subscription.cancelled
N0797,641,payment.authorized|payment.captured|payment.failed|refund.created|refund.settled|payout.paid|dispute.opened|dispute.won|dispute.lost|subscription.renewed|subscription.cancelled
N0798,641,payment.authorized|payment.captured|payment.failed|refund.created|refund.settled|payout.paid|dispute.opened|dispute.won|dispute.lost|subscription.renewed|subscription.cancelled
N0799,641,payment.authorized|payment.captured|payment.failed|refund.created|refund.settled|payout.paid|dispute.opened|dispute.won|dispute.lost|subscription.renewed|subscription.cancelled
N0800,641,payment.authorized|payment.captured|payment.failed|refund.created|refund.settled|payout.paid|dispute.opened|dispute.won|dispute.lost|subscription.renewed|subscription.cancelled
N0801,641,payment.authorized|payment.captured|payment.failed|refund.created|refund.settled|payout.paid|dispute.opened|dispute.won|dispute.lost|subscription.renewed|subscription.cancelled
N0802,641,payment.authorized|payment.captured|payment.failed|refund.created|refund.settled|payout.paid|dispute.opened|dispute.won|dispute.lost|subscription.renewed|subscription.cancelled
N0803,641,payment.authorized|payment.captured|payment.failed|refund.created|refund.settled|payout.paid|dispute.opened|dispute.won|dispute.lost|subscription.renewed|subscription.cancelled
N0804,641,payment.authorized|payment.captured|payment.failed|refund.created|refund.settled|payout.paid|dispute.opened|dispute.won|dispute.lost|subscription.renewed|subscription.cancelled
N0805,641,payment.authorized|payment.captured|payment.failed|refund.created|refund.settled|payout.paid|dispute.opened|dispute.won|dispute.lost|subscription.renewed|subscription.cancelled
N0806,641,payment.authorized|payment.captured|payment.failed|refund.created|refund.settled|payout.paid|dispute.opened|dispute.won|dispute.lost|subscription.renewed|subscription.cancelled
N0807,641,payment.authorized|payment.captured|payment.failed|refund.created|refund.settled|payout.paid|dispute.opened|dispute.won|dispute.lost|subscription.renewed|subscription.cancelled
N0808,641,payment.authorized|payment.captured|payment.failed|refund.created|refund.settled|payout.paid|dispute.opened|dispute.won|dispute.lost|subscription.renewed|subscription.cancelled
N0809,641,payment.authorized|payment.captured|payment.failed|refund.created|refund.settled|payout.paid|dispute.opened|dispute.won|dispute.lost|subscription.renewed|subscription.cancelled
N0810,641,payment.authorized|payment.captured|payment.failed|refund.created|refund.settled|payout.paid|dispute.opened|dispute.won|dispute.lost|subscription.renewed|subscription.cancelled
N0811,641,payment.authorized|payment.captured|payment.failed|refund.created|refund.settled|payout.paid|dispute.opened|dispute.won|dispute.lost|subscription.renewed|subscription.cancelled
N0812,641,payment.authorized|payment.captured|payment.failed|refund.created|refund.settled|payout.paid|dispute.opened|dispute.won|dispute.lost|subscription.renewed|subscription.cancelled
N0813,641,payment.authorized|payment.captured|payment.failed|refund.created|refund.settled|payout.paid|dispute.opened|dispute.won|dispute.lost|subscription.renewed|subscription.cancelled
N0814,641,payment.authorized|payment.captured|payment.failed|refund.created|refund.settled|payout.paid|dispute.opened|dispute.won|dispute.lost|subscription.renewed|subscription.cancelled
N0815,641,payment.authorized|payment.captured|payment.failed|refund.created|refund.settled|payout.paid|dispute.opened|dispute.won|dispute.lost|subscription.renewed|subscription.cancelled
N0816,641,payment.authorized|payment.captured|payment.failed|refund.created|refund.settled|payout.paid|dispute.opened|dispute.won|dispute.lost|subscription.renewed|subscription.cancelled
N0817,641,payment.authorized|payment.captured|payment.failed|refund.created|refund.settled|payout.paid|dispute.opened|dispute.won|dispute.lost|subscription.renewed|subscription.cancelled
N0818,640,payment.authorized|dispute.opened
N0818,641,payment.authorized|payment.captured|payment.failed|refund.created|refund.settled|payout.paid|dispute.opened|dispute.won|dispute.lost|subscription.renewed|subscription.cancelled
N0819,641,payment.authorized|payment.captured|payment.failed|refund.created|refund.settled|payout.paid|dispute.opened|dispute.won|dispute.lost|subscription.renewed|subscription.cancelled
N0820,641,payment.authorized|payment.captured|payment.failed|refund.created|refund.settled|payout.paid|dispute.opened|dispute.won|dispute.lost|subscription.renewed|subscription.cancelled
N0821,641,payment.authorized|payment.captured|payment.failed|refund.created|refund.settled|payout.paid|dispute.opened|dispute.won|dispute.lost|subscription.renewed|subscription.cancelled
N0822,641,payment.authorized|payment.captured|payment.failed|refund.created|refund.settled|payout.paid|dispute.opened|dispute.won|dispute.lost|subscription.renewed|subscription.cancelled
N0823,641,payment.authorized|payment.captured|payment.failed|refund.created|refund.settled|payout.paid|dispute.opened|dispute.won|dispute.lost|subscription.renewed|subscription.cancelled
N0824,640,payment.authorized|dispute.opened
N0824,641,payment.authorized|payment.captured|payment.failed|refund.created|refund.settled|payout.paid|dispute.opened|dispute.won|dispute.lost|subscription.renewed|subscription.cancelled
N0825,641,payment.authorized|payment.captured|payment.failed|refund.created|refund.settled|payout.paid|dispute.opened|dispute.won|dispute.lost|subscription.renewed|subscription.cancelled
N0826,641,payment.authorized|payment.captured|payment.failed|refund.created|refund.settled|payout.paid|dispute.opened|dispute.won|dispute.lost|subscription.renewed|subscription.cancelled
N0827,641,payment.authorized|payment.captured|payment.failed|refund.created|refund.settled|payout.paid|dispute.opened|dispute.won|dispute.lost|subscription.renewed|subscription.cancelled
N0828,641,payment.authorized|payment.captured|payment.failed|refund.created|refund.settled|payout.paid|dispute.opened|dispute.won|dispute.lost|subscription.renewed|subscription.cancelled
N0829,641,payment.authorized|payment.captured|payment.failed|refund.created|refund.settled|payout.paid|dispute.opened|dispute.won|dispute.lost|subscription.renewed|subscription.cancelled
N0830,641,payment.authorized|payment.captured|payment.failed|refund.created|refund.settled|payout.paid|dispute.opened|dispute.won|dispute.lost|subscription.renewed|subscription.cancelled
N0831,640,payment.authorized|dispute.opened
N0831,641,payment.authorized|payment.captured|payment.failed|refund.created|refund.settled|payout.paid|dispute.opened|dispute.won|dispute.lost|subscription.renewed|subscription.cancelled
N0832,641,payment.authorized|payment.captured|payment.failed|refund.created|refund.settled|payout.paid|dispute.opened|dispute.won|dispute.lost|subscription.renewed|subscription.cancelled
N0833,641,payment.authorized|payment.captured|payment.failed|refund.created|refund.settled|payout.paid|dispute.opened|dispute.won|dispute.lost|subscription.renewed|subscription.cancelled
N0834,641,payment.authorized|payment.captured|payment.failed|refund.created|refund.settled|payout.paid|dispute.opened|dispute.won|dispute.lost|subscription.renewed|subscription.cancelled
N0835,641,payment.authorized|payment.captured|payment.failed|refund.created|refund.settled|payout.paid|dispute.opened|dispute.won|dispute.lost|subscription.renewed|subscription.cancelled
N0836,641,payment.authorized|payment.captured|payment.failed|refund.created|refund.settled|payout.paid|dispute.opened|dispute.won|dispute.lost|subscription.renewed|subscription.cancelled
N0837,641,payment.authorized|payment.captured|payment.failed|refund.created|refund.settled|payout.paid|dispute.opened|dispute.won|dispute.lost|subscription.renewed|subscription.cancelled
N0838,641,payment.authorized|payment.captured|payment.failed|refund.created|refund.settled|payout.paid|dispute.opened|dispute.won|dispute.lost|subscription.renewed|subscription.cancelled
N0839,641,payment.authorized|payment.captured|payment.failed|refund.created|refund.settled|payout.paid|dispute.opened|dispute.won|dispute.lost|subscription.renewed|subscription.cancelled
N0840,641,payment.authorized|payment.captured|payment.failed|refund.created|refund.settled|payout.paid|dispute.opened|dispute.won|dispute.lost|subscription.renewed|subscription.cancelled
N0841,641,payment.authorized|payment.captured|payment.failed|refund.created|refund.settled|payout.paid|dispute.opened|dispute.won|dispute.lost|subscription.renewed|subscription.cancelled
N0842,641,payment.authorized|payment.captured|payment.failed|refund.created|refund.settled|payout.paid|dispute.opened|dispute.won|dispute.lost|subscription.renewed|subscription.cancelled
N0843,641,payment.authorized|payment.captured|payment.failed|refund.created|refund.settled|payout.paid|dispute.opened|dispute.won|dispute.lost|subscription.renewed|subscription.cancelled
N0844,641,payment.authorized|payment.captured|payment.failed|refund.created|refund.settled|payout.paid|dispute.opened|dispute.won|dispute.lost|subscription.renewed|subscription.cancelled
N0845,641,payment.authorized|payment.captured|payment.failed|refund.created|refund.settled|payout.paid|dispute.opened|dispute.won|dispute.lost|subscription.renewed|subscription.cancelled
N0846,641,payment.authorized|payment.captured|payment.failed|refund.created|refund.settled|payout.paid|dispute.opened|dispute.won|dispute.lost|subscription.renewed|subscription.cancelled
N0847,641,payment.authorized|payment.captured|payment.failed|refund.created|refund.settled|payout.paid|dispute.opened|dispute.won|dispute.lost|subscription.renewed|subscription.cancelled
N0848,641,payment.authorized|payment.captured|payment.failed|refund.created|refund.settled|payout.paid|dispute.opened|dispute.won|dispute.lost|subscription.renewed|subscription.cancelled
N0849,641,payment.authorized|payment.captured|payment.failed|refund.created|refund.settled|payout.paid|dispute.opened|dispute.won|dispute.lost|subscription.renewed|subscription.cancelled
N0850,641,payment.authorized|payment.captured|payment.failed|refund.created|refund.settled|payout.paid|dispute.opened|dispute.won|dispute.lost|subscription.renewed|subscription.cancelled
N0851,641,payment.authorized|payment.captured|payment.failed|refund.created|refund.settled|payout.paid|dispute.opened|dispute.won|dispute.lost|subscription.renewed|subscription.cancelled
N0852,641,payment.authorized|payment.captured|payment.failed|refund.created|refund.settled|payout.paid|dispute.opened|dispute.won|dispute.lost|subscription.renewed|subscription.cancelled
N0853,641,payment.authorized|payment.captured|payment.failed|refund.created|refund.settled|payout.paid|dispute.opened|dispute.won|dispute.lost|subscription.renewed|subscription.cancelled
N0854,640,payment.authorized|dispute.opened
N0854,641,payment.authorized|payment.captured|payment.failed|refund.created|refund.settled|payout.paid|dispute.opened|dispute.won|dispute.lost|subscription.renewed|subscription.cancelled
N0855,641,payment.authorized|payment.captured|payment.failed|refund.created|refund.settled|payout.paid|dispute.opened|dispute.won|dispute.lost|subscription.renewed|subscription.cancelled
N0856,641,payment.authorized|payment.captured|payment.failed|refund.created|refund.settled|payout.paid|dispute.opened|dispute.won|dispute.lost|subscription.renewed|subscription.cancelled
N0857,641,payment.authorized|payment.captured|payment.failed|refund.created|refund.settled|payout.paid|dispute.opened|dispute.won|dispute.lost|subscription.renewed|subscription.cancelled
N0858,641,payment.authorized|payment.captured|payment.failed|refund.created|refund.settled|payout.paid|dispute.opened|dispute.won|dispute.lost|subscription.renewed|subscription.cancelled
N0859,641,payment.authorized|payment.captured|payment.failed|refund.created|refund.settled|payout.paid|dispute.opened|dispute.won|dispute.lost|subscription.renewed|subscription.cancelled
N0860,641,payment.authorized|payment.captured|payment.failed|refund.created|refund.settled|payout.paid|dispute.opened|dispute.won|dispute.lost|subscription.renewed|subscription.cancelled
N0861,641,payment.authorized|payment.captured|payment.failed|refund.created|refund.settled|payout.paid|dispute.opened|dispute.won|dispute.lost|subscription.renewed|subscription.cancelled
N0862,641,payment.authorized|payment.captured|payment.failed|refund.created|refund.settled|payout.paid|dispute.opened|dispute.won|dispute.lost|subscription.renewed|subscription.cancelled
N0863,641,payment.authorized|payment.captured|payment.failed|refund.created|refund.settled|payout.paid|dispute.opened|dispute.won|dispute.lost|subscription.renewed|subscription.cancelled
N0864,641,payment.authorized|payment.captured|payment.failed|refund.created|refund.settled|payout.paid|dispute.opened|dispute.won|dispute.lost|subscription.renewed|subscription.cancelled
N0865,641,payment.authorized|payment.captured|payment.failed|refund.created|refund.settled|payout.paid|dispute.opened|dispute.won|dispute.lost|subscription.renewed|subscription.cancelled
N0866,641,payment.authorized|payment.captured|payment.failed|refund.created|refund.settled|payout.paid|dispute.opened|dispute.won|dispute.lost|subscription.renewed|subscription.cancelled
N0867,641,payment.authorized|payment.captured|payment.failed|refund.created|refund.settled|payout.paid|dispute.opened|dispute.won|dispute.lost|subscription.renewed|subscription.cancelled
N0868,641,payment.authorized|payment.captured|payment.failed|refund.created|refund.settled|payout.paid|dispute.opened|dispute.won|dispute.lost|subscription.renewed|subscription.cancelled
N0869,641,payment.authorized|payment.captured|payment.failed|refund.created|refund.settled|payout.paid|dispute.opened|dispute.won|dispute.lost|subscription.renewed|subscription.cancelled
N0870,641,payment.authorized|payment.captured|payment.failed|refund.created|refund.settled|payout.paid|dispute.opened|dispute.won|dispute.lost|subscription.renewed|subscription.cancelled
N0871,641,payment.authorized|payment.captured|payment.failed|refund.created|refund.settled|payout.paid|dispute.opened|dispute.won|dispute.lost|subscription.renewed|subscription.cancelled
N0872,641,payment.authorized|payment.captured|payment.failed|refund.created|refund.settled|payout.paid|dispute.opened|dispute.won|dispute.lost|subscription.renewed|subscription.cancelled
N0873,641,payment.authorized|payment.captured|payment.failed|refund.created|refund.settled|payout.paid|dispute.opened|dispute.won|dispute.lost|subscription.renewed|subscription.cancelled
N0874,641,payment.authorized|payment.captured|payment.failed|refund.created|refund.settled|payout.paid|dispute.opened|dispute.won|dispute.lost|subscription.renewed|subscription.cancelled
N0875,641,payment.authorized|payment.captured|payment.failed|refund.created|refund.settled|payout.paid|dispute.opened|dispute.won|dispute.lost|subscription.renewed|subscription.cancelled
N0876,641,payment.authorized|payment.captured|payment.failed|refund.created|refund.settled|payout.paid|dispute.opened|dispute.won|dispute.lost|subscription.renewed|subscription.cancelled
N0877,641,payment.authorized|payment.captured|payment.failed|refund.created|refund.settled|payout.paid|dispute.opened|dispute.won|dispute.lost|subscription.renewed|subscription.cancelled
N0878,641,payment.authorized|payment.captured|payment.failed|refund.created|refund.settled|payout.paid|dispute.opened|dispute.won|dispute.lost|subscription.renewed|subscription.cancelled
N0879,641,payment.authorized|payment.captured|payment.failed|refund.created|refund.settled|payout.paid|dispute.opened|dispute.won|dispute.lost|subscription.renewed|subscription.cancelled
N0880,641,payment.authorized|payment.captured|payment.failed|refund.created|refund.settled|payout.paid|dispute.opened|dispute.won|dispute.lost|subscription.renewed|subscription.cancelled
N0881,641,payment.authorized|payment.captured|payment.failed|refund.created|refund.settled|payout.paid|dispute.opened|dispute.won|dispute.lost|subscription.renewed|subscription.cancelled
N0882,641,payment.authorized|payment.captured|payment.failed|refund.created|refund.settled|payout.paid|dispute.opened|dispute.won|dispute.lost|subscription.renewed|subscription.cancelled
N0883,641,payment.authorized|payment.captured|payment.failed|refund.created|refund.settled|payout.paid|dispute.opened|dispute.won|dispute.lost|subscription.renewed|subscription.cancelled
N0884,641,payment.authorized|payment.captured|payment.failed|refund.created|refund.settled|payout.paid|dispute.opened|dispute.won|dispute.lost|subscription.renewed|subscription.cancelled
N0885,641,payment.authorized|payment.captured|payment.failed|refund.created|refund.settled|payout.paid|dispute.opened|dispute.won|dispute.lost|subscription.renewed|subscription.cancelled
N0886,641,payment.authorized|payment.captured|payment.failed|refund.created|refund.settled|payout.paid|dispute.opened|dispute.won|dispute.lost|subscription.renewed|subscription.cancelled
N0887,641,payment.authorized|payment.captured|payment.failed|refund.created|refund.settled|payout.paid|dispute.opened|dispute.won|dispute.lost|subscription.renewed|subscription.cancelled
N0888,641,payment.authorized|payment.captured|payment.failed|refund.created|refund.settled|payout.paid|dispute.opened|dispute.won|dispute.lost|subscription.renewed|subscription.cancelled
N0889,641,payment.authorized|payment.captured|payment.failed|refund.created|refund.settled|payout.paid|dispute.opened|dispute.won|dispute.lost|subscription.renewed|subscription.cancelled
N0890,641,payment.authorized|payment.captured|payment.failed|refund.created|refund.settled|payout.paid|dispute.opened|dispute.won|dispute.lost|subscription.renewed|subscription.cancelled
N0891,641,payment.authorized|payment.captured|payment.failed|refund.created|refund.settled|payout.paid|dispute.opened|dispute.won|dispute.lost|subscription.renewed|subscription.cancelled
N0892,641,payment.authorized|payment.captured|payment.failed|refund.created|refund.settled|payout.paid|dispute.opened|dispute.won|dispute.lost|subscription.renewed|subscription.cancelled
N0893,641,payment.authorized|payment.captured|payment.failed|refund.created|refund.settled|payout.paid|dispute.opened|dispute.won|dispute.lost|subscription.renewed|subscription.cancelled
N0894,641,payment.authorized|payment.captured|payment.failed|refund.created|refund.settled|payout.paid|dispute.opened|dispute.won|dispute.lost|subscription.renewed|subscription.cancelled
N0895,641,payment.authorized|payment.captured|payment.failed|refund.created|refund.settled|payout.paid|dispute.opened|dispute.won|dispute.lost|subscription.renewed|subscription.cancelled
N0896,641,payment.authorized|payment.captured|payment.failed|refund.created|refund.settled|payout.paid|dispute.opened|dispute.won|dispute.lost|subscription.renewed|subscription.cancelled
N0897,641,payment.authorized|payment.captured|payment.failed|refund.created|refund.settled|payout.paid|dispute.opened|dispute.won|dispute.lost|subscription.renewed|subscription.cancelled
N0898,641,payment.authorized|payment.captured|payment.failed|refund.created|refund.settled|payout.paid|dispute.opened|dispute.won|dispute.lost|subscription.renewed|subscription.cancelled
N0899,641,payment.authorized|payment.captured|payment.failed|refund.created|refund.settled|payout.paid|dispute.opened|dispute.won|dispute.lost|subscription.renewed|subscription.cancelled
N0900,641,payment.authorized|payment.captured|payment.failed|refund.created|refund.settled|payout.paid|dispute.opened|dispute.won|dispute.lost|subscription.renewed|subscription.cancelled
N0901,641,payment.authorized|payment.captured|payment.failed|refund.created|refund.settled|payout.paid|dispute.opened|dispute.won|dispute.lost|subscription.renewed|subscription.cancelled
N0902,641,payment.authorized|payment.captured|payment.failed|refund.created|refund.settled|payout.paid|dispute.opened|dispute.won|dispute.lost|subscription.renewed|subscription.cancelled
N0903,641,payment.authorized|payment.captured|payment.failed|refund.created|refund.settled|payout.paid|dispute.opened|dispute.won|dispute.lost|subscription.renewed|subscription.cancelled
N0904,641,payment.authorized|payment.captured|payment.failed|refund.created|refund.settled|payout.paid|dispute.opened|dispute.won|dispute.lost|subscription.renewed|subscription.cancelled
N0905,641,payment.authorized|payment.captured|payment.failed|refund.created|refund.settled|payout.paid|dispute.opened|dispute.won|dispute.lost|subscription.renewed|subscription.cancelled
N0906,641,payment.authorized|payment.captured|payment.failed|refund.created|refund.settled|payout.paid|dispute.opened|dispute.won|dispute.lost|subscription.renewed|subscription.cancelled
N0907,641,payment.authorized|payment.captured|payment.failed|refund.created|refund.settled|payout.paid|dispute.opened|dispute.won|dispute.lost|subscription.renewed|subscription.cancelled
N0908,641,payment.authorized|payment.captured|payment.failed|refund.created|refund.settled|payout.paid|dispute.opened|dispute.won|dispute.lost|subscription.renewed|subscription.cancelled
N0909,641,payment.authorized|payment.captured|payment.failed|refund.created|refund.settled|payout.paid|dispute.opened|dispute.won|dispute.lost|subscription.renewed|subscription.cancelled
N0910,641,payment.authorized|payment.captured|payment.failed|refund.created|refund.settled|payout.paid|dispute.opened|dispute.won|dispute.lost|subscription.renewed|subscription.cancelled
N0911,641,payment.authorized|payment.captured|payment.failed|refund.created|refund.settled|payout.paid|dispute.opened|dispute.won|dispute.lost|subscription.renewed|subscription.cancelled
N0912,641,payment.authorized|payment.captured|payment.failed|refund.created|refund.settled|payout.paid|dispute.opened|dispute.won|dispute.lost|subscription.renewed|subscription.cancelled
N0913,641,payment.authorized|payment.captured|payment.failed|refund.created|refund.settled|payout.paid|dispute.opened|dispute.won|dispute.lost|subscription.renewed|subscription.cancelled
N0914,641,payment.authorized|payment.captured|payment.failed|refund.created|refund.settled|payout.paid|dispute.opened|dispute.won|dispute.lost|subscription.renewed|subscription.cancelled
N0915,641,payment.authorized|payment.captured|payment.failed|refund.created|refund.settled|payout.paid|dispute.opened|dispute.won|dispute.lost|subscription.renewed|subscription.cancelled
N0916,641,payment.authorized|payment.captured|payment.failed|refund.created|refund.settled|payout.paid|dispute.opened|dispute.won|dispute.lost|subscription.renewed|subscription.cancelled
N0917,641,payment.authorized|payment.captured|payment.failed|refund.created|refund.settled|payout.paid|dispute.opened|dispute.won|dispute.lost|subscription.renewed|subscription.cancelled
N0918,641,payment.authorized|payment.captured|payment.failed|refund.created|refund.settled|payout.paid|dispute.opened|dispute.won|dispute.lost|subscription.renewed|subscription.cancelled
N0919,641,payment.authorized|payment.captured|payment.failed|refund.created|refund.settled|payout.paid|dispute.opened|dispute.won|dispute.lost|subscription.renewed|subscription.cancelled
N0920,641,payment.authorized|payment.captured|payment.failed|refund.created|refund.settled|payout.paid|dispute.opened|dispute.won|dispute.lost|subscription.renewed|subscription.cancelled
N0921,641,payment.authorized|payment.captured|payment.failed|refund.created|refund.settled|payout.paid|dispute.opened|dispute.won|dispute.lost|subscription.renewed|subscription.cancelled
N0922,641,payment.authorized|payment.captured|payment.failed|refund.created|refund.settled|payout.paid|dispute.opened|dispute.won|dispute.lost|subscription.renewed|subscription.cancelled
N0923,641,payment.authorized|payment.captured|payment.failed|refund.created|refund.settled|payout.paid|dispute.opened|dispute.won|dispute.lost|subscription.renewed|subscription.cancelled
N0924,640,payment.authorized|dispute.opened
N0924,641,payment.authorized|payment.captured|payment.failed|refund.created|refund.settled|payout.paid|dispute.opened|dispute.won|dispute.lost|subscription.renewed|subscription.cancelled
N0925,641,payment.authorized|payment.captured|payment.failed|refund.created|refund.settled|payout.paid|dispute.opened|dispute.won|dispute.lost|subscription.renewed|subscription.cancelled
N0926,641,payment.authorized|payment.captured|payment.failed|refund.created|refund.settled|payout.paid|dispute.opened|dispute.won|dispute.lost|subscription.renewed|subscription.cancelled
N0927,641,payment.authorized|payment.captured|payment.failed|refund.created|refund.settled|payout.paid|dispute.opened|dispute.won|dispute.lost|subscription.renewed|subscription.cancelled
N0928,641,payment.authorized|payment.captured|payment.failed|refund.created|refund.settled|payout.paid|dispute.opened|dispute.won|dispute.lost|subscription.renewed|subscription.cancelled
N0929,641,payment.authorized|payment.captured|payment.failed|refund.created|refund.settled|payout.paid|dispute.opened|dispute.won|dispute.lost|subscription.renewed|subscription.cancelled
N0930,641,payment.authorized|payment.captured|payment.failed|refund.created|refund.settled|payout.paid|dispute.opened|dispute.won|dispute.lost|subscription.renewed|subscription.cancelled
N0931,641,payment.authorized|payment.captured|payment.failed|refund.created|refund.settled|payout.paid|dispute.opened|dispute.won|dispute.lost|subscription.renewed|subscription.cancelled
N0932,641,payment.authorized|payment.captured|payment.failed|refund.created|refund.settled|payout.paid|dispute.opened|dispute.won|dispute.lost|subscription.renewed|subscription.cancelled
N0933,641,payment.authorized|payment.captured|payment.failed|refund.created|refund.settled|payout.paid|dispute.opened|dispute.won|dispute.lost|subscription.renewed|subscription.cancelled
N0934,641,payment.authorized|payment.captured|payment.failed|refund.created|refund.settled|payout.paid|dispute.opened|dispute.won|dispute.lost|subscription.renewed|subscription.cancelled
N0935,641,payment.authorized|payment.captured|payment.failed|refund.created|refund.settled|payout.paid|dispute.opened|dispute.won|dispute.lost|subscription.renewed|subscription.cancelled
N0936,641,payment.authorized|payment.captured|payment.failed|refund.created|refund.settled|payout.paid|dispute.opened|dispute.won|dispute.lost|subscription.renewed|subscription.cancelled
N0937,641,payment.authorized|payment.captured|payment.failed|refund.created|refund.settled|payout.paid|dispute.opened|dispute.won|dispute.lost|subscription.renewed|subscription.cancelled
N0938,641,payment.authorized|payment.captured|payment.failed|refund.created|refund.settled|payout.paid|dispute.opened|dispute.won|dispute.lost|subscription.renewed|subscription.cancelled
N0939,641,payment.authorized|payment.captured|payment.failed|refund.created|refund.settled|payout.paid|dispute.opened|dispute.won|dispute.lost|subscription.renewed|subscription.cancelled
N0940,641,payment.authorized|payment.captured|payment.failed|refund.created|refund.settled|payout.paid|dispute.opened|dispute.won|dispute.lost|subscription.renewed|subscription.cancelled
N0941,641,payment.authorized|payment.captured|payment.failed|refund.created|refund.settled|payout.paid|dispute.opened|dispute.won|dispute.lost|subscription.renewed|subscription.cancelled
N0942,641,payment.authorized|payment.captured|payment.failed|refund.created|refund.settled|payout.paid|dispute.opened|dispute.won|dispute.lost|subscription.renewed|subscription.cancelled
N0943,641,payment.authorized|payment.captured|payment.failed|refund.created|refund.settled|payout.paid|dispute.opened|dispute.won|dispute.lost|subscription.renewed|subscription.cancelled
N0944,641,payment.authorized|payment.captured|payment.failed|refund.created|refund.settled|payout.paid|dispute.opened|dispute.won|dispute.lost|subscription.renewed|subscription.cancelled
N0945,641,payment.authorized|payment.captured|payment.failed|refund.created|refund.settled|payout.paid|dispute.opened|dispute.won|dispute.lost|subscription.renewed|subscription.cancelled
N0946,641,payment.authorized|payment.captured|payment.failed|refund.created|refund.settled|payout.paid|dispute.opened|dispute.won|dispute.lost|subscription.renewed|subscription.cancelled
N0947,641,payment.authorized|payment.captured|payment.failed|refund.created|refund.settled|payout.paid|dispute.opened|dispute.won|dispute.lost|subscription.renewed|subscription.cancelled
N0948,641,payment.authorized|payment.captured|payment.failed|refund.created|refund.settled|payout.paid|dispute.opened|dispute.won|dispute.lost|subscription.renewed|subscription.cancelled
N0949,641,payment.authorized|payment.captured|payment.failed|refund.created|refund.settled|payout.paid|dispute.opened|dispute.won|dispute.lost|subscription.renewed|subscription.cancelled
N0950,641,payment.authorized|payment.captured|payment.failed|refund.created|refund.settled|payout.paid|dispute.opened|dispute.won|dispute.lost|subscription.renewed|subscription.cancelled
N0951,641,payment.authorized|payment.captured|payment.failed|refund.created|refund.settled|payout.paid|dispute.opened|dispute.won|dispute.lost|subscription.renewed|subscription.cancelled
N0952,641,payment.authorized|payment.captured|payment.failed|refund.created|refund.settled|payout.paid|dispute.opened|dispute.won|dispute.lost|subscription.renewed|subscription.cancelled
N0953,641,payment.authorized|payment.captured|payment.failed|refund.created|refund.settled|payout.paid|dispute.opened|dispute.won|dispute.lost|subscription.renewed|subscription.cancelled
N0954,641,payment.authorized|payment.captured|payment.failed|refund.created|refund.settled|payout.paid|dispute.opened|dispute.won|dispute.lost|subscription.renewed|subscription.cancelled
N0955,641,payment.authorized|payment.captured|payment.failed|refund.created|refund.settled|payout.paid|dispute.opened|dispute.won|dispute.lost|subscription.renewed|subscription.cancelled
N0956,641,payment.authorized|payment.captured|payment.failed|refund.created|refund.settled|payout.paid|dispute.opened|dispute.won|dispute.lost|subscription.renewed|subscription.cancelled
N0957,641,payment.authorized|payment.captured|payment.failed|refund.created|refund.settled|payout.paid|dispute.opened|dispute.won|dispute.lost|subscription.renewed|subscription.cancelled
N0958,641,payment.authorized|payment.captured|payment.failed|refund.created|refund.settled|payout.paid|dispute.opened|dispute.won|dispute.lost|subscription.renewed|subscription.cancelled
N0959,641,payment.authorized|payment.captured|payment.failed|refund.created|refund.settled|payout.paid|dispute.opened|dispute.won|dispute.lost|subscription.renewed|subscription.cancelled
N0960,641,payment.authorized|payment.captured|payment.failed|refund.created|refund.settled|payout.paid|dispute.opened|dispute.won|dispute.lost|subscription.renewed|subscription.cancelled
N0961,641,payment.authorized|payment.captured|payment.failed|refund.created|refund.settled|payout.paid|dispute.opened|dispute.won|dispute.lost|subscription.renewed|subscription.cancelled
N0962,641,payment.authorized|payment.captured|payment.failed|refund.created|refund.settled|payout.paid|dispute.opened|dispute.won|dispute.lost|subscription.renewed|subscription.cancelled
N0963,641,payment.authorized|payment.captured|payment.failed|refund.created|refund.settled|payout.paid|dispute.opened|dispute.won|dispute.lost|subscription.renewed|subscription.cancelled
N0964,641,payment.authorized|payment.captured|payment.failed|refund.created|refund.settled|payout.paid|dispute.opened|dispute.won|dispute.lost|subscription.renewed|subscription.cancelled
N0965,641,payment.authorized|payment.captured|payment.failed|refund.created|refund.settled|payout.paid|dispute.opened|dispute.won|dispute.lost|subscription.renewed|subscription.cancelled
N0966,641,payment.authorized|payment.captured|payment.failed|refund.created|refund.settled|payout.paid|dispute.opened|dispute.won|dispute.lost|subscription.renewed|subscription.cancelled
N0967,641,payment.authorized|payment.captured|payment.failed|refund.created|refund.settled|payout.paid|dispute.opened|dispute.won|dispute.lost|subscription.renewed|subscription.cancelled
N0968,641,payment.authorized|payment.captured|payment.failed|refund.created|refund.settled|payout.paid|dispute.opened|dispute.won|dispute.lost|subscription.renewed|subscription.cancelled
N0969,641,payment.authorized|payment.captured|payment.failed|refund.created|refund.settled|payout.paid|dispute.opened|dispute.won|dispute.lost|subscription.renewed|subscription.cancelled
N0970,641,payment.authorized|payment.captured|payment.failed|refund.created|refund.settled|payout.paid|dispute.opened|dispute.won|dispute.lost|subscription.renewed|subscription.cancelled
N0971,641,payment.authorized|payment.captured|payment.failed|refund.created|refund.settled|payout.paid|dispute.opened|dispute.won|dispute.lost|subscription.renewed|subscription.cancelled
N0972,641,payment.authorized|payment.captured|payment.failed|refund.created|refund.settled|payout.paid|dispute.opened|dispute.won|dispute.lost|subscription.renewed|subscription.cancelled
N0973,641,payment.authorized|payment.captured|payment.failed|refund.created|refund.settled|payout.paid|dispute.opened|dispute.won|dispute.lost|subscription.renewed|subscription.cancelled
N0974,641,payment.authorized|payment.captured|payment.failed|refund.created|refund.settled|payout.paid|dispute.opened|dispute.won|dispute.lost|subscription.renewed|subscription.cancelled
N0975,641,payment.authorized|payment.captured|payment.failed|refund.created|refund.settled|payout.paid|dispute.opened|dispute.won|dispute.lost|subscription.renewed|subscription.cancelled
N0976,641,payment.authorized|payment.captured|payment.failed|refund.created|refund.settled|payout.paid|dispute.opened|dispute.won|dispute.lost|subscription.renewed|subscription.cancelled
N0977,641,payment.authorized|payment.captured|payment.failed|refund.created|refund.settled|payout.paid|dispute.opened|dispute.won|dispute.lost|subscription.renewed|subscription.cancelled
N0978,641,payment.authorized|payment.captured|payment.failed|refund.created|refund.settled|payout.paid|dispute.opened|dispute.won|dispute.lost|subscription.renewed|subscription.cancelled
N0979,641,payment.authorized|payment.captured|payment.failed|refund.created|refund.settled|payout.paid|dispute.opened|dispute.won|dispute.lost|subscription.renewed|subscription.cancelled
N0980,640,payment.authorized|dispute.opened
N0980,641,payment.authorized|payment.captured|payment.failed|refund.created|refund.settled|payout.paid|dispute.opened|dispute.won|dispute.lost|subscription.renewed|subscription.cancelled
N0981,641,payment.authorized|payment.captured|payment.failed|refund.created|refund.settled|payout.paid|dispute.opened|dispute.won|dispute.lost|subscription.renewed|subscription.cancelled
N0982,641,payment.authorized|payment.captured|payment.failed|refund.created|refund.settled|payout.paid|dispute.opened|dispute.won|dispute.lost|subscription.renewed|subscription.cancelled
N0983,641,payment.authorized|payment.captured|payment.failed|refund.created|refund.settled|payout.paid|dispute.opened|dispute.won|dispute.lost|subscription.renewed|subscription.cancelled
N0984,641,payment.authorized|payment.captured|payment.failed|refund.created|refund.settled|payout.paid|dispute.opened|dispute.won|dispute.lost|subscription.renewed|subscription.cancelled
N0985,641,payment.authorized|payment.captured|payment.failed|refund.created|refund.settled|payout.paid|dispute.opened|dispute.won|dispute.lost|subscription.renewed|subscription.cancelled
N0986,641,payment.authorized|payment.captured|payment.failed|refund.created|refund.settled|payout.paid|dispute.opened|dispute.won|dispute.lost|subscription.renewed|subscription.cancelled
N0987,641,payment.authorized|payment.captured|payment.failed|refund.created|refund.settled|payout.paid|dispute.opened|dispute.won|dispute.lost|subscription.renewed|subscription.cancelled
N0988,641,payment.authorized|payment.captured|payment.failed|refund.created|refund.settled|payout.paid|dispute.opened|dispute.won|dispute.lost|subscription.renewed|subscription.cancelled
N0989,641,payment.authorized|payment.captured|payment.failed|refund.created|refund.settled|payout.paid|dispute.opened|dispute.won|dispute.lost|subscription.renewed|subscription.cancelled
N0990,641,payment.authorized|payment.captured|payment.failed|refund.created|refund.settled|payout.paid|dispute.opened|dispute.won|dispute.lost|subscription.renewed|subscription.cancelled
N0991,641,payment.authorized|payment.captured|payment.failed|refund.created|refund.settled|payout.paid|dispute.opened|dispute.won|dispute.lost|subscription.renewed|subscription.cancelled
N0992,641,payment.authorized|payment.captured|payment.failed|refund.created|refund.settled|payout.paid|dispute.opened|dispute.won|dispute.lost|subscription.renewed|subscription.cancelled
N0993,641,payment.authorized|payment.captured|payment.failed|refund.created|refund.settled|payout.paid|dispute.opened|dispute.won|dispute.lost|subscription.renewed|subscription.cancelled
N0994,641,payment.authorized|payment.captured|payment.failed|refund.created|refund.settled|payout.paid|dispute.opened|dispute.won|dispute.lost|subscription.renewed|subscription.cancelled
N0995,641,payment.authorized|payment.captured|payment.failed|refund.created|refund.settled|payout.paid|dispute.opened|dispute.won|dispute.lost|subscription.renewed|subscription.cancelled
N0996,641,payment.authorized|payment.captured|payment.failed|refund.created|refund.settled|payout.paid|dispute.opened|dispute.won|dispute.lost|subscription.renewed|subscription.cancelled
N0997,641,payment.authorized|payment.captured|payment.failed|refund.created|refund.settled|payout.paid|dispute.opened|dispute.won|dispute.lost|subscription.renewed|subscription.cancelled
N0998,641,payment.authorized|payment.captured|payment.failed|refund.created|refund.settled|payout.paid|dispute.opened|dispute.won|dispute.lost|subscription.renewed|subscription.cancelled
N0999,641,payment.authorized|payment.captured|payment.failed|refund.created|refund.settled|payout.paid|dispute.opened|dispute.won|dispute.lost|subscription.renewed|subscription.cancelled
N1000,641,payment.authorized|payment.captured|payment.failed|refund.created|refund.settled|payout.paid|dispute.opened|dispute.won|dispute.lost|subscription.renewed|subscription.cancelled
N1001,641,payment.authorized|payment.captured|payment.failed|refund.created|refund.settled|payout.paid|dispute.opened|dispute.won|dispute.lost|subscription.renewed|subscription.cancelled
N1002,641,payment.authorized|payment.captured|payment.failed|refund.created|refund.settled|payout.paid|dispute.opened|dispute.won|dispute.lost|subscription.renewed|subscription.cancelled
N1003,641,payment.authorized|payment.captured|payment.failed|refund.created|refund.settled|payout.paid|dispute.opened|dispute.won|dispute.lost|subscription.renewed|subscription.cancelled
N1004,641,payment.authorized|payment.captured|payment.failed|refund.created|refund.settled|payout.paid|dispute.opened|dispute.won|dispute.lost|subscription.renewed|subscription.cancelled
N1005,641,payment.authorized|payment.captured|payment.failed|refund.created|refund.settled|payout.paid|dispute.opened|dispute.won|dispute.lost|subscription.renewed|subscription.cancelled
N1006,641,payment.authorized|payment.captured|payment.failed|refund.created|refund.settled|payout.paid|dispute.opened|dispute.won|dispute.lost|subscription.renewed|subscription.cancelled
N1007,641,payment.authorized|payment.captured|payment.failed|refund.created|refund.settled|payout.paid|dispute.opened|dispute.won|dispute.lost|subscription.renewed|subscription.cancelled
N1008,641,payment.authorized|payment.captured|payment.failed|refund.created|refund.settled|payout.paid|dispute.opened|dispute.won|dispute.lost|subscription.renewed|subscription.cancelled
N1009,641,payment.authorized|payment.captured|payment.failed|refund.created|refund.settled|payout.paid|dispute.opened|dispute.won|dispute.lost|subscription.renewed|subscription.cancelled
N1010,641,payment.authorized|payment.captured|payment.failed|refund.created|refund.settled|payout.paid|dispute.opened|dispute.won|dispute.lost|subscription.renewed|subscription.cancelled
N1011,641,payment.authorized|payment.captured|payment.failed|refund.created|refund.settled|payout.paid|dispute.opened|dispute.won|dispute.lost|subscription.renewed|subscription.cancelled
N1012,641,payment.authorized|payment.captured|payment.failed|refund.created|refund.settled|payout.paid|dispute.opened|dispute.won|dispute.lost|subscription.renewed|subscription.cancelled
N1013,641,payment.authorized|payment.captured|payment.failed|refund.created|refund.settled|payout.paid|dispute.opened|dispute.won|dispute.lost|subscription.renewed|subscription.cancelled
N1014,641,payment.authorized|payment.captured|payment.failed|refund.created|refund.settled|payout.paid|dispute.opened|dispute.won|dispute.lost|subscription.renewed|subscription.cancelled
N1015,641,payment.authorized|payment.captured|payment.failed|refund.created|refund.settled|payout.paid|dispute.opened|dispute.won|dispute.lost|subscription.renewed|subscription.cancelled
N1016,641,payment.authorized|payment.captured|payment.failed|refund.created|refund.settled|payout.paid|dispute.opened|dispute.won|dispute.lost|subscription.renewed|subscription.cancelled
N1017,641,payment.authorized|payment.captured|payment.failed|refund.created|refund.settled|payout.paid|dispute.opened|dispute.won|dispute.lost|subscription.renewed|subscription.cancelled
N1018,641,payment.authorized|payment.captured|payment.failed|refund.created|refund.settled|payout.paid|dispute.opened|dispute.won|dispute.lost|subscription.renewed|subscription.cancelled
N1019,641,payment.authorized|payment.captured|payment.failed|refund.created|refund.settled|payout.paid|dispute.opened|dispute.won|dispute.lost|subscription.renewed|subscription.cancelled
N1020,641,payment.authorized|payment.captured|payment.failed|refund.created|refund.settled|payout.paid|dispute.opened|dispute.won|dispute.lost|subscription.renewed|subscription.cancelled
N1021,641,payment.authorized|payment.captured|payment.failed|refund.created|refund.settled|payout.paid|dispute.opened|dispute.won|dispute.lost|subscription.renewed|subscription.cancelled
N1022,641,payment.authorized|payment.captured|payment.failed|refund.created|refund.settled|payout.paid|dispute.opened|dispute.won|dispute.lost|subscription.renewed|subscription.cancelled
N1023,641,payment.authorized|payment.captured|payment.failed|refund.created|refund.settled|payout.paid|dispute.opened|dispute.won|dispute.lost|subscription.renewed|subscription.cancelled
N1024,641,payment.authorized|payment.captured|payment.failed|refund.created|refund.settled|payout.paid|dispute.opened|dispute.won|dispute.lost|subscription.renewed|subscription.cancelled
N1025,641,payment.authorized|payment.captured|payment.failed|refund.created|refund.settled|payout.paid|dispute.opened|dispute.won|dispute.lost|subscription.renewed|subscription.cancelled
N1026,641,payment.authorized|payment.captured|payment.failed|refund.created|refund.settled|payout.paid|dispute.opened|dispute.won|dispute.lost|subscription.renewed|subscription.cancelled
N1027,641,payment.authorized|payment.captured|payment.failed|refund.created|refund.settled|payout.paid|dispute.opened|dispute.won|dispute.lost|subscription.renewed|subscription.cancelled
N1028,641,payment.authorized|payment.captured|payment.failed|refund.created|refund.settled|payout.paid|dispute.opened|dispute.won|dispute.lost|subscription.renewed|subscription.cancelled
N1029,641,payment.authorized|payment.captured|payment.failed|refund.created|refund.settled|payout.paid|dispute.opened|dispute.won|dispute.lost|subscription.renewed|subscription.cancelled
N1030,641,payment.authorized|payment.captured|payment.failed|refund.created|refund.settled|payout.paid|dispute.opened|dispute.won|dispute.lost|subscription.renewed|subscription.cancelled
N1031,641,payment.authorized|payment.captured|payment.failed|refund.created|refund.settled|payout.paid|dispute.opened|dispute.won|dispute.lost|subscription.renewed|subscription.cancelled
N1032,641,payment.authorized|payment.captured|payment.failed|refund.created|refund.settled|payout.paid|dispute.opened|dispute.won|dispute.lost|subscription.renewed|subscription.cancelled
N1033,641,payment.authorized|payment.captured|payment.failed|refund.created|refund.settled|payout.paid|dispute.opened|dispute.won|dispute.lost|subscription.renewed|subscription.cancelled
N1034,641,payment.authorized|payment.captured|payment.failed|refund.created|refund.settled|payout.paid|dispute.opened|dispute.won|dispute.lost|subscription.renewed|subscription.cancelled
N1035,641,payment.authorized|payment.captured|payment.failed|refund.created|refund.settled|payout.paid|dispute.opened|dispute.won|dispute.lost|subscription.renewed|subscription.cancelled
N1036,641,payment.authorized|payment.captured|payment.failed|refund.created|refund.settled|payout.paid|dispute.opened|dispute.won|dispute.lost|subscription.renewed|subscription.cancelled
N1037,641,payment.authorized|payment.captured|payment.failed|refund.created|refund.settled|payout.paid|dispute.opened|dispute.won|dispute.lost|subscription.renewed|subscription.cancelled
N1038,641,payment.authorized|payment.captured|payment.failed|refund.created|refund.settled|payout.paid|dispute.opened|dispute.won|dispute.lost|subscription.renewed|subscription.cancelled
N1039,641,payment.authorized|payment.captured|payment.failed|refund.created|refund.settled|payout.paid|dispute.opened|dispute.won|dispute.lost|subscription.renewed|subscription.cancelled
N1040,641,payment.authorized|payment.captured|payment.failed|refund.created|refund.settled|payout.paid|dispute.opened|dispute.won|dispute.lost|subscription.renewed|subscription.cancelled
N1041,641,payment.authorized|payment.captured|payment.failed|refund.created|refund.settled|payout.paid|dispute.opened|dispute.won|dispute.lost|subscription.renewed|subscription.cancelled
N1042,641,payment.authorized|payment.captured|payment.failed|refund.created|refund.settled|payout.paid|dispute.opened|dispute.won|dispute.lost|subscription.renewed|subscription.cancelled
N1043,641,payment.authorized|payment.captured|payment.failed|refund.created|refund.settled|payout.paid|dispute.opened|dispute.won|dispute.lost|subscription.renewed|subscription.cancelled
N1044,641,payment.authorized|payment.captured|payment.failed|refund.created|refund.settled|payout.paid|dispute.opened|dispute.won|dispute.lost|subscription.renewed|subscription.cancelled
N1045,641,payment.authorized|payment.captured|payment.failed|refund.created|refund.settled|payout.paid|dispute.opened|dispute.won|dispute.lost|subscription.renewed|subscription.cancelled
N1046,641,payment.authorized|payment.captured|payment.failed|refund.created|refund.settled|payout.paid|dispute.opened|dispute.won|dispute.lost|subscription.renewed|subscription.cancelled
N1047,641,payment.authorized|payment.captured|payment.failed|refund.created|refund.settled|payout.paid|dispute.opened|dispute.won|dispute.lost|subscription.renewed|subscription.cancelled
N1048,641,payment.authorized|payment.captured|payment.failed|refund.created|refund.settled|payout.paid|dispute.opened|dispute.won|dispute.lost|subscription.renewed|subscription.cancelled
N1049,641,payment.authorized|payment.captured|payment.failed|refund.created|refund.settled|payout.paid|dispute.opened|dispute.won|dispute.lost|subscription.renewed|subscription.cancelled
N1050,641,payment.authorized|payment.captured|payment.failed|refund.created|refund.settled|payout.paid|dispute.opened|dispute.won|dispute.lost|subscription.renewed|subscription.cancelled
N1051,641,payment.authorized|payment.captured|payment.failed|refund.created|refund.settled|payout.paid|dispute.opened|dispute.won|dispute.lost|subscription.renewed|subscription.cancelled
N1052,641,payment.authorized|payment.captured|payment.failed|refund.created|refund.settled|payout.paid|dispute.opened|dispute.won|dispute.lost|subscription.renewed|subscription.cancelled
N1053,641,payment.authorized|payment.captured|payment.failed|refund.created|refund.settled|payout.paid|dispute.opened|dispute.won|dispute.lost|subscription.renewed|subscription.cancelled
N1054,641,payment.authorized|payment.captured|payment.failed|refund.created|refund.settled|payout.paid|dispute.opened|dispute.won|dispute.lost|subscription.renewed|subscription.cancelled
N1055,641,payment.authorized|payment.captured|payment.failed|refund.created|refund.settled|payout.paid|dispute.opened|dispute.won|dispute.lost|subscription.renewed|subscription.cancelled
N1056,641,payment.authorized|payment.captured|payment.failed|refund.created|refund.settled|payout.paid|dispute.opened|dispute.won|dispute.lost|subscription.renewed|subscription.cancelled
N1057,641,payment.authorized|payment.captured|payment.failed|refund.created|refund.settled|payout.paid|dispute.opened|dispute.won|dispute.lost|subscription.renewed|subscription.cancelled
N1058,641,payment.authorized|payment.captured|payment.failed|refund.created|refund.settled|payout.paid|dispute.opened|dispute.won|dispute.lost|subscription.renewed|subscription.cancelled
N1059,641,payment.authorized|payment.captured|payment.failed|refund.created|refund.settled|payout.paid|dispute.opened|dispute.won|dispute.lost|subscription.renewed|subscription.cancelled
N1060,641,payment.authorized|payment.captured|payment.failed|refund.created|refund.settled|payout.paid|dispute.opened|dispute.won|dispute.lost|subscription.renewed|subscription.cancelled
N1061,641,payment.authorized|payment.captured|payment.failed|refund.created|refund.settled|payout.paid|dispute.opened|dispute.won|dispute.lost|subscription.renewed|subscription.cancelled
N1062,641,payment.authorized|payment.captured|payment.failed|refund.created|refund.settled|payout.paid|dispute.opened|dispute.won|dispute.lost|subscription.renewed|subscription.cancelled
N1063,641,payment.authorized|payment.captured|payment.failed|refund.created|refund.settled|payout.paid|dispute.opened|dispute.won|dispute.lost|subscription.renewed|subscription.cancelled
N1064,641,payment.authorized|payment.captured|payment.failed|refund.created|refund.settled|payout.paid|dispute.opened|dispute.won|dispute.lost|subscription.renewed|subscription.cancelled
N1065,641,payment.authorized|payment.captured|payment.failed|refund.created|refund.settled|payout.paid|dispute.opened|dispute.won|dispute.lost|subscription.renewed|subscription.cancelled
N1066,641,payment.authorized|payment.captured|payment.failed|refund.created|refund.settled|payout.paid|dispute.opened|dispute.won|dispute.lost|subscription.renewed|subscription.cancelled
N1067,641,payment.authorized|payment.captured|payment.failed|refund.created|refund.settled|payout.paid|dispute.opened|dispute.won|dispute.lost|subscription.renewed|subscription.cancelled
N1068,641,payment.authorized|payment.captured|payment.failed|refund.created|refund.settled|payout.paid|dispute.opened|dispute.won|dispute.lost|subscription.renewed|subscription.cancelled
N1069,641,payment.authorized|payment.captured|payment.failed|refund.created|refund.settled|payout.paid|dispute.opened|dispute.won|dispute.lost|subscription.renewed|subscription.cancelled
N1070,641,payment.authorized|payment.captured|payment.failed|refund.created|refund.settled|payout.paid|dispute.opened|dispute.won|dispute.lost|subscription.renewed|subscription.cancelled
N1071,641,payment.authorized|payment.captured|payment.failed|refund.created|refund.settled|payout.paid|dispute.opened|dispute.won|dispute.lost|subscription.renewed|subscription.cancelled
N1072,641,payment.authorized|payment.captured|payment.failed|refund.created|refund.settled|payout.paid|dispute.opened|dispute.won|dispute.lost|subscription.renewed|subscription.cancelled
N1073,640,payment.authorized|dispute.opened
N1073,641,payment.authorized|payment.captured|payment.failed|refund.created|refund.settled|payout.paid|dispute.opened|dispute.won|dispute.lost|subscription.renewed|subscription.cancelled
N1074,641,payment.authorized|payment.captured|payment.failed|refund.created|refund.settled|payout.paid|dispute.opened|dispute.won|dispute.lost|subscription.renewed|subscription.cancelled
N1075,641,payment.authorized|payment.captured|payment.failed|refund.created|refund.settled|payout.paid|dispute.opened|dispute.won|dispute.lost|subscription.renewed|subscription.cancelled
N1076,641,payment.authorized|payment.captured|payment.failed|refund.created|refund.settled|payout.paid|dispute.opened|dispute.won|dispute.lost|subscription.renewed|subscription.cancelled
N1077,641,payment.authorized|payment.captured|payment.failed|refund.created|refund.settled|payout.paid|dispute.opened|dispute.won|dispute.lost|subscription.renewed|subscription.cancelled
N1078,641,payment.authorized|payment.captured|payment.failed|refund.created|refund.settled|payout.paid|dispute.opened|dispute.won|dispute.lost|subscription.renewed|subscription.cancelled
N1079,641,payment.authorized|payment.captured|payment.failed|refund.created|refund.settled|payout.paid|dispute.opened|dispute.won|dispute.lost|subscription.renewed|subscription.cancelled
N1080,641,payment.authorized|payment.captured|payment.failed|refund.created|refund.settled|payout.paid|dispute.opened|dispute.won|dispute.lost|subscription.renewed|subscription.cancelled
N1081,641,payment.authorized|payment.captured|payment.failed|refund.created|refund.settled|payout.paid|dispute.opened|dispute.won|dispute.lost|subscription.renewed|subscription.cancelled
N1082,641,payment.authorized|payment.captured|payment.failed|refund.created|refund.settled|payout.paid|dispute.opened|dispute.won|dispute.lost|subscription.renewed|subscription.cancelled
N1083,641,payment.authorized|payment.captured|payment.failed|refund.created|refund.settled|payout.paid|dispute.opened|dispute.won|dispute.lost|subscription.renewed|subscription.cancelled
N1084,641,payment.authorized|payment.captured|payment.failed|refund.created|refund.settled|payout.paid|dispute.opened|dispute.won|dispute.lost|subscription.renewed|subscription.cancelled
N1085,641,payment.authorized|payment.captured|payment.failed|refund.created|refund.settled|payout.paid|dispute.opened|dispute.won|dispute.lost|subscription.renewed|subscription.cancelled
N1086,641,payment.authorized|payment.captured|payment.failed|refund.created|refund.settled|payout.paid|dispute.opened|dispute.won|dispute.lost|subscription.renewed|subscription.cancelled
N1087,641,payment.authorized|payment.captured|payment.failed|refund.created|refund.settled|payout.paid|dispute.opened|dispute.won|dispute.lost|subscription.renewed|subscription.cancelled
N1088,641,payment.authorized|payment.captured|payment.failed|refund.created|refund.settled|payout.paid|dispute.opened|dispute.won|dispute.lost|subscription.renewed|subscription.cancelled
N1089,641,payment.authorized|payment.captured|payment.failed|refund.created|refund.settled|payout.paid|dispute.opened|dispute.won|dispute.lost|subscription.renewed|subscription.cancelled
N1090,641,payment.authorized|payment.captured|payment.failed|refund.created|refund.settled|payout.paid|dispute.opened|dispute.won|dispute.lost|subscription.renewed|subscription.cancelled
N1091,641,payment.authorized|payment.captured|payment.failed|refund.created|refund.settled|payout.paid|dispute.opened|dispute.won|dispute.lost|subscription.renewed|subscription.cancelled
N1092,641,payment.authorized|payment.captured|payment.failed|refund.created|refund.settled|payout.paid|dispute.opened|dispute.won|dispute.lost|subscription.renewed|subscription.cancelled
N1093,641,payment.authorized|payment.captured|payment.failed|refund.created|refund.settled|payout.paid|dispute.opened|dispute.won|dispute.lost|subscription.renewed|subscription.cancelled
N1094,641,payment.authorized|payment.captured|payment.failed|refund.created|refund.settled|payout.paid|dispute.opened|dispute.won|dispute.lost|subscription.renewed|subscription.cancelled
N1095,641,payment.authorized|payment.captured|payment.failed|refund.created|refund.settled|payout.paid|dispute.opened|dispute.won|dispute.lost|subscription.renewed|subscription.cancelled
N1096,641,payment.authorized|payment.captured|payment.failed|refund.created|refund.settled|payout.paid|dispute.opened|dispute.won|dispute.lost|subscription.renewed|subscription.cancelled
N1097,641,payment.authorized|payment.captured|payment.failed|refund.created|refund.settled|payout.paid|dispute.opened|dispute.won|dispute.lost|subscription.renewed|subscription.cancelled
N1098,641,payment.authorized|payment.captured|payment.failed|refund.created|refund.settled|payout.paid|dispute.opened|dispute.won|dispute.lost|subscription.renewed|subscription.cancelled
N1099,641,payment.authorized|payment.captured|payment.failed|refund.created|refund.settled|payout.paid|dispute.opened|dispute.won|dispute.lost|subscription.renewed|subscription.cancelled
N1100,641,payment.authorized|payment.captured|payment.failed|refund.created|refund.settled|payout.paid|dispute.opened|dispute.won|dispute.lost|subscription.renewed|subscription.cancelled
N1101,641,payment.authorized|payment.captured|payment.failed|refund.created|refund.settled|payout.paid|dispute.opened|dispute.won|dispute.lost|subscription.renewed|subscription.cancelled
N1102,641,payment.authorized|payment.captured|payment.failed|refund.created|refund.settled|payout.paid|dispute.opened|dispute.won|dispute.lost|subscription.renewed|subscription.cancelled
N1103,641,payment.authorized|payment.captured|payment.failed|refund.created|refund.settled|payout.paid|dispute.opened|dispute.won|dispute.lost|subscription.renewed|subscription.cancelled
N1104,641,payment.authorized|payment.captured|payment.failed|refund.created|refund.settled|payout.paid|dispute.opened|dispute.won|dispute.lost|subscription.renewed|subscription.cancelled
N1105,641,payment.authorized|payment.captured|payment.failed|refund.created|refund.settled|payout.paid|dispute.opened|dispute.won|dispute.lost|subscription.renewed|subscription.cancelled
N1106,641,payment.authorized|payment.captured|payment.failed|refund.created|refund.settled|payout.paid|dispute.opened|dispute.won|dispute.lost|subscription.renewed|subscription.cancelled
N1107,641,payment.authorized|payment.captured|payment.failed|refund.created|refund.settled|payout.paid|dispute.opened|dispute.won|dispute.lost|subscription.renewed|subscription.cancelled
N1108,641,payment.authorized|payment.captured|payment.failed|refund.created|refund.settled|payout.paid|dispute.opened|dispute.won|dispute.lost|subscription.renewed|subscription.cancelled
N1109,641,payment.authorized|payment.captured|payment.failed|refund.created|refund.settled|payout.paid|dispute.opened|dispute.won|dispute.lost|subscription.renewed|subscription.cancelled
N1110,641,payment.authorized|payment.captured|payment.failed|refund.created|refund.settled|payout.paid|dispute.opened|dispute.won|dispute.lost|subscription.renewed|subscription.cancelled
N1111,641,payment.authorized|payment.captured|payment.failed|refund.created|refund.settled|payout.paid|dispute.opened|dispute.won|dispute.lost|subscription.renewed|subscription.cancelled
N1112,641,payment.authorized|payment.captured|payment.failed|refund.created|refund.settled|payout.paid|dispute.opened|dispute.won|dispute.lost|subscription.renewed|subscription.cancelled
N1113,641,payment.authorized|payment.captured|payment.failed|refund.created|refund.settled|payout.paid|dispute.opened|dispute.won|dispute.lost|subscription.renewed|subscription.cancelled
N1114,641,payment.authorized|payment.captured|payment.failed|refund.created|refund.settled|payout.paid|dispute.opened|dispute.won|dispute.lost|subscription.renewed|subscription.cancelled
N1115,641,payment.authorized|payment.captured|payment.failed|refund.created|refund.settled|payout.paid|dispute.opened|dispute.won|dispute.lost|subscription.renewed|subscription.cancelled
N1116,641,payment.authorized|payment.captured|payment.failed|refund.created|refund.settled|payout.paid|dispute.opened|dispute.won|dispute.lost|subscription.renewed|subscription.cancelled
N1117,641,payment.authorized|payment.captured|payment.failed|refund.created|refund.settled|payout.paid|dispute.opened|dispute.won|dispute.lost|subscription.renewed|subscription.cancelled
N1118,641,payment.authorized|payment.captured|payment.failed|refund.created|refund.settled|payout.paid|dispute.opened|dispute.won|dispute.lost|subscription.renewed|subscription.cancelled
N1119,641,payment.authorized|payment.captured|payment.failed|refund.created|refund.settled|payout.paid|dispute.opened|dispute.won|dispute.lost|subscription.renewed|subscription.cancelled
N1120,641,payment.authorized|payment.captured|payment.failed|refund.created|refund.settled|payout.paid|dispute.opened|dispute.won|dispute.lost|subscription.renewed|subscription.cancelled
N1121,640,payment.authorized|dispute.opened
N1121,641,payment.authorized|payment.captured|payment.failed|refund.created|refund.settled|payout.paid|dispute.opened|dispute.won|dispute.lost|subscription.renewed|subscription.cancelled
N1122,641,payment.authorized|payment.captured|payment.failed|refund.created|refund.settled|payout.paid|dispute.opened|dispute.won|dispute.lost|subscription.renewed|subscription.cancelled
N1123,641,payment.authorized|payment.captured|payment.failed|refund.created|refund.settled|payout.paid|dispute.opened|dispute.won|dispute.lost|subscription.renewed|subscription.cancelled
N1124,641,payment.authorized|payment.captured|payment.failed|refund.created|refund.settled|payout.paid|dispute.opened|dispute.won|dispute.lost|subscription.renewed|subscription.cancelled
N1125,641,payment.authorized|payment.captured|payment.failed|refund.created|refund.settled|payout.paid|dispute.opened|dispute.won|dispute.lost|subscription.renewed|subscription.cancelled
N1126,641,payment.authorized|payment.captured|payment.failed|refund.created|refund.settled|payout.paid|dispute.opened|dispute.won|dispute.lost|subscription.renewed|subscription.cancelled
N1127,641,payment.authorized|payment.captured|payment.failed|refund.created|refund.settled|payout.paid|dispute.opened|dispute.won|dispute.lost|subscription.renewed|subscription.cancelled
N1128,640,payment.authorized|dispute.opened
N1128,641,payment.authorized|payment.captured|payment.failed|refund.created|refund.settled|payout.paid|dispute.opened|dispute.won|dispute.lost|subscription.renewed|subscription.cancelled
N1129,641,payment.authorized|payment.captured|payment.failed|refund.created|refund.settled|payout.paid|dispute.opened|dispute.won|dispute.lost|subscription.renewed|subscription.cancelled
N1130,641,payment.authorized|payment.captured|payment.failed|refund.created|refund.settled|payout.paid|dispute.opened|dispute.won|dispute.lost|subscription.renewed|subscription.cancelled
N1131,641,payment.authorized|payment.captured|payment.failed|refund.created|refund.settled|payout.paid|dispute.opened|dispute.won|dispute.lost|subscription.renewed|subscription.cancelled
N1132,641,payment.authorized|payment.captured|payment.failed|refund.created|refund.settled|payout.paid|dispute.opened|dispute.won|dispute.lost|subscription.renewed|subscription.cancelled
N1133,641,payment.authorized|payment.captured|payment.failed|refund.created|refund.settled|payout.paid|dispute.opened|dispute.won|dispute.lost|subscription.renewed|subscription.cancelled
N1134,641,payment.authorized|payment.captured|payment.failed|refund.created|refund.settled|payout.paid|dispute.opened|dispute.won|dispute.lost|subscription.renewed|subscription.cancelled
N1135,640,payment.authorized|dispute.opened
N1135,641,payment.authorized|payment.captured|payment.failed|refund.created|refund.settled|payout.paid|dispute.opened|dispute.won|dispute.lost|subscription.renewed|subscription.cancelled
N1136,641,payment.authorized|payment.captured|payment.failed|refund.created|refund.settled|payout.paid|dispute.opened|dispute.won|dispute.lost|subscription.renewed|subscription.cancelled
N1137,641,payment.authorized|payment.captured|payment.failed|refund.created|refund.settled|payout.paid|dispute.opened|dispute.won|dispute.lost|subscription.renewed|subscription.cancelled
N1138,641,payment.authorized|payment.captured|payment.failed|refund.created|refund.settled|payout.paid|dispute.opened|dispute.won|dispute.lost|subscription.renewed|subscription.cancelled
N1139,641,payment.authorized|payment.captured|payment.failed|refund.created|refund.settled|payout.paid|dispute.opened|dispute.won|dispute.lost|subscription.renewed|subscription.cancelled
N1140,641,payment.authorized|payment.captured|payment.failed|refund.created|refund.settled|payout.paid|dispute.opened|dispute.won|dispute.lost|subscription.renewed|subscription.cancelled
N1141,641,payment.authorized|payment.captured|payment.failed|refund.created|refund.settled|payout.paid|dispute.opened|dispute.won|dispute.lost|subscription.renewed|subscription.cancelled
N1142,641,payment.authorized|payment.captured|payment.failed|refund.created|refund.settled|payout.paid|dispute.opened|dispute.won|dispute.lost|subscription.renewed|subscription.cancelled
N1143,641,payment.authorized|payment.captured|payment.failed|refund.created|refund.settled|payout.paid|dispute.opened|dispute.won|dispute.lost|subscription.renewed|subscription.cancelled
N1144,640,payment.authorized|dispute.opened
N1144,641,payment.authorized|payment.captured|payment.failed|refund.created|refund.settled|payout.paid|dispute.opened|dispute.won|dispute.lost|subscription.renewed|subscription.cancelled
N1145,641,payment.authorized|payment.captured|payment.failed|refund.created|refund.settled|payout.paid|dispute.opened|dispute.won|dispute.lost|subscription.renewed|subscription.cancelled
N1146,641,payment.authorized|payment.captured|payment.failed|refund.created|refund.settled|payout.paid|dispute.opened|dispute.won|dispute.lost|subscription.renewed|subscription.cancelled
N1147,641,payment.authorized|payment.captured|payment.failed|refund.created|refund.settled|payout.paid|dispute.opened|dispute.won|dispute.lost|subscription.renewed|subscription.cancelled
N1148,641,payment.authorized|payment.captured|payment.failed|refund.created|refund.settled|payout.paid|dispute.opened|dispute.won|dispute.lost|subscription.renewed|subscription.cancelled
N1149,641,payment.authorized|payment.captured|payment.failed|refund.created|refund.settled|payout.paid|dispute.opened|dispute.won|dispute.lost|subscription.renewed|subscription.cancelled
N1150,641,payment.authorized|payment.captured|payment.failed|refund.created|refund.settled|payout.paid|dispute.opened|dispute.won|dispute.lost|subscription.renewed|subscription.cancelled
N1151,641,payment.authorized|payment.captured|payment.failed|refund.created|refund.settled|payout.paid|dispute.opened|dispute.won|dispute.lost|subscription.renewed|subscription.cancelled
N1152,641,payment.authorized|payment.captured|payment.failed|refund.created|refund.settled|payout.paid|dispute.opened|dispute.won|dispute.lost|subscription.renewed|subscription.cancelled
N1153,641,payment.authorized|payment.captured|payment.failed|refund.created|refund.settled|payout.paid|dispute.opened|dispute.won|dispute.lost|subscription.renewed|subscription.cancelled
N1154,641,payment.authorized|payment.captured|payment.failed|refund.created|refund.settled|payout.paid|dispute.opened|dispute.won|dispute.lost|subscription.renewed|subscription.cancelled
N1155,641,payment.authorized|payment.captured|payment.failed|refund.created|refund.settled|payout.paid|dispute.opened|dispute.won|dispute.lost|subscription.renewed|subscription.cancelled
N1156,641,payment.authorized|payment.captured|payment.failed|refund.created|refund.settled|payout.paid|dispute.opened|dispute.won|dispute.lost|subscription.renewed|subscription.cancelled
N1157,641,payment.authorized|payment.captured|payment.failed|refund.created|refund.settled|payout.paid|dispute.opened|dispute.won|dispute.lost|subscription.renewed|subscription.cancelled
N1158,641,payment.authorized|payment.captured|payment.failed|refund.created|refund.settled|payout.paid|dispute.opened|dispute.won|dispute.lost|subscription.renewed|subscription.cancelled
N1159,641,payment.authorized|payment.captured|payment.failed|refund.created|refund.settled|payout.paid|dispute.opened|dispute.won|dispute.lost|subscription.renewed|subscription.cancelled
N1160,641,payment.authorized|payment.captured|payment.failed|refund.created|refund.settled|payout.paid|dispute.opened|dispute.won|dispute.lost|subscription.renewed|subscription.cancelled
N1161,641,payment.authorized|payment.captured|payment.failed|refund.created|refund.settled|payout.paid|dispute.opened|dispute.won|dispute.lost|subscription.renewed|subscription.cancelled
N1162,641,payment.authorized|payment.captured|payment.failed|refund.created|refund.settled|payout.paid|dispute.opened|dispute.won|dispute.lost|subscription.renewed|subscription.cancelled
N1163,641,payment.authorized|payment.captured|payment.failed|refund.created|refund.settled|payout.paid|dispute.opened|dispute.won|dispute.lost|subscription.renewed|subscription.cancelled
N1164,641,payment.authorized|payment.captured|payment.failed|refund.created|refund.settled|payout.paid|dispute.opened|dispute.won|dispute.lost|subscription.renewed|subscription.cancelled
N1165,641,payment.authorized|payment.captured|payment.failed|refund.created|refund.settled|payout.paid|dispute.opened|dispute.won|dispute.lost|subscription.renewed|subscription.cancelled
N1166,641,payment.authorized|payment.captured|payment.failed|refund.created|refund.settled|payout.paid|dispute.opened|dispute.won|dispute.lost|subscription.renewed|subscription.cancelled
N1167,641,payment.authorized|payment.captured|payment.failed|refund.created|refund.settled|payout.paid|dispute.opened|dispute.won|dispute.lost|subscription.renewed|subscription.cancelled
N1168,641,payment.authorized|payment.captured|payment.failed|refund.created|refund.settled|payout.paid|dispute.opened|dispute.won|dispute.lost|subscription.renewed|subscription.cancelled
N1169,641,payment.authorized|payment.captured|payment.failed|refund.created|refund.settled|payout.paid|dispute.opened|dispute.won|dispute.lost|subscription.renewed|subscription.cancelled
N1170,641,payment.authorized|payment.captured|payment.failed|refund.created|refund.settled|payout.paid|dispute.opened|dispute.won|dispute.lost|subscription.renewed|subscription.cancelled
N1171,641,payment.authorized|payment.captured|payment.failed|refund.created|refund.settled|payout.paid|dispute.opened|dispute.won|dispute.lost|subscription.renewed|subscription.cancelled
N1172,641,payment.authorized|payment.captured|payment.failed|refund.created|refund.settled|payout.paid|dispute.opened|dispute.won|dispute.lost|subscription.renewed|subscription.cancelled
N1173,641,payment.authorized|payment.captured|payment.failed|refund.created|refund.settled|payout.paid|dispute.opened|dispute.won|dispute.lost|subscription.renewed|subscription.cancelled
N1174,641,payment.authorized|payment.captured|payment.failed|refund.created|refund.settled|payout.paid|dispute.opened|dispute.won|dispute.lost|subscription.renewed|subscription.cancelled
N1175,641,payment.authorized|payment.captured|payment.failed|refund.created|refund.settled|payout.paid|dispute.opened|dispute.won|dispute.lost|subscription.renewed|subscription.cancelled
N1176,641,payment.authorized|payment.captured|payment.failed|refund.created|refund.settled|payout.paid|dispute.opened|dispute.won|dispute.lost|subscription.renewed|subscription.cancelled
N1177,641,payment.authorized|payment.captured|payment.failed|refund.created|refund.settled|payout.paid|dispute.opened|dispute.won|dispute.lost|subscription.renewed|subscription.cancelled
N1178,641,payment.authorized|payment.captured|payment.failed|refund.created|refund.settled|payout.paid|dispute.opened|dispute.won|dispute.lost|subscription.renewed|subscription.cancelled
N1179,641,payment.authorized|payment.captured|payment.failed|refund.created|refund.settled|payout.paid|dispute.opened|dispute.won|dispute.lost|subscription.renewed|subscription.cancelled
N1180,641,payment.authorized|payment.captured|payment.failed|refund.created|refund.settled|payout.paid|dispute.opened|dispute.won|dispute.lost|subscription.renewed|subscription.cancelled
N1181,641,payment.authorized|payment.captured|payment.failed|refund.created|refund.settled|payout.paid|dispute.opened|dispute.won|dispute.lost|subscription.renewed|subscription.cancelled
N1182,641,payment.authorized|payment.captured|payment.failed|refund.created|refund.settled|payout.paid|dispute.opened|dispute.won|dispute.lost|subscription.renewed|subscription.cancelled
N1183,641,payment.authorized|payment.captured|payment.failed|refund.created|refund.settled|payout.paid|dispute.opened|dispute.won|dispute.lost|subscription.renewed|subscription.cancelled
N1184,641,payment.authorized|payment.captured|payment.failed|refund.created|refund.settled|payout.paid|dispute.opened|dispute.won|dispute.lost|subscription.renewed|subscription.cancelled
N1185,641,payment.authorized|payment.captured|payment.failed|refund.created|refund.settled|payout.paid|dispute.opened|dispute.won|dispute.lost|subscription.renewed|subscription.cancelled
N1186,641,payment.authorized|payment.captured|payment.failed|refund.created|refund.settled|payout.paid|dispute.opened|dispute.won|dispute.lost|subscription.renewed|subscription.cancelled
N1187,641,payment.authorized|payment.captured|payment.failed|refund.created|refund.settled|payout.paid|dispute.opened|dispute.won|dispute.lost|subscription.renewed|subscription.cancelled
N1188,641,payment.authorized|payment.captured|payment.failed|refund.created|refund.settled|payout.paid|dispute.opened|dispute.won|dispute.lost|subscription.renewed|subscription.cancelled
N1189,641,payment.authorized|payment.captured|payment.failed|refund.created|refund.settled|payout.paid|dispute.opened|dispute.won|dispute.lost|subscription.renewed|subscription.cancelled
N1190,641,payment.authorized|payment.captured|payment.failed|refund.created|refund.settled|payout.paid|dispute.opened|dispute.won|dispute.lost|subscription.renewed|subscription.cancelled
N1191,641,payment.authorized|payment.captured|payment.failed|refund.created|refund.settled|payout.paid|dispute.opened|dispute.won|dispute.lost|subscription.renewed|subscription.cancelled
N1192,641,payment.authorized|payment.captured|payment.failed|refund.created|refund.settled|payout.paid|dispute.opened|dispute.won|dispute.lost|subscription.renewed|subscription.cancelled
N1193,641,payment.authorized|payment.captured|payment.failed|refund.created|refund.settled|payout.paid|dispute.opened|dispute.won|dispute.lost|subscription.renewed|subscription.cancelled
N1194,641,payment.authorized|payment.captured|payment.failed|refund.created|refund.settled|payout.paid|dispute.opened|dispute.won|dispute.lost|subscription.renewed|subscription.cancelled
N1195,641,payment.authorized|payment.captured|payment.failed|refund.created|refund.settled|payout.paid|dispute.opened|dispute.won|dispute.lost|subscription.renewed|subscription.cancelled
N1196,641,payment.authorized|payment.captured|payment.failed|refund.created|refund.settled|payout.paid|dispute.opened|dispute.won|dispute.lost|subscription.renewed|subscription.cancelled
N1197,641,payment.authorized|payment.captured|payment.failed|refund.created|refund.settled|payout.paid|dispute.opened|dispute.won|dispute.lost|subscription.renewed|subscription.cancelled
N1198,641,payment.authorized|payment.captured|payment.failed|refund.created|refund.settled|payout.paid|dispute.opened|dispute.won|dispute.lost|subscription.renewed|subscription.cancelled
N1199,641,payment.authorized|payment.captured|payment.failed|refund.created|refund.settled|payout.paid|dispute.opened|dispute.won|dispute.lost|subscription.renewed|subscription.cancelled
N1200,641,payment.authorized|payment.captured|payment.failed|refund.created|refund.settled|payout.paid|dispute.opened|dispute.won|dispute.lost|subscription.renewed|subscription.cancelled
N1201,641,payment.authorized|payment.captured|payment.failed|refund.created|refund.settled|payout.paid|dispute.opened|dispute.won|dispute.lost|subscription.renewed|subscription.cancelled
N1202,641,payment.authorized|payment.captured|payment.failed|refund.created|refund.settled|payout.paid|dispute.opened|dispute.won|dispute.lost|subscription.renewed|subscription.cancelled
N1203,641,payment.authorized|payment.captured|payment.failed|refund.created|refund.settled|payout.paid|dispute.opened|dispute.won|dispute.lost|subscription.renewed|subscription.cancelled
N1204,641,payment.authorized|payment.captured|payment.failed|refund.created|refund.settled|payout.paid|dispute.opened|dispute.won|dispute.lost|subscription.renewed|subscription.cancelled
N1205,641,payment.authorized|payment.captured|payment.failed|refund.created|refund.settled|payout.paid|dispute.opened|dispute.won|dispute.lost|subscription.renewed|subscription.cancelled
N1206,641,payment.authorized|payment.captured|payment.failed|refund.created|refund.settled|payout.paid|dispute.opened|dispute.won|dispute.lost|subscription.renewed|subscription.cancelled
N1207,641,payment.authorized|payment.captured|payment.failed|refund.created|refund.settled|payout.paid|dispute.opened|dispute.won|dispute.lost|subscription.renewed|subscription.cancelled
N1208,641,payment.authorized|payment.captured|payment.failed|refund.created|refund.settled|payout.paid|dispute.opened|dispute.won|dispute.lost|subscription.renewed|subscription.cancelled
N1209,641,payment.authorized|payment.captured|payment.failed|refund.created|refund.settled|payout.paid|dispute.opened|dispute.won|dispute.lost|subscription.renewed|subscription.cancelled
N1210,641,payment.authorized|payment.captured|payment.failed|refund.created|refund.settled|payout.paid|dispute.opened|dispute.won|dispute.lost|subscription.renewed|subscription.cancelled
N1211,641,payment.authorized|payment.captured|payment.failed|refund.created|refund.settled|payout.paid|dispute.opened|dispute.won|dispute.lost|subscription.renewed|subscription.cancelled
N1212,641,payment.authorized|payment.captured|payment.failed|refund.created|refund.settled|payout.paid|dispute.opened|dispute.won|dispute.lost|subscription.renewed|subscription.cancelled
N1213,641,payment.authorized|payment.captured|payment.failed|refund.created|refund.settled|payout.paid|dispute.opened|dispute.won|dispute.lost|subscription.renewed|subscription.cancelled
N1214,641,payment.authorized|payment.captured|payment.failed|refund.created|refund.settled|payout.paid|dispute.opened|dispute.won|dispute.lost|subscription.renewed|subscription.cancelled
N1215,641,payment.authorized|payment.captured|payment.failed|refund.created|refund.settled|payout.paid|dispute.opened|dispute.won|dispute.lost|subscription.renewed|subscription.cancelled
N1216,641,payment.authorized|payment.captured|payment.failed|refund.created|refund.settled|payout.paid|dispute.opened|dispute.won|dispute.lost|subscription.renewed|subscription.cancelled
N1217,641,payment.authorized|payment.captured|payment.failed|refund.created|refund.settled|payout.paid|dispute.opened|dispute.won|dispute.lost|subscription.renewed|subscription.cancelled
N1218,641,payment.authorized|payment.captured|payment.failed|refund.created|refund.settled|payout.paid|dispute.opened|dispute.won|dispute.lost|subscription.renewed|subscription.cancelled
N1219,641,payment.authorized|payment.captured|payment.failed|refund.created|refund.settled|payout.paid|dispute.opened|dispute.won|dispute.lost|subscription.renewed|subscription.cancelled
N1220,641,payment.authorized|payment.captured|payment.failed|refund.created|refund.settled|payout.paid|dispute.opened|dispute.won|dispute.lost|subscription.renewed|subscription.cancelled
N1221,641,payment.authorized|payment.captured|payment.failed|refund.created|refund.settled|payout.paid|dispute.opened|dispute.won|dispute.lost|subscription.renewed|subscription.cancelled
N1222,641,payment.authorized|payment.captured|payment.failed|refund.created|refund.settled|payout.paid|dispute.opened|dispute.won|dispute.lost|subscription.renewed|subscription.cancelled
N1223,641,payment.authorized|payment.captured|payment.failed|refund.created|refund.settled|payout.paid|dispute.opened|dispute.won|dispute.lost|subscription.renewed|subscription.cancelled
N1224,641,payment.authorized|payment.captured|payment.failed|refund.created|refund.settled|payout.paid|dispute.opened|dispute.won|dispute.lost|subscription.renewed|subscription.cancelled
N1225,641,payment.authorized|payment.captured|payment.failed|refund.created|refund.settled|payout.paid|dispute.opened|dispute.won|dispute.lost|subscription.renewed|subscription.cancelled
N1226,641,payment.authorized|payment.captured|payment.failed|refund.created|refund.settled|payout.paid|dispute.opened|dispute.won|dispute.lost|subscription.renewed|subscription.cancelled
N1227,641,payment.authorized|payment.captured|payment.failed|refund.created|refund.settled|payout.paid|dispute.opened|dispute.won|dispute.lost|subscription.renewed|subscription.cancelled
N1228,641,payment.authorized|payment.captured|payment.failed|refund.created|refund.settled|payout.paid|dispute.opened|dispute.won|dispute.lost|subscription.renewed|subscription.cancelled
N1229,641,payment.authorized|payment.captured|payment.failed|refund.created|refund.settled|payout.paid|dispute.opened|dispute.won|dispute.lost|subscription.renewed|subscription.cancelled
N1230,641,payment.authorized|payment.captured|payment.failed|refund.created|refund.settled|payout.paid|dispute.opened|dispute.won|dispute.lost|subscription.renewed|subscription.cancelled
N1231,641,payment.authorized|payment.captured|payment.failed|refund.created|refund.settled|payout.paid|dispute.opened|dispute.won|dispute.lost|subscription.renewed|subscription.cancelled
N1232,641,payment.authorized|payment.captured|payment.failed|refund.created|refund.settled|payout.paid|dispute.opened|dispute.won|dispute.lost|subscription.renewed|subscription.cancelled
N1233,641,payment.authorized|payment.captured|payment.failed|refund.created|refund.settled|payout.paid|dispute.opened|dispute.won|dispute.lost|subscription.renewed|subscription.cancelled
N1234,641,payment.authorized|payment.captured|payment.failed|refund.created|refund.settled|payout.paid|dispute.opened|dispute.won|dispute.lost|subscription.renewed|subscription.cancelled
N1235,641,payment.authorized|payment.captured|payment.failed|refund.created|refund.settled|payout.paid|dispute.opened|dispute.won|dispute.lost|subscription.renewed|subscription.cancelled
N1236,641,payment.authorized|payment.captured|payment.failed|refund.created|refund.settled|payout.paid|dispute.opened|dispute.won|dispute.lost|subscription.renewed|subscription.cancelled
N1237,641,payment.authorized|payment.captured|payment.failed|refund.created|refund.settled|payout.paid|dispute.opened|dispute.won|dispute.lost|subscription.renewed|subscription.cancelled
N1238,641,payment.authorized|payment.captured|payment.failed|refund.created|refund.settled|payout.paid|dispute.opened|dispute.won|dispute.lost|subscription.renewed|subscription.cancelled
N1239,641,payment.authorized|payment.captured|payment.failed|refund.created|refund.settled|payout.paid|dispute.opened|dispute.won|dispute.lost|subscription.renewed|subscription.cancelled
N1240,641,payment.authorized|payment.captured|payment.failed|refund.created|refund.settled|payout.paid|dispute.opened|dispute.won|dispute.lost|subscription.renewed|subscription.cancelled
N1241,641,payment.authorized|payment.captured|payment.failed|refund.created|refund.settled|payout.paid|dispute.opened|dispute.won|dispute.lost|subscription.renewed|subscription.cancelled
N1242,641,payment.authorized|payment.captured|payment.failed|refund.created|refund.settled|payout.paid|dispute.opened|dispute.won|dispute.lost|subscription.renewed|subscription.cancelled
N1243,641,payment.authorized|payment.captured|payment.failed|refund.created|refund.settled|payout.paid|dispute.opened|dispute.won|dispute.lost|subscription.renewed|subscription.cancelled
N1244,641,payment.authorized|payment.captured|payment.failed|refund.created|refund.settled|payout.paid|dispute.opened|dispute.won|dispute.lost|subscription.renewed|subscription.cancelled
N1245,641,payment.authorized|payment.captured|payment.failed|refund.created|refund.settled|payout.paid|dispute.opened|dispute.won|dispute.lost|subscription.renewed|subscription.cancelled
N1246,641,payment.authorized|payment.captured|payment.failed|refund.created|refund.settled|payout.paid|dispute.opened|dispute.won|dispute.lost|subscription.renewed|subscription.cancelled
N1247,641,payment.authorized|payment.captured|payment.failed|refund.created|refund.settled|payout.paid|dispute.opened|dispute.won|dispute.lost|subscription.renewed|subscription.cancelled
N1248,641,payment.authorized|payment.captured|payment.failed|refund.created|refund.settled|payout.paid|dispute.opened|dispute.won|dispute.lost|subscription.renewed|subscription.cancelled
N1249,641,payment.authorized|payment.captured|payment.failed|refund.created|refund.settled|payout.paid|dispute.opened|dispute.won|dispute.lost|subscription.renewed|subscription.cancelled
N1250,641,payment.authorized|payment.captured|payment.failed|refund.created|refund.settled|payout.paid|dispute.opened|dispute.won|dispute.lost|subscription.renewed|subscription.cancelled
N1251,641,payment.authorized|payment.captured|payment.failed|refund.created|refund.settled|payout.paid|dispute.opened|dispute.won|dispute.lost|subscription.renewed|subscription.cancelled
N1252,641,payment.authorized|payment.captured|payment.failed|refund.created|refund.settled|payout.paid|dispute.opened|dispute.won|dispute.lost|subscription.renewed|subscription.cancelled
N1253,641,payment.authorized|payment.captured|payment.failed|refund.created|refund.settled|payout.paid|dispute.opened|dispute.won|dispute.lost|subscription.renewed|subscription.cancelled
N1254,641,payment.authorized|payment.captured|payment.failed|refund.created|refund.settled|payout.paid|dispute.opened|dispute.won|dispute.lost|subscription.renewed|subscription.cancelled
N1255,641,payment.authorized|payment.captured|payment.failed|refund.created|refund.settled|payout.paid|dispute.opened|dispute.won|dispute.lost|subscription.renewed|subscription.cancelled
N1256,641,payment.authorized|payment.captured|payment.failed|refund.created|refund.settled|payout.paid|dispute.opened|dispute.won|dispute.lost|subscription.renewed|subscription.cancelled
N1257,641,payment.authorized|payment.captured|payment.failed|refund.created|refund.settled|payout.paid|dispute.opened|dispute.won|dispute.lost|subscription.renewed|subscription.cancelled
N1258,641,payment.authorized|payment.captured|payment.failed|refund.created|refund.settled|payout.paid|dispute.opened|dispute.won|dispute.lost|subscription.renewed|subscription.cancelled
N1259,641,payment.authorized|payment.captured|payment.failed|refund.created|refund.settled|payout.paid|dispute.opened|dispute.won|dispute.lost|subscription.renewed|subscription.cancelled
N1260,641,payment.authorized|payment.captured|payment.failed|refund.created|refund.settled|payout.paid|dispute.opened|dispute.won|dispute.lost|subscription.renewed|subscription.cancelled
N1261,641,payment.authorized|payment.captured|payment.failed|refund.created|refund.settled|payout.paid|dispute.opened|dispute.won|dispute.lost|subscription.renewed|subscription.cancelled
N1262,641,payment.authorized|payment.captured|payment.failed|refund.created|refund.settled|payout.paid|dispute.opened|dispute.won|dispute.lost|subscription.renewed|subscription.cancelled
N1263,640,payment.authorized|dispute.opened
N1263,641,payment.authorized|payment.captured|payment.failed|refund.created|refund.settled|payout.paid|dispute.opened|dispute.won|dispute.lost|subscription.renewed|subscription.cancelled
N1264,641,payment.authorized|payment.captured|payment.failed|refund.created|refund.settled|payout.paid|dispute.opened|dispute.won|dispute.lost|subscription.renewed|subscription.cancelled
N1265,641,payment.authorized|payment.captured|payment.failed|refund.created|refund.settled|payout.paid|dispute.opened|dispute.won|dispute.lost|subscription.renewed|subscription.cancelled
N1266,641,payment.authorized|payment.captured|payment.failed|refund.created|refund.settled|payout.paid|dispute.opened|dispute.won|dispute.lost|subscription.renewed|subscription.cancelled
N1267,641,payment.authorized|payment.captured|payment.failed|refund.created|refund.settled|payout.paid|dispute.opened|dispute.won|dispute.lost|subscription.renewed|subscription.cancelled
N1268,641,payment.authorized|payment.captured|payment.failed|refund.created|refund.settled|payout.paid|dispute.opened|dispute.won|dispute.lost|subscription.renewed|subscription.cancelled
N1269,641,payment.authorized|payment.captured|payment.failed|refund.created|refund.settled|payout.paid|dispute.opened|dispute.won|dispute.lost|subscription.renewed|subscription.cancelled
N1270,641,payment.authorized|payment.captured|payment.failed|refund.created|refund.settled|payout.paid|dispute.opened|dispute.won|dispute.lost|subscription.renewed|subscription.cancelled
N1271,641,payment.authorized|payment.captured|payment.failed|refund.created|refund.settled|payout.paid|dispute.opened|dispute.won|dispute.lost|subscription.renewed|subscription.cancelled
N1272,641,payment.authorized|payment.captured|payment.failed|refund.created|refund.settled|payout.paid|dispute.opened|dispute.won|dispute.lost|subscription.renewed|subscription.cancelled
N1273,641,payment.authorized|payment.captured|payment.failed|refund.created|refund.settled|payout.paid|dispute.opened|dispute.won|dispute.lost|subscription.renewed|subscription.cancelled
N1274,641,payment.authorized|payment.captured|payment.failed|refund.created|refund.settled|payout.paid|dispute.opened|dispute.won|dispute.lost|subscription.renewed|subscription.cancelled
N1275,641,payment.authorized|payment.captured|payment.failed|refund.created|refund.settled|payout.paid|dispute.opened|dispute.won|dispute.lost|subscription.renewed|subscription.cancelled
N1276,641,payment.authorized|payment.captured|payment.failed|refund.created|refund.settled|payout.paid|dispute.opened|dispute.won|dispute.lost|subscription.renewed|subscription.cancelled
N1277,641,payment.authorized|payment.captured|payment.failed|refund.created|refund.settled|payout.paid|dispute.opened|dispute.won|dispute.lost|subscription.renewed|subscription.cancelled
N1278,641,payment.authorized|payment.captured|payment.failed|refund.created|refund.settled|payout.paid|dispute.opened|dispute.won|dispute.lost|subscription.renewed|subscription.cancelled
N1279,641,payment.authorized|payment.captured|payment.failed|refund.created|refund.settled|payout.paid|dispute.opened|dispute.won|dispute.lost|subscription.renewed|subscription.cancelled
N1280,641,payment.authorized|payment.captured|payment.failed|refund.created|refund.settled|payout.paid|dispute.opened|dispute.won|dispute.lost|subscription.renewed|subscription.cancelled
N1281,641,payment.authorized|payment.captured|payment.failed|refund.created|refund.settled|payout.paid|dispute.opened|dispute.won|dispute.lost|subscription.renewed|subscription.cancelled
N1282,641,payment.authorized|payment.captured|payment.failed|refund.created|refund.settled|payout.paid|dispute.opened|dispute.won|dispute.lost|subscription.renewed|subscription.cancelled
N1283,641,payment.authorized|payment.captured|payment.failed|refund.created|refund.settled|payout.paid|dispute.opened|dispute.won|dispute.lost|subscription.renewed|subscription.cancelled
N1284,641,payment.authorized|payment.captured|payment.failed|refund.created|refund.settled|payout.paid|dispute.opened|dispute.won|dispute.lost|subscription.renewed|subscription.cancelled
N1285,641,payment.authorized|payment.captured|payment.failed|refund.created|refund.settled|payout.paid|dispute.opened|dispute.won|dispute.lost|subscription.renewed|subscription.cancelled
N1286,640,payment.authorized|dispute.opened
N1286,641,payment.authorized|payment.captured|payment.failed|refund.created|refund.settled|payout.paid|dispute.opened|dispute.won|dispute.lost|subscription.renewed|subscription.cancelled
N1287,641,payment.authorized|payment.captured|payment.failed|refund.created|refund.settled|payout.paid|dispute.opened|dispute.won|dispute.lost|subscription.renewed|subscription.cancelled
N1288,641,payment.authorized|payment.captured|payment.failed|refund.created|refund.settled|payout.paid|dispute.opened|dispute.won|dispute.lost|subscription.renewed|subscription.cancelled
N1289,641,payment.authorized|payment.captured|payment.failed|refund.created|refund.settled|payout.paid|dispute.opened|dispute.won|dispute.lost|subscription.renewed|subscription.cancelled
N1290,641,payment.authorized|payment.captured|payment.failed|refund.created|refund.settled|payout.paid|dispute.opened|dispute.won|dispute.lost|subscription.renewed|subscription.cancelled
N1291,641,payment.authorized|payment.captured|payment.failed|refund.created|refund.settled|payout.paid|dispute.opened|dispute.won|dispute.lost|subscription.renewed|subscription.cancelled
N1292,641,payment.authorized|payment.captured|payment.failed|refund.created|refund.settled|payout.paid|dispute.opened|dispute.won|dispute.lost|subscription.renewed|subscription.cancelled
N1293,641,payment.authorized|payment.captured|payment.failed|refund.created|refund.settled|payout.paid|dispute.opened|dispute.won|dispute.lost|subscription.renewed|subscription.cancelled
N1294,641,payment.authorized|payment.captured|payment.failed|refund.created|refund.settled|payout.paid|dispute.opened|dispute.won|dispute.lost|subscription.renewed|subscription.cancelled
N1295,641,payment.authorized|payment.captured|payment.failed|refund.created|refund.settled|payout.paid|dispute.opened|dispute.won|dispute.lost|subscription.renewed|subscription.cancelled
N1296,641,payment.authorized|payment.captured|payment.failed|refund.created|refund.settled|payout.paid|dispute.opened|dispute.won|dispute.lost|subscription.renewed|subscription.cancelled
N1297,641,payment.authorized|payment.captured|payment.failed|refund.created|refund.settled|payout.paid|dispute.opened|dispute.won|dispute.lost|subscription.renewed|subscription.cancelled
N1298,641,payment.authorized|payment.captured|payment.failed|refund.created|refund.settled|payout.paid|dispute.opened|dispute.won|dispute.lost|subscription.renewed|subscription.cancelled
N1299,641,payment.authorized|payment.captured|payment.failed|refund.created|refund.settled|payout.paid|dispute.opened|dispute.won|dispute.lost|subscription.renewed|subscription.cancelled
N1300,641,payment.authorized|payment.captured|payment.failed|refund.created|refund.settled|payout.paid|dispute.opened|dispute.won|dispute.lost|subscription.renewed|subscription.cancelled
N1301,641,payment.authorized|payment.captured|payment.failed|refund.created|refund.settled|payout.paid|dispute.opened|dispute.won|dispute.lost|subscription.renewed|subscription.cancelled
N1302,641,payment.authorized|payment.captured|payment.failed|refund.created|refund.settled|payout.paid|dispute.opened|dispute.won|dispute.lost|subscription.renewed|subscription.cancelled
N1303,641,payment.authorized|payment.captured|payment.failed|refund.created|refund.settled|payout.paid|dispute.opened|dispute.won|dispute.lost|subscription.renewed|subscription.cancelled
N1304,641,payment.authorized|payment.captured|payment.failed|refund.created|refund.settled|payout.paid|dispute.opened|dispute.won|dispute.lost|subscription.renewed|subscription.cancelled
N1305,641,payment.authorized|payment.captured|payment.failed|refund.created|refund.settled|payout.paid|dispute.opened|dispute.won|dispute.lost|subscription.renewed|subscription.cancelled
N1306,640,payment.authorized|dispute.opened
N1306,641,payment.authorized|payment.captured|payment.failed|refund.created|refund.settled|payout.paid|dispute.opened|dispute.won|dispute.lost|subscription.renewed|subscription.cancelled
N1307,641,payment.authorized|payment.captured|payment.failed|refund.created|refund.settled|payout.paid|dispute.opened|dispute.won|dispute.lost|subscription.renewed|subscription.cancelled
N1308,641,payment.authorized|payment.captured|payment.failed|refund.created|refund.settled|payout.paid|dispute.opened|dispute.won|dispute.lost|subscription.renewed|subscription.cancelled
N1309,641,payment.authorized|payment.captured|payment.failed|refund.created|refund.settled|payout.paid|dispute.opened|dispute.won|dispute.lost|subscription.renewed|subscription.cancelled
N1310,641,payment.authorized|payment.captured|payment.failed|refund.created|refund.settled|payout.paid|dispute.opened|dispute.won|dispute.lost|subscription.renewed|subscription.cancelled
N1311,641,payment.authorized|payment.captured|payment.failed|refund.created|refund.settled|payout.paid|dispute.opened|dispute.won|dispute.lost|subscription.renewed|subscription.cancelled
N1312,641,payment.authorized|payment.captured|payment.failed|refund.created|refund.settled|payout.paid|dispute.opened|dispute.won|dispute.lost|subscription.renewed|subscription.cancelled
N1313,641,payment.authorized|payment.captured|payment.failed|refund.created|refund.settled|payout.paid|dispute.opened|dispute.won|dispute.lost|subscription.renewed|subscription.cancelled
N1314,641,payment.authorized|payment.captured|payment.failed|refund.created|refund.settled|payout.paid|dispute.opened|dispute.won|dispute.lost|subscription.renewed|subscription.cancelled
N1315,641,payment.authorized|payment.captured|payment.failed|refund.created|refund.settled|payout.paid|dispute.opened|dispute.won|dispute.lost|subscription.renewed|subscription.cancelled
N1316,641,payment.authorized|payment.captured|payment.failed|refund.created|refund.settled|payout.paid|dispute.opened|dispute.won|dispute.lost|subscription.renewed|subscription.cancelled
N1317,641,payment.authorized|payment.captured|payment.failed|refund.created|refund.settled|payout.paid|dispute.opened|dispute.won|dispute.lost|subscription.renewed|subscription.cancelled
N1318,641,payment.authorized|payment.captured|payment.failed|refund.created|refund.settled|payout.paid|dispute.opened|dispute.won|dispute.lost|subscription.renewed|subscription.cancelled
N1319,641,payment.authorized|payment.captured|payment.failed|refund.created|refund.settled|payout.paid|dispute.opened|dispute.won|dispute.lost|subscription.renewed|subscription.cancelled
N1320,641,payment.authorized|payment.captured|payment.failed|refund.created|refund.settled|payout.paid|dispute.opened|dispute.won|dispute.lost|subscription.renewed|subscription.cancelled
N1321,641,payment.authorized|payment.captured|payment.failed|refund.created|refund.settled|payout.paid|dispute.opened|dispute.won|dispute.lost|subscription.renewed|subscription.cancelled
N1322,641,payment.authorized|payment.captured|payment.failed|refund.created|refund.settled|payout.paid|dispute.opened|dispute.won|dispute.lost|subscription.renewed|subscription.cancelled
N1323,641,payment.authorized|payment.captured|payment.failed|refund.created|refund.settled|payout.paid|dispute.opened|dispute.won|dispute.lost|subscription.renewed|subscription.cancelled
N1324,641,payment.authorized|payment.captured|payment.failed|refund.created|refund.settled|payout.paid|dispute.opened|dispute.won|dispute.lost|subscription.renewed|subscription.cancelled
N1325,641,payment.authorized|payment.captured|payment.failed|refund.created|refund.settled|payout.paid|dispute.opened|dispute.won|dispute.lost|subscription.renewed|subscription.cancelled
N1326,641,payment.authorized|payment.captured|payment.failed|refund.created|refund.settled|payout.paid|dispute.opened|dispute.won|dispute.lost|subscription.renewed|subscription.cancelled
N1327,641,payment.authorized|payment.captured|payment.failed|refund.created|refund.settled|payout.paid|dispute.opened|dispute.won|dispute.lost|subscription.renewed|subscription.cancelled
N1328,641,payment.authorized|payment.captured|payment.failed|refund.created|refund.settled|payout.paid|dispute.opened|dispute.won|dispute.lost|subscription.renewed|subscription.cancelled
N1329,641,payment.authorized|payment.captured|payment.failed|refund.created|refund.settled|payout.paid|dispute.opened|dispute.won|dispute.lost|subscription.renewed|subscription.cancelled
N1330,641,payment.authorized|payment.captured|payment.failed|refund.created|refund.settled|payout.paid|dispute.opened|dispute.won|dispute.lost|subscription.renewed|subscription.cancelled
N1331,641,payment.authorized|payment.captured|payment.failed|refund.created|refund.settled|payout.paid|dispute.opened|dispute.won|dispute.lost|subscription.renewed|subscription.cancelled
N1332,641,payment.authorized|payment.captured|payment.failed|refund.created|refund.settled|payout.paid|dispute.opened|dispute.won|dispute.lost|subscription.renewed|subscription.cancelled
N1333,641,payment.authorized|payment.captured|payment.failed|refund.created|refund.settled|payout.paid|dispute.opened|dispute.won|dispute.lost|subscription.renewed|subscription.cancelled
N1334,641,payment.authorized|payment.captured|payment.failed|refund.created|refund.settled|payout.paid|dispute.opened|dispute.won|dispute.lost|subscription.renewed|subscription.cancelled
N1335,641,payment.authorized|payment.captured|payment.failed|refund.created|refund.settled|payout.paid|dispute.opened|dispute.won|dispute.lost|subscription.renewed|subscription.cancelled
N1336,641,payment.authorized|payment.captured|payment.failed|refund.created|refund.settled|payout.paid|dispute.opened|dispute.won|dispute.lost|subscription.renewed|subscription.cancelled
N1337,641,payment.authorized|payment.captured|payment.failed|refund.created|refund.settled|payout.paid|dispute.opened|dispute.won|dispute.lost|subscription.renewed|subscription.cancelled
N1338,641,payment.authorized|payment.captured|payment.failed|refund.created|refund.settled|payout.paid|dispute.opened|dispute.won|dispute.lost|subscription.renewed|subscription.cancelled
N1339,641,payment.authorized|payment.captured|payment.failed|refund.created|refund.settled|payout.paid|dispute.opened|dispute.won|dispute.lost|subscription.renewed|subscription.cancelled
N1340,641,payment.authorized|payment.captured|payment.failed|refund.created|refund.settled|payout.paid|dispute.opened|dispute.won|dispute.lost|subscription.renewed|subscription.cancelled
N1341,641,payment.authorized|payment.captured|payment.failed|refund.created|refund.settled|payout.paid|dispute.opened|dispute.won|dispute.lost|subscription.renewed|subscription.cancelled
N1342,641,payment.authorized|payment.captured|payment.failed|refund.created|refund.settled|payout.paid|dispute.opened|dispute.won|dispute.lost|subscription.renewed|subscription.cancelled
N1343,641,payment.authorized|payment.captured|payment.failed|refund.created|refund.settled|payout.paid|dispute.opened|dispute.won|dispute.lost|subscription.renewed|subscription.cancelled
N1344,641,payment.authorized|payment.captured|payment.failed|refund.created|refund.settled|payout.paid|dispute.opened|dispute.won|dispute.lost|subscription.renewed|subscription.cancelled
N1345,641,payment.authorized|payment.captured|payment.failed|refund.created|refund.settled|payout.paid|dispute.opened|dispute.won|dispute.lost|subscription.renewed|subscription.cancelled
N1346,641,payment.authorized|payment.captured|payment.failed|refund.created|refund.settled|payout.paid|dispute.opened|dispute.won|dispute.lost|subscription.renewed|subscription.cancelled
N1347,641,payment.authorized|payment.captured|payment.failed|refund.created|refund.settled|payout.paid|dispute.opened|dispute.won|dispute.lost|subscription.renewed|subscription.cancelled
N1348,641,payment.authorized|payment.captured|payment.failed|refund.created|refund.settled|payout.paid|dispute.opened|dispute.won|dispute.lost|subscription.renewed|subscription.cancelled
N1349,641,payment.authorized|payment.captured|payment.failed|refund.created|refund.settled|payout.paid|dispute.opened|dispute.won|dispute.lost|subscription.renewed|subscription.cancelled
N1350,641,payment.authorized|payment.captured|payment.failed|refund.created|refund.settled|payout.paid|dispute.opened|dispute.won|dispute.lost|subscription.renewed|subscription.cancelled
N1351,641,payment.authorized|payment.captured|payment.failed|refund.created|refund.settled|payout.paid|dispute.opened|dispute.won|dispute.lost|subscription.renewed|subscription.cancelled
N1352,641,payment.authorized|payment.captured|payment.failed|refund.created|refund.settled|payout.paid|dispute.opened|dispute.won|dispute.lost|subscription.renewed|subscription.cancelled
N1353,641,payment.authorized|payment.captured|payment.failed|refund.created|refund.settled|payout.paid|dispute.opened|dispute.won|dispute.lost|subscription.renewed|subscription.cancelled
N1354,640,payment.authorized|dispute.opened
N1354,641,payment.authorized|payment.captured|payment.failed|refund.created|refund.settled|payout.paid|dispute.opened|dispute.won|dispute.lost|subscription.renewed|subscription.cancelled
N1355,641,payment.authorized|payment.captured|payment.failed|refund.created|refund.settled|payout.paid|dispute.opened|dispute.won|dispute.lost|subscription.renewed|subscription.cancelled
N1356,641,payment.authorized|payment.captured|payment.failed|refund.created|refund.settled|payout.paid|dispute.opened|dispute.won|dispute.lost|subscription.renewed|subscription.cancelled
N1357,641,payment.authorized|payment.captured|payment.failed|refund.created|refund.settled|payout.paid|dispute.opened|dispute.won|dispute.lost|subscription.renewed|subscription.cancelled
N1358,641,payment.authorized|payment.captured|payment.failed|refund.created|refund.settled|payout.paid|dispute.opened|dispute.won|dispute.lost|subscription.renewed|subscription.cancelled
N1359,641,payment.authorized|payment.captured|payment.failed|refund.created|refund.settled|payout.paid|dispute.opened|dispute.won|dispute.lost|subscription.renewed|subscription.cancelled
N1360,641,payment.authorized|payment.captured|payment.failed|refund.created|refund.settled|payout.paid|dispute.opened|dispute.won|dispute.lost|subscription.renewed|subscription.cancelled
N1361,641,payment.authorized|payment.captured|payment.failed|refund.created|refund.settled|payout.paid|dispute.opened|dispute.won|dispute.lost|subscription.renewed|subscription.cancelled
N1362,641,payment.authorized|payment.captured|payment.failed|refund.created|refund.settled|payout.paid|dispute.opened|dispute.won|dispute.lost|subscription.renewed|subscription.cancelled
N1363,641,payment.authorized|payment.captured|payment.failed|refund.created|refund.settled|payout.paid|dispute.opened|dispute.won|dispute.lost|subscription.renewed|subscription.cancelled
N1364,641,payment.authorized|payment.captured|payment.failed|refund.created|refund.settled|payout.paid|dispute.opened|dispute.won|dispute.lost|subscription.renewed|subscription.cancelled
N1365,641,payment.authorized|payment.captured|payment.failed|refund.created|refund.settled|payout.paid|dispute.opened|dispute.won|dispute.lost|subscription.renewed|subscription.cancelled
N1366,641,payment.authorized|payment.captured|payment.failed|refund.created|refund.settled|payout.paid|dispute.opened|dispute.won|dispute.lost|subscription.renewed|subscription.cancelled
N1367,641,payment.authorized|payment.captured|payment.failed|refund.created|refund.settled|payout.paid|dispute.opened|dispute.won|dispute.lost|subscription.renewed|subscription.cancelled
N1368,641,payment.authorized|payment.captured|payment.failed|refund.created|refund.settled|payout.paid|dispute.opened|dispute.won|dispute.lost|subscription.renewed|subscription.cancelled
N1369,641,payment.authorized|payment.captured|payment.failed|refund.created|refund.settled|payout.paid|dispute.opened|dispute.won|dispute.lost|subscription.renewed|subscription.cancelled
N1370,641,payment.authorized|payment.captured|payment.failed|refund.created|refund.settled|payout.paid|dispute.opened|dispute.won|dispute.lost|subscription.renewed|subscription.cancelled
N1371,641,payment.authorized|payment.captured|payment.failed|refund.created|refund.settled|payout.paid|dispute.opened|dispute.won|dispute.lost|subscription.renewed|subscription.cancelled
N1372,641,payment.authorized|payment.captured|payment.failed|refund.created|refund.settled|payout.paid|dispute.opened|dispute.won|dispute.lost|subscription.renewed|subscription.cancelled
N1373,641,payment.authorized|payment.captured|payment.failed|refund.created|refund.settled|payout.paid|dispute.opened|dispute.won|dispute.lost|subscription.renewed|subscription.cancelled
N1374,641,payment.authorized|payment.captured|payment.failed|refund.created|refund.settled|payout.paid|dispute.opened|dispute.won|dispute.lost|subscription.renewed|subscription.cancelled
N1375,641,payment.authorized|payment.captured|payment.failed|refund.created|refund.settled|payout.paid|dispute.opened|dispute.won|dispute.lost|subscription.renewed|subscription.cancelled
N1376,641,payment.authorized|payment.captured|payment.failed|refund.created|refund.settled|payout.paid|dispute.opened|dispute.won|dispute.lost|subscription.renewed|subscription.cancelled
N1377,641,payment.authorized|payment.captured|payment.failed|refund.created|refund.settled|payout.paid|dispute.opened|dispute.won|dispute.lost|subscription.renewed|subscription.cancelled
N1378,641,payment.authorized|payment.captured|payment.failed|refund.created|refund.settled|payout.paid|dispute.opened|dispute.won|dispute.lost|subscription.renewed|subscription.cancelled
N1379,641,payment.authorized|payment.captured|payment.failed|refund.created|refund.settled|payout.paid|dispute.opened|dispute.won|dispute.lost|subscription.renewed|subscription.cancelled
N1380,641,payment.authorized|payment.captured|payment.failed|refund.created|refund.settled|payout.paid|dispute.opened|dispute.won|dispute.lost|subscription.renewed|subscription.cancelled
N1381,641,payment.authorized|payment.captured|payment.failed|refund.created|refund.settled|payout.paid|dispute.opened|dispute.won|dispute.lost|subscription.renewed|subscription.cancelled
N1382,641,payment.authorized|payment.captured|payment.failed|refund.created|refund.settled|payout.paid|dispute.opened|dispute.won|dispute.lost|subscription.renewed|subscription.cancelled
N1383,641,payment.authorized|payment.captured|payment.failed|refund.created|refund.settled|payout.paid|dispute.opened|dispute.won|dispute.lost|subscription.renewed|subscription.cancelled
N1384,641,payment.authorized|payment.captured|payment.failed|refund.created|refund.settled|payout.paid|dispute.opened|dispute.won|dispute.lost|subscription.renewed|subscription.cancelled
N1385,641,payment.authorized|payment.captured|payment.failed|refund.created|refund.settled|payout.paid|dispute.opened|dispute.won|dispute.lost|subscription.renewed|subscription.cancelled
N1386,641,payment.authorized|payment.captured|payment.failed|refund.created|refund.settled|payout.paid|dispute.opened|dispute.won|dispute.lost|subscription.renewed|subscription.cancelled
N1387,641,payment.authorized|payment.captured|payment.failed|refund.created|refund.settled|payout.paid|dispute.opened|dispute.won|dispute.lost|subscription.renewed|subscription.cancelled
N1388,640,payment.authorized|dispute.opened
N1388,641,payment.authorized|payment.captured|payment.failed|refund.created|refund.settled|payout.paid|dispute.opened|dispute.won|dispute.lost|subscription.renewed|subscription.cancelled
N1389,641,payment.authorized|payment.captured|payment.failed|refund.created|refund.settled|payout.paid|dispute.opened|dispute.won|dispute.lost|subscription.renewed|subscription.cancelled
N1390,641,payment.authorized|payment.captured|payment.failed|refund.created|refund.settled|payout.paid|dispute.opened|dispute.won|dispute.lost|subscription.renewed|subscription.cancelled
N1391,641,payment.authorized|payment.captured|payment.failed|refund.created|refund.settled|payout.paid|dispute.opened|dispute.won|dispute.lost|subscription.renewed|subscription.cancelled
N1392,641,payment.authorized|payment.captured|payment.failed|refund.created|refund.settled|payout.paid|dispute.opened|dispute.won|dispute.lost|subscription.renewed|subscription.cancelled
N1393,641,payment.authorized|payment.captured|payment.failed|refund.created|refund.settled|payout.paid|dispute.opened|dispute.won|dispute.lost|subscription.renewed|subscription.cancelled
N1394,641,payment.authorized|payment.captured|payment.failed|refund.created|refund.settled|payout.paid|dispute.opened|dispute.won|dispute.lost|subscription.renewed|subscription.cancelled
N1395,641,payment.authorized|payment.captured|payment.failed|refund.created|refund.settled|payout.paid|dispute.opened|dispute.won|dispute.lost|subscription.renewed|subscription.cancelled
N1396,641,payment.authorized|payment.captured|payment.failed|refund.created|refund.settled|payout.paid|dispute.opened|dispute.won|dispute.lost|subscription.renewed|subscription.cancelled
N1397,641,payment.authorized|payment.captured|payment.failed|refund.created|refund.settled|payout.paid|dispute.opened|dispute.won|dispute.lost|subscription.renewed|subscription.cancelled
N1398,641,payment.authorized|payment.captured|payment.failed|refund.created|refund.settled|payout.paid|dispute.opened|dispute.won|dispute.lost|subscription.renewed|subscription.cancelled
N1399,641,payment.authorized|payment.captured|payment.failed|refund.created|refund.settled|payout.paid|dispute.opened|dispute.won|dispute.lost|subscription.renewed|subscription.cancelled
N1400,641,payment.authorized|payment.captured|payment.failed|refund.created|refund.settled|payout.paid|dispute.opened|dispute.won|dispute.lost|subscription.renewed|subscription.cancelled
N1401,641,payment.authorized|payment.captured|payment.failed|refund.created|refund.settled|payout.paid|dispute.opened|dispute.won|dispute.lost|subscription.renewed|subscription.cancelled
N1402,641,payment.authorized|payment.captured|payment.failed|refund.created|refund.settled|payout.paid|dispute.opened|dispute.won|dispute.lost|subscription.renewed|subscription.cancelled
N1403,641,payment.authorized|payment.captured|payment.failed|refund.created|refund.settled|payout.paid|dispute.opened|dispute.won|dispute.lost|subscription.renewed|subscription.cancelled
N1404,641,payment.authorized|payment.captured|payment.failed|refund.created|refund.settled|payout.paid|dispute.opened|dispute.won|dispute.lost|subscription.renewed|subscription.cancelled
N1405,641,payment.authorized|payment.captured|payment.failed|refund.created|refund.settled|payout.paid|dispute.opened|dispute.won|dispute.lost|subscription.renewed|subscription.cancelled
N1406,641,payment.authorized|payment.captured|payment.failed|refund.created|refund.settled|payout.paid|dispute.opened|dispute.won|dispute.lost|subscription.renewed|subscription.cancelled
N1407,641,payment.authorized|payment.captured|payment.failed|refund.created|refund.settled|payout.paid|dispute.opened|dispute.won|dispute.lost|subscription.renewed|subscription.cancelled
N1408,641,payment.authorized|payment.captured|payment.failed|refund.created|refund.settled|payout.paid|dispute.opened|dispute.won|dispute.lost|subscription.renewed|subscription.cancelled
N1409,641,payment.authorized|payment.captured|payment.failed|refund.created|refund.settled|payout.paid|dispute.opened|dispute.won|dispute.lost|subscription.renewed|subscription.cancelled
N1410,641,payment.authorized|payment.captured|payment.failed|refund.created|refund.settled|payout.paid|dispute.opened|dispute.won|dispute.lost|subscription.renewed|subscription.cancelled
N1411,641,payment.authorized|payment.captured|payment.failed|refund.created|refund.settled|payout.paid|dispute.opened|dispute.won|dispute.lost|subscription.renewed|subscription.cancelled
N1412,641,payment.authorized|payment.captured|payment.failed|refund.created|refund.settled|payout.paid|dispute.opened|dispute.won|dispute.lost|subscription.renewed|subscription.cancelled
N1413,641,payment.authorized|payment.captured|payment.failed|refund.created|refund.settled|payout.paid|dispute.opened|dispute.won|dispute.lost|subscription.renewed|subscription.cancelled
N1414,641,payment.authorized|payment.captured|payment.failed|refund.created|refund.settled|payout.paid|dispute.opened|dispute.won|dispute.lost|subscription.renewed|subscription.cancelled
N1415,641,payment.authorized|payment.captured|payment.failed|refund.created|refund.settled|payout.paid|dispute.opened|dispute.won|dispute.lost|subscription.renewed|subscription.cancelled
N1416,641,payment.authorized|payment.captured|payment.failed|refund.created|refund.settled|payout.paid|dispute.opened|dispute.won|dispute.lost|subscription.renewed|subscription.cancelled
N1417,641,payment.authorized|payment.captured|payment.failed|refund.created|refund.settled|payout.paid|dispute.opened|dispute.won|dispute.lost|subscription.renewed|subscription.cancelled
N1418,641,payment.authorized|payment.captured|payment.failed|refund.created|refund.settled|payout.paid|dispute.opened|dispute.won|dispute.lost|subscription.renewed|subscription.cancelled
N1419,641,payment.authorized|payment.captured|payment.failed|refund.created|refund.settled|payout.paid|dispute.opened|dispute.won|dispute.lost|subscription.renewed|subscription.cancelled
N1420,641,payment.authorized|payment.captured|payment.failed|refund.created|refund.settled|payout.paid|dispute.opened|dispute.won|dispute.lost|subscription.renewed|subscription.cancelled
N1421,641,payment.authorized|payment.captured|payment.failed|refund.created|refund.settled|payout.paid|dispute.opened|dispute.won|dispute.lost|subscription.renewed|subscription.cancelled
N1422,641,payment.authorized|payment.captured|payment.failed|refund.created|refund.settled|payout.paid|dispute.opened|dispute.won|dispute.lost|subscription.renewed|subscription.cancelled
N1423,641,payment.authorized|payment.captured|payment.failed|refund.created|refund.settled|payout.paid|dispute.opened|dispute.won|dispute.lost|subscription.renewed|subscription.cancelled
N1424,641,payment.authorized|payment.captured|payment.failed|refund.created|refund.settled|payout.paid|dispute.opened|dispute.won|dispute.lost|subscription.renewed|subscription.cancelled
N1425,641,payment.authorized|payment.captured|payment.failed|refund.created|refund.settled|payout.paid|dispute.opened|dispute.won|dispute.lost|subscription.renewed|subscription.cancelled
N1426,641,payment.authorized|payment.captured|payment.failed|refund.created|refund.settled|payout.paid|dispute.opened|dispute.won|dispute.lost|subscription.renewed|subscription.cancelled
N1427,641,payment.authorized|payment.captured|payment.failed|refund.created|refund.settled|payout.paid|dispute.opened|dispute.won|dispute.lost|subscription.renewed|subscription.cancelled
N1428,641,payment.authorized|payment.captured|payment.failed|refund.created|refund.settled|payout.paid|dispute.opened|dispute.won|dispute.lost|subscription.renewed|subscription.cancelled
N1429,641,payment.authorized|payment.captured|payment.failed|refund.created|refund.settled|payout.paid|dispute.opened|dispute.won|dispute.lost|subscription.renewed|subscription.cancelled
N1430,641,payment.authorized|payment.captured|payment.failed|refund.created|refund.settled|payout.paid|dispute.opened|dispute.won|dispute.lost|subscription.renewed|subscription.cancelled
N1431,641,payment.authorized|payment.captured|payment.failed|refund.created|refund.settled|payout.paid|dispute.opened|dispute.won|dispute.lost|subscription.renewed|subscription.cancelled
N1432,641,payment.authorized|payment.captured|payment.failed|refund.created|refund.settled|payout.paid|dispute.opened|dispute.won|dispute.lost|subscription.renewed|subscription.cancelled
N1433,641,payment.authorized|payment.captured|payment.failed|refund.created|refund.settled|payout.paid|dispute.opened|dispute.won|dispute.lost|subscription.renewed|subscription.cancelled
N1434,641,payment.authorized|payment.captured|payment.failed|refund.created|refund.settled|payout.paid|dispute.opened|dispute.won|dispute.lost|subscription.renewed|subscription.cancelled
N1435,641,payment.authorized|payment.captured|payment.failed|refund.created|refund.settled|payout.paid|dispute.opened|dispute.won|dispute.lost|subscription.renewed|subscription.cancelled
N1436,641,payment.authorized|payment.captured|payment.failed|refund.created|refund.settled|payout.paid|dispute.opened|dispute.won|dispute.lost|subscription.renewed|subscription.cancelled
N1437,641,payment.authorized|payment.captured|payment.failed|refund.created|refund.settled|payout.paid|dispute.opened|dispute.won|dispute.lost|subscription.renewed|subscription.cancelled
N1438,641,payment.authorized|payment.captured|payment.failed|refund.created|refund.settled|payout.paid|dispute.opened|dispute.won|dispute.lost|subscription.renewed|subscription.cancelled
N1439,641,payment.authorized|payment.captured|payment.failed|refund.created|refund.settled|payout.paid|dispute.opened|dispute.won|dispute.lost|subscription.renewed|subscription.cancelled
N1440,641,payment.authorized|payment.captured|payment.failed|refund.created|refund.settled|payout.paid|dispute.opened|dispute.won|dispute.lost|subscription.renewed|subscription.cancelled
N1441,641,payment.authorized|payment.captured|payment.failed|refund.created|refund.settled|payout.paid|dispute.opened|dispute.won|dispute.lost|subscription.renewed|subscription.cancelled
N1442,641,payment.authorized|payment.captured|payment.failed|refund.created|refund.settled|payout.paid|dispute.opened|dispute.won|dispute.lost|subscription.renewed|subscription.cancelled
N1443,640,payment.authorized|dispute.opened
N1443,641,payment.authorized|payment.captured|payment.failed|refund.created|refund.settled|payout.paid|dispute.opened|dispute.won|dispute.lost|subscription.renewed|subscription.cancelled
N1444,641,payment.authorized|payment.captured|payment.failed|refund.created|refund.settled|payout.paid|dispute.opened|dispute.won|dispute.lost|subscription.renewed|subscription.cancelled
N1445,641,payment.authorized|payment.captured|payment.failed|refund.created|refund.settled|payout.paid|dispute.opened|dispute.won|dispute.lost|subscription.renewed|subscription.cancelled
N1446,641,payment.authorized|payment.captured|payment.failed|refund.created|refund.settled|payout.paid|dispute.opened|dispute.won|dispute.lost|subscription.renewed|subscription.cancelled
N1447,641,payment.authorized|payment.captured|payment.failed|refund.created|refund.settled|payout.paid|dispute.opened|dispute.won|dispute.lost|subscription.renewed|subscription.cancelled
N1448,641,payment.authorized|payment.captured|payment.failed|refund.created|refund.settled|payout.paid|dispute.opened|dispute.won|dispute.lost|subscription.renewed|subscription.cancelled
N1449,641,payment.authorized|payment.captured|payment.failed|refund.created|refund.settled|payout.paid|dispute.opened|dispute.won|dispute.lost|subscription.renewed|subscription.cancelled
N1450,641,payment.authorized|payment.captured|payment.failed|refund.created|refund.settled|payout.paid|dispute.opened|dispute.won|dispute.lost|subscription.renewed|subscription.cancelled
N1451,641,payment.authorized|payment.captured|payment.failed|refund.created|refund.settled|payout.paid|dispute.opened|dispute.won|dispute.lost|subscription.renewed|subscription.cancelled
N1452,641,payment.authorized|payment.captured|payment.failed|refund.created|refund.settled|payout.paid|dispute.opened|dispute.won|dispute.lost|subscription.renewed|subscription.cancelled
N1453,641,payment.authorized|payment.captured|payment.failed|refund.created|refund.settled|payout.paid|dispute.opened|dispute.won|dispute.lost|subscription.renewed|subscription.cancelled
N1454,641,payment.authorized|payment.captured|payment.failed|refund.created|refund.settled|payout.paid|dispute.opened|dispute.won|dispute.lost|subscription.renewed|subscription.cancelled
N1455,640,payment.authorized|dispute.opened
N1455,641,payment.authorized|payment.captured|payment.failed|refund.created|refund.settled|payout.paid|dispute.opened|dispute.won|dispute.lost|subscription.renewed|subscription.cancelled
N1456,641,payment.authorized|payment.captured|payment.failed|refund.created|refund.settled|payout.paid|dispute.opened|dispute.won|dispute.lost|subscription.renewed|subscription.cancelled
N1457,641,payment.authorized|payment.captured|payment.failed|refund.created|refund.settled|payout.paid|dispute.opened|dispute.won|dispute.lost|subscription.renewed|subscription.cancelled
N1458,641,payment.authorized|payment.captured|payment.failed|refund.created|refund.settled|payout.paid|dispute.opened|dispute.won|dispute.lost|subscription.renewed|subscription.cancelled
N1459,641,payment.authorized|payment.captured|payment.failed|refund.created|refund.settled|payout.paid|dispute.opened|dispute.won|dispute.lost|subscription.renewed|subscription.cancelled
N1460,640,payment.authorized|dispute.opened
N1460,641,payment.authorized|payment.captured|payment.failed|refund.created|refund.settled|payout.paid|dispute.opened|dispute.won|dispute.lost|subscription.renewed|subscription.cancelled
N1461,641,payment.authorized|payment.captured|payment.failed|refund.created|refund.settled|payout.paid|dispute.opened|dispute.won|dispute.lost|subscription.renewed|subscription.cancelled
N1462,641,payment.authorized|payment.captured|payment.failed|refund.created|refund.settled|payout.paid|dispute.opened|dispute.won|dispute.lost|subscription.renewed|subscription.cancelled
N1463,641,payment.authorized|payment.captured|payment.failed|refund.created|refund.settled|payout.paid|dispute.opened|dispute.won|dispute.lost|subscription.renewed|subscription.cancelled
N1464,641,payment.authorized|payment.captured|payment.failed|refund.created|refund.settled|payout.paid|dispute.opened|dispute.won|dispute.lost|subscription.renewed|subscription.cancelled
N1465,641,payment.authorized|payment.captured|payment.failed|refund.created|refund.settled|payout.paid|dispute.opened|dispute.won|dispute.lost|subscription.renewed|subscription.cancelled
N1466,641,payment.authorized|payment.captured|payment.failed|refund.created|refund.settled|payout.paid|dispute.opened|dispute.won|dispute.lost|subscription.renewed|subscription.cancelled
N1467,641,payment.authorized|payment.captured|payment.failed|refund.created|refund.settled|payout.paid|dispute.opened|dispute.won|dispute.lost|subscription.renewed|subscription.cancelled
N1468,641,payment.authorized|payment.captured|payment.failed|refund.created|refund.settled|payout.paid|dispute.opened|dispute.won|dispute.lost|subscription.renewed|subscription.cancelled
N1469,641,payment.authorized|payment.captured|payment.failed|refund.created|refund.settled|payout.paid|dispute.opened|dispute.won|dispute.lost|subscription.renewed|subscription.cancelled
N1470,641,payment.authorized|payment.captured|payment.failed|refund.created|refund.settled|payout.paid|dispute.opened|dispute.won|dispute.lost|subscription.renewed|subscription.cancelled
N1471,641,payment.authorized|payment.captured|payment.failed|refund.created|refund.settled|payout.paid|dispute.opened|dispute.won|dispute.lost|subscription.renewed|subscription.cancelled
N1472,640,payment.authorized|dispute.opened
N1472,641,payment.authorized|payment.captured|payment.failed|refund.created|refund.settled|payout.paid|dispute.opened|dispute.won|dispute.lost|subscription.renewed|subscription.cancelled
N1473,641,payment.authorized|payment.captured|payment.failed|refund.created|refund.settled|payout.paid|dispute.opened|dispute.won|dispute.lost|subscription.renewed|subscription.cancelled
N1474,641,payment.authorized|payment.captured|payment.failed|refund.created|refund.settled|payout.paid|dispute.opened|dispute.won|dispute.lost|subscription.renewed|subscription.cancelled
N1475,641,payment.authorized|payment.captured|payment.failed|refund.created|refund.settled|payout.paid|dispute.opened|dispute.won|dispute.lost|subscription.renewed|subscription.cancelled
N1476,641,payment.authorized|payment.captured|payment.failed|refund.created|refund.settled|payout.paid|dispute.opened|dispute.won|dispute.lost|subscription.renewed|subscription.cancelled
N1477,641,payment.authorized|payment.captured|payment.failed|refund.created|refund.settled|payout.paid|dispute.opened|dispute.won|dispute.lost|subscription.renewed|subscription.cancelled
N1478,641,payment.authorized|payment.captured|payment.failed|refund.created|refund.settled|payout.paid|dispute.opened|dispute.won|dispute.lost|subscription.renewed|subscription.cancelled
N1479,641,payment.authorized|payment.captured|payment.failed|refund.created|refund.settled|payout.paid|dispute.opened|dispute.won|dispute.lost|subscription.renewed|subscription.cancelled
N1480,641,payment.authorized|payment.captured|payment.failed|refund.created|refund.settled|payout.paid|dispute.opened|dispute.won|dispute.lost|subscription.renewed|subscription.cancelled
N1481,641,payment.authorized|payment.captured|payment.failed|refund.created|refund.settled|payout.paid|dispute.opened|dispute.won|dispute.lost|subscription.renewed|subscription.cancelled
N1482,641,payment.authorized|payment.captured|payment.failed|refund.created|refund.settled|payout.paid|dispute.opened|dispute.won|dispute.lost|subscription.renewed|subscription.cancelled
N1483,641,payment.authorized|payment.captured|payment.failed|refund.created|refund.settled|payout.paid|dispute.opened|dispute.won|dispute.lost|subscription.renewed|subscription.cancelled
N1484,641,payment.authorized|payment.captured|payment.failed|refund.created|refund.settled|payout.paid|dispute.opened|dispute.won|dispute.lost|subscription.renewed|subscription.cancelled
N1485,641,payment.authorized|payment.captured|payment.failed|refund.created|refund.settled|payout.paid|dispute.opened|dispute.won|dispute.lost|subscription.renewed|subscription.cancelled
N1486,640,payment.authorized|dispute.opened
N1486,641,payment.authorized|payment.captured|payment.failed|refund.created|refund.settled|payout.paid|dispute.opened|dispute.won|dispute.lost|subscription.renewed|subscription.cancelled
N1487,641,payment.authorized|payment.captured|payment.failed|refund.created|refund.settled|payout.paid|dispute.opened|dispute.won|dispute.lost|subscription.renewed|subscription.cancelled
N1488,641,payment.authorized|payment.captured|payment.failed|refund.created|refund.settled|payout.paid|dispute.opened|dispute.won|dispute.lost|subscription.renewed|subscription.cancelled
N1489,641,payment.authorized|payment.captured|payment.failed|refund.created|refund.settled|payout.paid|dispute.opened|dispute.won|dispute.lost|subscription.renewed|subscription.cancelled
N1490,641,payment.authorized|payment.captured|payment.failed|refund.created|refund.settled|payout.paid|dispute.opened|dispute.won|dispute.lost|subscription.renewed|subscription.cancelled
N1491,641,payment.authorized|payment.captured|payment.failed|refund.created|refund.settled|payout.paid|dispute.opened|dispute.won|dispute.lost|subscription.renewed|subscription.cancelled
N1492,641,payment.authorized|payment.captured|payment.failed|refund.created|refund.settled|payout.paid|dispute.opened|dispute.won|dispute.lost|subscription.renewed|subscription.cancelled
N1493,641,payment.authorized|payment.captured|payment.failed|refund.created|refund.settled|payout.paid|dispute.opened|dispute.won|dispute.lost|subscription.renewed|subscription.cancelled
N1494,641,payment.authorized|payment.captured|payment.failed|refund.created|refund.settled|payout.paid|dispute.opened|dispute.won|dispute.lost|subscription.renewed|subscription.cancelled
N1495,641,payment.authorized|payment.captured|payment.failed|refund.created|refund.settled|payout.paid|dispute.opened|dispute.won|dispute.lost|subscription.renewed|subscription.cancelled
N1496,641,payment.authorized|payment.captured|payment.failed|refund.created|refund.settled|payout.paid|dispute.opened|dispute.won|dispute.lost|subscription.renewed|subscription.cancelled
N1497,641,payment.authorized|payment.captured|payment.failed|refund.created|refund.settled|payout.paid|dispute.opened|dispute.won|dispute.lost|subscription.renewed|subscription.cancelled
N1498,641,payment.authorized|payment.captured|payment.failed|refund.created|refund.settled|payout.paid|dispute.opened|dispute.won|dispute.lost|subscription.renewed|subscription.cancelled
N1499,641,payment.authorized|payment.captured|payment.failed|refund.created|refund.settled|payout.paid|dispute.opened|dispute.won|dispute.lost|subscription.renewed|subscription.cancelled
N1500,641,payment.authorized|payment.captured|payment.failed|refund.created|refund.settled|payout.paid|dispute.opened|dispute.won|dispute.lost|subscription.renewed|subscription.cancelled
N1501,641,payment.authorized|payment.captured|payment.failed|refund.created|refund.settled|payout.paid|dispute.opened|dispute.won|dispute.lost|subscription.renewed|subscription.cancelled
N1502,641,payment.authorized|payment.captured|payment.failed|refund.created|refund.settled|payout.paid|dispute.opened|dispute.won|dispute.lost|subscription.renewed|subscription.cancelled
N1503,641,payment.authorized|payment.captured|payment.failed|refund.created|refund.settled|payout.paid|dispute.opened|dispute.won|dispute.lost|subscription.renewed|subscription.cancelled
N1504,641,payment.authorized|payment.captured|payment.failed|refund.created|refund.settled|payout.paid|dispute.opened|dispute.won|dispute.lost|subscription.renewed|subscription.cancelled
N1505,641,payment.authorized|payment.captured|payment.failed|refund.created|refund.settled|payout.paid|dispute.opened|dispute.won|dispute.lost|subscription.renewed|subscription.cancelled
N1506,641,payment.authorized|payment.captured|payment.failed|refund.created|refund.settled|payout.paid|dispute.opened|dispute.won|dispute.lost|subscription.renewed|subscription.cancelled
N1507,641,payment.authorized|payment.captured|payment.failed|refund.created|refund.settled|payout.paid|dispute.opened|dispute.won|dispute.lost|subscription.renewed|subscription.cancelled
N1508,641,payment.authorized|payment.captured|payment.failed|refund.created|refund.settled|payout.paid|dispute.opened|dispute.won|dispute.lost|subscription.renewed|subscription.cancelled
N1509,641,payment.authorized|payment.captured|payment.failed|refund.created|refund.settled|payout.paid|dispute.opened|dispute.won|dispute.lost|subscription.renewed|subscription.cancelled
N1510,641,payment.authorized|payment.captured|payment.failed|refund.created|refund.settled|payout.paid|dispute.opened|dispute.won|dispute.lost|subscription.renewed|subscription.cancelled
N1511,641,payment.authorized|payment.captured|payment.failed|refund.created|refund.settled|payout.paid|dispute.opened|dispute.won|dispute.lost|subscription.renewed|subscription.cancelled
N1512,641,payment.authorized|payment.captured|payment.failed|refund.created|refund.settled|payout.paid|dispute.opened|dispute.won|dispute.lost|subscription.renewed|subscription.cancelled
N1513,641,payment.authorized|payment.captured|payment.failed|refund.created|refund.settled|payout.paid|dispute.opened|dispute.won|dispute.lost|subscription.renewed|subscription.cancelled
N1514,641,payment.authorized|payment.captured|payment.failed|refund.created|refund.settled|payout.paid|dispute.opened|dispute.won|dispute.lost|subscription.renewed|subscription.cancelled
N1515,641,payment.authorized|payment.captured|payment.failed|refund.created|refund.settled|payout.paid|dispute.opened|dispute.won|dispute.lost|subscription.renewed|subscription.cancelled
N1516,641,payment.authorized|payment.captured|payment.failed|refund.created|refund.settled|payout.paid|dispute.opened|dispute.won|dispute.lost|subscription.renewed|subscription.cancelled
N1517,641,payment.authorized|payment.captured|payment.failed|refund.created|refund.settled|payout.paid|dispute.opened|dispute.won|dispute.lost|subscription.renewed|subscription.cancelled
N1518,641,payment.authorized|payment.captured|payment.failed|refund.created|refund.settled|payout.paid|dispute.opened|dispute.won|dispute.lost|subscription.renewed|subscription.cancelled
N1519,641,payment.authorized|payment.captured|payment.failed|refund.created|refund.settled|payout.paid|dispute.opened|dispute.won|dispute.lost|subscription.renewed|subscription.cancelled
N1520,641,payment.authorized|payment.captured|payment.failed|refund.created|refund.settled|payout.paid|dispute.opened|dispute.won|dispute.lost|subscription.renewed|subscription.cancelled
N1521,641,payment.authorized|payment.captured|payment.failed|refund.created|refund.settled|payout.paid|dispute.opened|dispute.won|dispute.lost|subscription.renewed|subscription.cancelled
N1522,641,payment.authorized|payment.captured|payment.failed|refund.created|refund.settled|payout.paid|dispute.opened|dispute.won|dispute.lost|subscription.renewed|subscription.cancelled
N1523,641,payment.authorized|payment.captured|payment.failed|refund.created|refund.settled|payout.paid|dispute.opened|dispute.won|dispute.lost|subscription.renewed|subscription.cancelled
N1524,641,payment.authorized|payment.captured|payment.failed|refund.created|refund.settled|payout.paid|dispute.opened|dispute.won|dispute.lost|subscription.renewed|subscription.cancelled
N1525,641,payment.authorized|payment.captured|payment.failed|refund.created|refund.settled|payout.paid|dispute.opened|dispute.won|dispute.lost|subscription.renewed|subscription.cancelled
N1526,641,payment.authorized|payment.captured|payment.failed|refund.created|refund.settled|payout.paid|dispute.opened|dispute.won|dispute.lost|subscription.renewed|subscription.cancelled
N1527,641,payment.authorized|payment.captured|payment.failed|refund.created|refund.settled|payout.paid|dispute.opened|dispute.won|dispute.lost|subscription.renewed|subscription.cancelled
N1528,641,payment.authorized|payment.captured|payment.failed|refund.created|refund.settled|payout.paid|dispute.opened|dispute.won|dispute.lost|subscription.renewed|subscription.cancelled
N1529,641,payment.authorized|payment.captured|payment.failed|refund.created|refund.settled|payout.paid|dispute.opened|dispute.won|dispute.lost|subscription.renewed|subscription.cancelled
N1530,641,payment.authorized|payment.captured|payment.failed|refund.created|refund.settled|payout.paid|dispute.opened|dispute.won|dispute.lost|subscription.renewed|subscription.cancelled
N1531,641,payment.authorized|payment.captured|payment.failed|refund.created|refund.settled|payout.paid|dispute.opened|dispute.won|dispute.lost|subscription.renewed|subscription.cancelled
N1532,641,payment.authorized|payment.captured|payment.failed|refund.created|refund.settled|payout.paid|dispute.opened|dispute.won|dispute.lost|subscription.renewed|subscription.cancelled
N1533,641,payment.authorized|payment.captured|payment.failed|refund.created|refund.settled|payout.paid|dispute.opened|dispute.won|dispute.lost|subscription.renewed|subscription.cancelled
N1534,641,payment.authorized|payment.captured|payment.failed|refund.created|refund.settled|payout.paid|dispute.opened|dispute.won|dispute.lost|subscription.renewed|subscription.cancelled
N1535,641,payment.authorized|payment.captured|payment.failed|refund.created|refund.settled|payout.paid|dispute.opened|dispute.won|dispute.lost|subscription.renewed|subscription.cancelled
N1536,641,payment.authorized|payment.captured|payment.failed|refund.created|refund.settled|payout.paid|dispute.opened|dispute.won|dispute.lost|subscription.renewed|subscription.cancelled
N1537,641,payment.authorized|payment.captured|payment.failed|refund.created|refund.settled|payout.paid|dispute.opened|dispute.won|dispute.lost|subscription.renewed|subscription.cancelled
N1538,641,payment.authorized|payment.captured|payment.failed|refund.created|refund.settled|payout.paid|dispute.opened|dispute.won|dispute.lost|subscription.renewed|subscription.cancelled
N1539,641,payment.authorized|payment.captured|payment.failed|refund.created|refund.settled|payout.paid|dispute.opened|dispute.won|dispute.lost|subscription.renewed|subscription.cancelled
N1540,641,payment.authorized|payment.captured|payment.failed|refund.created|refund.settled|payout.paid|dispute.opened|dispute.won|dispute.lost|subscription.renewed|subscription.cancelled
N1541,641,payment.authorized|payment.captured|payment.failed|refund.created|refund.settled|payout.paid|dispute.opened|dispute.won|dispute.lost|subscription.renewed|subscription.cancelled
N1542,641,payment.authorized|payment.captured|payment.failed|refund.created|refund.settled|payout.paid|dispute.opened|dispute.won|dispute.lost|subscription.renewed|subscription.cancelled
N1543,641,payment.authorized|payment.captured|payment.failed|refund.created|refund.settled|payout.paid|dispute.opened|dispute.won|dispute.lost|subscription.renewed|subscription.cancelled
N1544,641,payment.authorized|payment.captured|payment.failed|refund.created|refund.settled|payout.paid|dispute.opened|dispute.won|dispute.lost|subscription.renewed|subscription.cancelled
N1545,641,payment.authorized|payment.captured|payment.failed|refund.created|refund.settled|payout.paid|dispute.opened|dispute.won|dispute.lost|subscription.renewed|subscription.cancelled
N1546,641,payment.authorized|payment.captured|payment.failed|refund.created|refund.settled|payout.paid|dispute.opened|dispute.won|dispute.lost|subscription.renewed|subscription.cancelled
N1547,641,payment.authorized|payment.captured|payment.failed|refund.created|refund.settled|payout.paid|dispute.opened|dispute.won|dispute.lost|subscription.renewed|subscription.cancelled
N1548,641,payment.authorized|payment.captured|payment.failed|refund.created|refund.settled|payout.paid|dispute.opened|dispute.won|dispute.lost|subscription.renewed|subscription.cancelled
N1549,641,payment.authorized|payment.captured|payment.failed|refund.created|refund.settled|payout.paid|dispute.opened|dispute.won|dispute.lost|subscription.renewed|subscription.cancelled
N1550,641,payment.authorized|payment.captured|payment.failed|refund.created|refund.settled|payout.paid|dispute.opened|dispute.won|dispute.lost|subscription.renewed|subscription.cancelled
N1551,641,payment.authorized|payment.captured|payment.failed|refund.created|refund.settled|payout.paid|dispute.opened|dispute.won|dispute.lost|subscription.renewed|subscription.cancelled
N1552,641,payment.authorized|payment.captured|payment.failed|refund.created|refund.settled|payout.paid|dispute.opened|dispute.won|dispute.lost|subscription.renewed|subscription.cancelled
N1553,641,payment.authorized|payment.captured|payment.failed|refund.created|refund.settled|payout.paid|dispute.opened|dispute.won|dispute.lost|subscription.renewed|subscription.cancelled
N1554,640,payment.authorized|dispute.opened
N1554,641,payment.authorized|payment.captured|payment.failed|refund.created|refund.settled|payout.paid|dispute.opened|dispute.won|dispute.lost|subscription.renewed|subscription.cancelled
N1555,641,payment.authorized|payment.captured|payment.failed|refund.created|refund.settled|payout.paid|dispute.opened|dispute.won|dispute.lost|subscription.renewed|subscription.cancelled
N1556,641,payment.authorized|payment.captured|payment.failed|refund.created|refund.settled|payout.paid|dispute.opened|dispute.won|dispute.lost|subscription.renewed|subscription.cancelled
N1557,641,payment.authorized|payment.captured|payment.failed|refund.created|refund.settled|payout.paid|dispute.opened|dispute.won|dispute.lost|subscription.renewed|subscription.cancelled
N1558,641,payment.authorized|payment.captured|payment.failed|refund.created|refund.settled|payout.paid|dispute.opened|dispute.won|dispute.lost|subscription.renewed|subscription.cancelled
N1559,641,payment.authorized|payment.captured|payment.failed|refund.created|refund.settled|payout.paid|dispute.opened|dispute.won|dispute.lost|subscription.renewed|subscription.cancelled
N1560,641,payment.authorized|payment.captured|payment.failed|refund.created|refund.settled|payout.paid|dispute.opened|dispute.won|dispute.lost|subscription.renewed|subscription.cancelled
N1561,641,payment.authorized|payment.captured|payment.failed|refund.created|refund.settled|payout.paid|dispute.opened|dispute.won|dispute.lost|subscription.renewed|subscription.cancelled
N1562,641,payment.authorized|payment.captured|payment.failed|refund.created|refund.settled|payout.paid|dispute.opened|dispute.won|dispute.lost|subscription.renewed|subscription.cancelled
N1563,641,payment.authorized|payment.captured|payment.failed|refund.created|refund.settled|payout.paid|dispute.opened|dispute.won|dispute.lost|subscription.renewed|subscription.cancelled
N1564,641,payment.authorized|payment.captured|payment.failed|refund.created|refund.settled|payout.paid|dispute.opened|dispute.won|dispute.lost|subscription.renewed|subscription.cancelled
N1565,641,payment.authorized|payment.captured|payment.failed|refund.created|refund.settled|payout.paid|dispute.opened|dispute.won|dispute.lost|subscription.renewed|subscription.cancelled
N1566,641,payment.authorized|payment.captured|payment.failed|refund.created|refund.settled|payout.paid|dispute.opened|dispute.won|dispute.lost|subscription.renewed|subscription.cancelled
N1567,641,payment.authorized|payment.captured|payment.failed|refund.created|refund.settled|payout.paid|dispute.opened|dispute.won|dispute.lost|subscription.renewed|subscription.cancelled
N1568,641,payment.authorized|payment.captured|payment.failed|refund.created|refund.settled|payout.paid|dispute.opened|dispute.won|dispute.lost|subscription.renewed|subscription.cancelled
N1569,641,payment.authorized|payment.captured|payment.failed|refund.created|refund.settled|payout.paid|dispute.opened|dispute.won|dispute.lost|subscription.renewed|subscription.cancelled
N1570,641,payment.authorized|payment.captured|payment.failed|refund.created|refund.settled|payout.paid|dispute.opened|dispute.won|dispute.lost|subscription.renewed|subscription.cancelled
N1571,641,payment.authorized|payment.captured|payment.failed|refund.created|refund.settled|payout.paid|dispute.opened|dispute.won|dispute.lost|subscription.renewed|subscription.cancelled
N1572,641,payment.authorized|payment.captured|payment.failed|refund.created|refund.settled|payout.paid|dispute.opened|dispute.won|dispute.lost|subscription.renewed|subscription.cancelled
N1573,641,payment.authorized|payment.captured|payment.failed|refund.created|refund.settled|payout.paid|dispute.opened|dispute.won|dispute.lost|subscription.renewed|subscription.cancelled
N1574,641,payment.authorized|payment.captured|payment.failed|refund.created|refund.settled|payout.paid|dispute.opened|dispute.won|dispute.lost|subscription.renewed|subscription.cancelled
N1575,641,payment.authorized|payment.captured|payment.failed|refund.created|refund.settled|payout.paid|dispute.opened|dispute.won|dispute.lost|subscription.renewed|subscription.cancelled
N1576,641,payment.authorized|payment.captured|payment.failed|refund.created|refund.settled|payout.paid|dispute.opened|dispute.won|dispute.lost|subscription.renewed|subscription.cancelled
N1577,641,payment.authorized|payment.captured|payment.failed|refund.created|refund.settled|payout.paid|dispute.opened|dispute.won|dispute.lost|subscription.renewed|subscription.cancelled
N1578,641,payment.authorized|payment.captured|payment.failed|refund.created|refund.settled|payout.paid|dispute.opened|dispute.won|dispute.lost|subscription.renewed|subscription.cancelled
N1579,641,payment.authorized|payment.captured|payment.failed|refund.created|refund.settled|payout.paid|dispute.opened|dispute.won|dispute.lost|subscription.renewed|subscription.cancelled
N1580,641,payment.authorized|payment.captured|payment.failed|refund.created|refund.settled|payout.paid|dispute.opened|dispute.won|dispute.lost|subscription.renewed|subscription.cancelled
N1581,641,payment.authorized|payment.captured|payment.failed|refund.created|refund.settled|payout.paid|dispute.opened|dispute.won|dispute.lost|subscription.renewed|subscription.cancelled
N1582,641,payment.authorized|payment.captured|payment.failed|refund.created|refund.settled|payout.paid|dispute.opened|dispute.won|dispute.lost|subscription.renewed|subscription.cancelled
N1583,641,payment.authorized|payment.captured|payment.failed|refund.created|refund.settled|payout.paid|dispute.opened|dispute.won|dispute.lost|subscription.renewed|subscription.cancelled
N1584,641,payment.authorized|payment.captured|payment.failed|refund.created|refund.settled|payout.paid|dispute.opened|dispute.won|dispute.lost|subscription.renewed|subscription.cancelled
N1585,641,payment.authorized|payment.captured|payment.failed|refund.created|refund.settled|payout.paid|dispute.opened|dispute.won|dispute.lost|subscription.renewed|subscription.cancelled
N1586,641,payment.authorized|payment.captured|payment.failed|refund.created|refund.settled|payout.paid|dispute.opened|dispute.won|dispute.lost|subscription.renewed|subscription.cancelled
N1587,641,payment.authorized|payment.captured|payment.failed|refund.created|refund.settled|payout.paid|dispute.opened|dispute.won|dispute.lost|subscription.renewed|subscription.cancelled
N1588,641,payment.authorized|payment.captured|payment.failed|refund.created|refund.settled|payout.paid|dispute.opened|dispute.won|dispute.lost|subscription.renewed|subscription.cancelled
N1589,641,payment.authorized|payment.captured|payment.failed|refund.created|refund.settled|payout.paid|dispute.opened|dispute.won|dispute.lost|subscription.renewed|subscription.cancelled
N1590,641,payment.authorized|payment.captured|payment.failed|refund.created|refund.settled|payout.paid|dispute.opened|dispute.won|dispute.lost|subscription.renewed|subscription.cancelled
N1591,641,payment.authorized|payment.captured|payment.failed|refund.created|refund.settled|payout.paid|dispute.opened|dispute.won|dispute.lost|subscription.renewed|subscription.cancelled
N1592,641,payment.authorized|payment.captured|payment.failed|refund.created|refund.settled|payout.paid|dispute.opened|dispute.won|dispute.lost|subscription.renewed|subscription.cancelled
N1593,641,payment.authorized|payment.captured|payment.failed|refund.created|refund.settled|payout.paid|dispute.opened|dispute.won|dispute.lost|subscription.renewed|subscription.cancelled
N1594,641,payment.authorized|payment.captured|payment.failed|refund.created|refund.settled|payout.paid|dispute.opened|dispute.won|dispute.lost|subscription.renewed|subscription.cancelled
N1595,641,payment.authorized|payment.captured|payment.failed|refund.created|refund.settled|payout.paid|dispute.opened|dispute.won|dispute.lost|subscription.renewed|subscription.cancelled
N1596,641,payment.authorized|payment.captured|payment.failed|refund.created|refund.settled|payout.paid|dispute.opened|dispute.won|dispute.lost|subscription.renewed|subscription.cancelled
N1597,641,payment.authorized|payment.captured|payment.failed|refund.created|refund.settled|payout.paid|dispute.opened|dispute.won|dispute.lost|subscription.renewed|subscription.cancelled
N1598,641,payment.authorized|payment.captured|payment.failed|refund.created|refund.settled|payout.paid|dispute.opened|dispute.won|dispute.lost|subscription.renewed|subscription.cancelled
N1599,641,payment.authorized|payment.captured|payment.failed|refund.created|refund.settled|payout.paid|dispute.opened|dispute.won|dispute.lost|subscription.renewed|subscription.cancelled
N1600,641,payment.authorized|payment.captured|payment.failed|refund.created|refund.settled|payout.paid|dispute.opened|dispute.won|dispute.lost|subscription.renewed|subscription.cancelled
N1601,641,payment.authorized|payment.captured|payment.failed|refund.created|refund.settled|payout.paid|dispute.opened|dispute.won|dispute.lost|subscription.renewed|subscription.cancelled
N1602,641,payment.authorized|payment.captured|payment.failed|refund.created|refund.settled|payout.paid|dispute.opened|dispute.won|dispute.lost|subscription.renewed|subscription.cancelled
N1603,641,payment.authorized|payment.captured|payment.failed|refund.created|refund.settled|payout.paid|dispute.opened|dispute.won|dispute.lost|subscription.renewed|subscription.cancelled
N1604,641,payment.authorized|payment.captured|payment.failed|refund.created|refund.settled|payout.paid|dispute.opened|dispute.won|dispute.lost|subscription.renewed|subscription.cancelled
N1605,641,payment.authorized|payment.captured|payment.failed|refund.created|refund.settled|payout.paid|dispute.opened|dispute.won|dispute.lost|subscription.renewed|subscription.cancelled
N1606,641,payment.authorized|payment.captured|payment.failed|refund.created|refund.settled|payout.paid|dispute.opened|dispute.won|dispute.lost|subscription.renewed|subscription.cancelled
N1607,641,payment.authorized|payment.captured|payment.failed|refund.created|refund.settled|payout.paid|dispute.opened|dispute.won|dispute.lost|subscription.renewed|subscription.cancelled
N1608,641,payment.authorized|payment.captured|payment.failed|refund.created|refund.settled|payout.paid|dispute.opened|dispute.won|dispute.lost|subscription.renewed|subscription.cancelled
N1609,641,payment.authorized|payment.captured|payment.failed|refund.created|refund.settled|payout.paid|dispute.opened|dispute.won|dispute.lost|subscription.renewed|subscription.cancelled
N1610,641,payment.authorized|payment.captured|payment.failed|refund.created|refund.settled|payout.paid|dispute.opened|dispute.won|dispute.lost|subscription.renewed|subscription.cancelled
N1611,641,payment.authorized|payment.captured|payment.failed|refund.created|refund.settled|payout.paid|dispute.opened|dispute.won|dispute.lost|subscription.renewed|subscription.cancelled
N1612,641,payment.authorized|payment.captured|payment.failed|refund.created|refund.settled|payout.paid|dispute.opened|dispute.won|dispute.lost|subscription.renewed|subscription.cancelled
N1613,641,payment.authorized|payment.captured|payment.failed|refund.created|refund.settled|payout.paid|dispute.opened|dispute.won|dispute.lost|subscription.renewed|subscription.cancelled
N1614,641,payment.authorized|payment.captured|payment.failed|refund.created|refund.settled|payout.paid|dispute.opened|dispute.won|dispute.lost|subscription.renewed|subscription.cancelled
N1615,641,payment.authorized|payment.captured|payment.failed|refund.created|refund.settled|payout.paid|dispute.opened|dispute.won|dispute.lost|subscription.renewed|subscription.cancelled
N1616,641,payment.authorized|payment.captured|payment.failed|refund.created|refund.settled|payout.paid|dispute.opened|dispute.won|dispute.lost|subscription.renewed|subscription.cancelled
N1617,641,payment.authorized|payment.captured|payment.failed|refund.created|refund.settled|payout.paid|dispute.opened|dispute.won|dispute.lost|subscription.renewed|subscription.cancelled
N1618,641,payment.authorized|payment.captured|payment.failed|refund.created|refund.settled|payout.paid|dispute.opened|dispute.won|dispute.lost|subscription.renewed|subscription.cancelled
N1619,641,payment.authorized|payment.captured|payment.failed|refund.created|refund.settled|payout.paid|dispute.opened|dispute.won|dispute.lost|subscription.renewed|subscription.cancelled
N1620,641,payment.authorized|payment.captured|payment.failed|refund.created|refund.settled|payout.paid|dispute.opened|dispute.won|dispute.lost|subscription.renewed|subscription.cancelled
N1621,641,payment.authorized|payment.captured|payment.failed|refund.created|refund.settled|payout.paid|dispute.opened|dispute.won|dispute.lost|subscription.renewed|subscription.cancelled
N1622,641,payment.authorized|payment.captured|payment.failed|refund.created|refund.settled|payout.paid|dispute.opened|dispute.won|dispute.lost|subscription.renewed|subscription.cancelled
N1623,641,payment.authorized|payment.captured|payment.failed|refund.created|refund.settled|payout.paid|dispute.opened|dispute.won|dispute.lost|subscription.renewed|subscription.cancelled
N1624,641,payment.authorized|payment.captured|payment.failed|refund.created|refund.settled|payout.paid|dispute.opened|dispute.won|dispute.lost|subscription.renewed|subscription.cancelled
N1625,641,payment.authorized|payment.captured|payment.failed|refund.created|refund.settled|payout.paid|dispute.opened|dispute.won|dispute.lost|subscription.renewed|subscription.cancelled
N1626,641,payment.authorized|payment.captured|payment.failed|refund.created|refund.settled|payout.paid|dispute.opened|dispute.won|dispute.lost|subscription.renewed|subscription.cancelled
N1627,640,payment.authorized|dispute.opened
N1627,641,payment.authorized|payment.captured|payment.failed|refund.created|refund.settled|payout.paid|dispute.opened|dispute.won|dispute.lost|subscription.renewed|subscription.cancelled
N1628,641,payment.authorized|payment.captured|payment.failed|refund.created|refund.settled|payout.paid|dispute.opened|dispute.won|dispute.lost|subscription.renewed|subscription.cancelled
N1629,641,payment.authorized|payment.captured|payment.failed|refund.created|refund.settled|payout.paid|dispute.opened|dispute.won|dispute.lost|subscription.renewed|subscription.cancelled
N1630,641,payment.authorized|payment.captured|payment.failed|refund.created|refund.settled|payout.paid|dispute.opened|dispute.won|dispute.lost|subscription.renewed|subscription.cancelled
N1631,641,payment.authorized|payment.captured|payment.failed|refund.created|refund.settled|payout.paid|dispute.opened|dispute.won|dispute.lost|subscription.renewed|subscription.cancelled
N1632,641,payment.authorized|payment.captured|payment.failed|refund.created|refund.settled|payout.paid|dispute.opened|dispute.won|dispute.lost|subscription.renewed|subscription.cancelled
N1633,641,payment.authorized|payment.captured|payment.failed|refund.created|refund.settled|payout.paid|dispute.opened|dispute.won|dispute.lost|subscription.renewed|subscription.cancelled
N1634,641,payment.authorized|payment.captured|payment.failed|refund.created|refund.settled|payout.paid|dispute.opened|dispute.won|dispute.lost|subscription.renewed|subscription.cancelled
N1635,641,payment.authorized|payment.captured|payment.failed|refund.created|refund.settled|payout.paid|dispute.opened|dispute.won|dispute.lost|subscription.renewed|subscription.cancelled
N1636,641,payment.authorized|payment.captured|payment.failed|refund.created|refund.settled|payout.paid|dispute.opened|dispute.won|dispute.lost|subscription.renewed|subscription.cancelled
N1637,641,payment.authorized|payment.captured|payment.failed|refund.created|refund.settled|payout.paid|dispute.opened|dispute.won|dispute.lost|subscription.renewed|subscription.cancelled
N1638,641,payment.authorized|payment.captured|payment.failed|refund.created|refund.settled|payout.paid|dispute.opened|dispute.won|dispute.lost|subscription.renewed|subscription.cancelled
N1639,641,payment.authorized|payment.captured|payment.failed|refund.created|refund.settled|payout.paid|dispute.opened|dispute.won|dispute.lost|subscription.renewed|subscription.cancelled
N1640,641,payment.authorized|payment.captured|payment.failed|refund.created|refund.settled|payout.paid|dispute.opened|dispute.won|dispute.lost|subscription.renewed|subscription.cancelled
N1641,641,payment.authorized|payment.captured|payment.failed|refund.created|refund.settled|payout.paid|dispute.opened|dispute.won|dispute.lost|subscription.renewed|subscription.cancelled
N1642,641,payment.authorized|payment.captured|payment.failed|refund.created|refund.settled|payout.paid|dispute.opened|dispute.won|dispute.lost|subscription.renewed|subscription.cancelled
N1643,641,payment.authorized|payment.captured|payment.failed|refund.created|refund.settled|payout.paid|dispute.opened|dispute.won|dispute.lost|subscription.renewed|subscription.cancelled
N1644,641,payment.authorized|payment.captured|payment.failed|refund.created|refund.settled|payout.paid|dispute.opened|dispute.won|dispute.lost|subscription.renewed|subscription.cancelled
N1645,641,payment.authorized|payment.captured|payment.failed|refund.created|refund.settled|payout.paid|dispute.opened|dispute.won|dispute.lost|subscription.renewed|subscription.cancelled
N1646,640,payment.authorized|dispute.opened
N1646,641,payment.authorized|payment.captured|payment.failed|refund.created|refund.settled|payout.paid|dispute.opened|dispute.won|dispute.lost|subscription.renewed|subscription.cancelled
N1647,641,payment.authorized|payment.captured|payment.failed|refund.created|refund.settled|payout.paid|dispute.opened|dispute.won|dispute.lost|subscription.renewed|subscription.cancelled
N1648,641,payment.authorized|payment.captured|payment.failed|refund.created|refund.settled|payout.paid|dispute.opened|dispute.won|dispute.lost|subscription.renewed|subscription.cancelled
N1649,641,payment.authorized|payment.captured|payment.failed|refund.created|refund.settled|payout.paid|dispute.opened|dispute.won|dispute.lost|subscription.renewed|subscription.cancelled
N1650,641,payment.authorized|payment.captured|payment.failed|refund.created|refund.settled|payout.paid|dispute.opened|dispute.won|dispute.lost|subscription.renewed|subscription.cancelled
N1651,641,payment.authorized|payment.captured|payment.failed|refund.created|refund.settled|payout.paid|dispute.opened|dispute.won|dispute.lost|subscription.renewed|subscription.cancelled
N1652,640,payment.authorized|dispute.opened
N1652,641,payment.authorized|payment.captured|payment.failed|refund.created|refund.settled|payout.paid|dispute.opened|dispute.won|dispute.lost|subscription.renewed|subscription.cancelled
N1653,641,payment.authorized|payment.captured|payment.failed|refund.created|refund.settled|payout.paid|dispute.opened|dispute.won|dispute.lost|subscription.renewed|subscription.cancelled
N1654,640,payment.authorized|dispute.opened
N1654,641,payment.authorized|payment.captured|payment.failed|refund.created|refund.settled|payout.paid|dispute.opened|dispute.won|dispute.lost|subscription.renewed|subscription.cancelled
N1655,641,payment.authorized|payment.captured|payment.failed|refund.created|refund.settled|payout.paid|dispute.opened|dispute.won|dispute.lost|subscription.renewed|subscription.cancelled
N1656,641,payment.authorized|payment.captured|payment.failed|refund.created|refund.settled|payout.paid|dispute.opened|dispute.won|dispute.lost|subscription.renewed|subscription.cancelled
N1657,641,payment.authorized|payment.captured|payment.failed|refund.created|refund.settled|payout.paid|dispute.opened|dispute.won|dispute.lost|subscription.renewed|subscription.cancelled
N1658,641,payment.authorized|payment.captured|payment.failed|refund.created|refund.settled|payout.paid|dispute.opened|dispute.won|dispute.lost|subscription.renewed|subscription.cancelled
N1659,641,payment.authorized|payment.captured|payment.failed|refund.created|refund.settled|payout.paid|dispute.opened|dispute.won|dispute.lost|subscription.renewed|subscription.cancelled
N1660,641,payment.authorized|payment.captured|payment.failed|refund.created|refund.settled|payout.paid|dispute.opened|dispute.won|dispute.lost|subscription.renewed|subscription.cancelled
N1661,641,payment.authorized|payment.captured|payment.failed|refund.created|refund.settled|payout.paid|dispute.opened|dispute.won|dispute.lost|subscription.renewed|subscription.cancelled
N1662,641,payment.authorized|payment.captured|payment.failed|refund.created|refund.settled|payout.paid|dispute.opened|dispute.won|dispute.lost|subscription.renewed|subscription.cancelled
N1663,641,payment.authorized|payment.captured|payment.failed|refund.created|refund.settled|payout.paid|dispute.opened|dispute.won|dispute.lost|subscription.renewed|subscription.cancelled
N1664,641,payment.authorized|payment.captured|payment.failed|refund.created|refund.settled|payout.paid|dispute.opened|dispute.won|dispute.lost|subscription.renewed|subscription.cancelled
N1665,641,payment.authorized|payment.captured|payment.failed|refund.created|refund.settled|payout.paid|dispute.opened|dispute.won|dispute.lost|subscription.renewed|subscription.cancelled
N1666,641,payment.authorized|payment.captured|payment.failed|refund.created|refund.settled|payout.paid|dispute.opened|dispute.won|dispute.lost|subscription.renewed|subscription.cancelled
N1667,641,payment.authorized|payment.captured|payment.failed|refund.created|refund.settled|payout.paid|dispute.opened|dispute.won|dispute.lost|subscription.renewed|subscription.cancelled
N1668,640,payment.authorized|dispute.opened
N1668,641,payment.authorized|payment.captured|payment.failed|refund.created|refund.settled|payout.paid|dispute.opened|dispute.won|dispute.lost|subscription.renewed|subscription.cancelled
N1669,641,payment.authorized|payment.captured|payment.failed|refund.created|refund.settled|payout.paid|dispute.opened|dispute.won|dispute.lost|subscription.renewed|subscription.cancelled
N1670,641,payment.authorized|payment.captured|payment.failed|refund.created|refund.settled|payout.paid|dispute.opened|dispute.won|dispute.lost|subscription.renewed|subscription.cancelled
N1671,641,payment.authorized|payment.captured|payment.failed|refund.created|refund.settled|payout.paid|dispute.opened|dispute.won|dispute.lost|subscription.renewed|subscription.cancelled
N1672,641,payment.authorized|payment.captured|payment.failed|refund.created|refund.settled|payout.paid|dispute.opened|dispute.won|dispute.lost|subscription.renewed|subscription.cancelled
N1673,641,payment.authorized|payment.captured|payment.failed|refund.created|refund.settled|payout.paid|dispute.opened|dispute.won|dispute.lost|subscription.renewed|subscription.cancelled
N1674,641,payment.authorized|payment.captured|payment.failed|refund.created|refund.settled|payout.paid|dispute.opened|dispute.won|dispute.lost|subscription.renewed|subscription.cancelled
N1675,641,payment.authorized|payment.captured|payment.failed|refund.created|refund.settled|payout.paid|dispute.opened|dispute.won|dispute.lost|subscription.renewed|subscription.cancelled
N1676,641,payment.authorized|payment.captured|payment.failed|refund.created|refund.settled|payout.paid|dispute.opened|dispute.won|dispute.lost|subscription.renewed|subscription.cancelled
N1677,640,payment.authorized|dispute.opened
N1677,641,payment.authorized|payment.captured|payment.failed|refund.created|refund.settled|payout.paid|dispute.opened|dispute.won|dispute.lost|subscription.renewed|subscription.cancelled
N1678,641,payment.authorized|payment.captured|payment.failed|refund.created|refund.settled|payout.paid|dispute.opened|dispute.won|dispute.lost|subscription.renewed|subscription.cancelled
N1679,641,payment.authorized|payment.captured|payment.failed|refund.created|refund.settled|payout.paid|dispute.opened|dispute.won|dispute.lost|subscription.renewed|subscription.cancelled
N1680,641,payment.authorized|payment.captured|payment.failed|refund.created|refund.settled|payout.paid|dispute.opened|dispute.won|dispute.lost|subscription.renewed|subscription.cancelled
N1681,641,payment.authorized|payment.captured|payment.failed|refund.created|refund.settled|payout.paid|dispute.opened|dispute.won|dispute.lost|subscription.renewed|subscription.cancelled
N1682,641,payment.authorized|payment.captured|payment.failed|refund.created|refund.settled|payout.paid|dispute.opened|dispute.won|dispute.lost|subscription.renewed|subscription.cancelled
N1683,641,payment.authorized|payment.captured|payment.failed|refund.created|refund.settled|payout.paid|dispute.opened|dispute.won|dispute.lost|subscription.renewed|subscription.cancelled
N1684,641,payment.authorized|payment.captured|payment.failed|refund.created|refund.settled|payout.paid|dispute.opened|dispute.won|dispute.lost|subscription.renewed|subscription.cancelled
N1685,641,payment.authorized|payment.captured|payment.failed|refund.created|refund.settled|payout.paid|dispute.opened|dispute.won|dispute.lost|subscription.renewed|subscription.cancelled
N1686,641,payment.authorized|payment.captured|payment.failed|refund.created|refund.settled|payout.paid|dispute.opened|dispute.won|dispute.lost|subscription.renewed|subscription.cancelled
N1687,641,payment.authorized|payment.captured|payment.failed|refund.created|refund.settled|payout.paid|dispute.opened|dispute.won|dispute.lost|subscription.renewed|subscription.cancelled
N1688,641,payment.authorized|payment.captured|payment.failed|refund.created|refund.settled|payout.paid|dispute.opened|dispute.won|dispute.lost|subscription.renewed|subscription.cancelled
N1689,640,payment.authorized|dispute.opened
N1689,641,payment.authorized|payment.captured|payment.failed|refund.created|refund.settled|payout.paid|dispute.opened|dispute.won|dispute.lost|subscription.renewed|subscription.cancelled
N1690,641,payment.authorized|payment.captured|payment.failed|refund.created|refund.settled|payout.paid|dispute.opened|dispute.won|dispute.lost|subscription.renewed|subscription.cancelled
N1691,641,payment.authorized|payment.captured|payment.failed|refund.created|refund.settled|payout.paid|dispute.opened|dispute.won|dispute.lost|subscription.renewed|subscription.cancelled
N1692,641,payment.authorized|payment.captured|payment.failed|refund.created|refund.settled|payout.paid|dispute.opened|dispute.won|dispute.lost|subscription.renewed|subscription.cancelled
N1693,641,payment.authorized|payment.captured|payment.failed|refund.created|refund.settled|payout.paid|dispute.opened|dispute.won|dispute.lost|subscription.renewed|subscription.cancelled
N1694,641,payment.authorized|payment.captured|payment.failed|refund.created|refund.settled|payout.paid|dispute.opened|dispute.won|dispute.lost|subscription.renewed|subscription.cancelled
N1695,641,payment.authorized|payment.captured|payment.failed|refund.created|refund.settled|payout.paid|dispute.opened|dispute.won|dispute.lost|subscription.renewed|subscription.cancelled
N1696,641,payment.authorized|payment.captured|payment.failed|refund.created|refund.settled|payout.paid|dispute.opened|dispute.won|dispute.lost|subscription.renewed|subscription.cancelled
N1697,641,payment.authorized|payment.captured|payment.failed|refund.created|refund.settled|payout.paid|dispute.opened|dispute.won|dispute.lost|subscription.renewed|subscription.cancelled
N1698,641,payment.authorized|payment.captured|payment.failed|refund.created|refund.settled|payout.paid|dispute.opened|dispute.won|dispute.lost|subscription.renewed|subscription.cancelled
N1699,641,payment.authorized|payment.captured|payment.failed|refund.created|refund.settled|payout.paid|dispute.opened|dispute.won|dispute.lost|subscription.renewed|subscription.cancelled
N1700,641,payment.authorized|payment.captured|payment.failed|refund.created|refund.settled|payout.paid|dispute.opened|dispute.won|dispute.lost|subscription.renewed|subscription.cancelled
N1701,641,payment.authorized|payment.captured|payment.failed|refund.created|refund.settled|payout.paid|dispute.opened|dispute.won|dispute.lost|subscription.renewed|subscription.cancelled
N1702,641,payment.authorized|payment.captured|payment.failed|refund.created|refund.settled|payout.paid|dispute.opened|dispute.won|dispute.lost|subscription.renewed|subscription.cancelled
N1703,641,payment.authorized|payment.captured|payment.failed|refund.created|refund.settled|payout.paid|dispute.opened|dispute.won|dispute.lost|subscription.renewed|subscription.cancelled
N1704,641,payment.authorized|payment.captured|payment.failed|refund.created|refund.settled|payout.paid|dispute.opened|dispute.won|dispute.lost|subscription.renewed|subscription.cancelled
N1705,641,payment.authorized|payment.captured|payment.failed|refund.created|refund.settled|payout.paid|dispute.opened|dispute.won|dispute.lost|subscription.renewed|subscription.cancelled
N1706,641,payment.authorized|payment.captured|payment.failed|refund.created|refund.settled|payout.paid|dispute.opened|dispute.won|dispute.lost|subscription.renewed|subscription.cancelled
N1707,641,payment.authorized|payment.captured|payment.failed|refund.created|refund.settled|payout.paid|dispute.opened|dispute.won|dispute.lost|subscription.renewed|subscription.cancelled
N1708,641,payment.authorized|payment.captured|payment.failed|refund.created|refund.settled|payout.paid|dispute.opened|dispute.won|dispute.lost|subscription.renewed|subscription.cancelled
N1709,641,payment.authorized|payment.captured|payment.failed|refund.created|refund.settled|payout.paid|dispute.opened|dispute.won|dispute.lost|subscription.renewed|subscription.cancelled
N1710,641,payment.authorized|payment.captured|payment.failed|refund.created|refund.settled|payout.paid|dispute.opened|dispute.won|dispute.lost|subscription.renewed|subscription.cancelled
N1711,641,payment.authorized|payment.captured|payment.failed|refund.created|refund.settled|payout.paid|dispute.opened|dispute.won|dispute.lost|subscription.renewed|subscription.cancelled
N1712,641,payment.authorized|payment.captured|payment.failed|refund.created|refund.settled|payout.paid|dispute.opened|dispute.won|dispute.lost|subscription.renewed|subscription.cancelled
N1713,641,payment.authorized|payment.captured|payment.failed|refund.created|refund.settled|payout.paid|dispute.opened|dispute.won|dispute.lost|subscription.renewed|subscription.cancelled
N1714,641,payment.authorized|payment.captured|payment.failed|refund.created|refund.settled|payout.paid|dispute.opened|dispute.won|dispute.lost|subscription.renewed|subscription.cancelled
N1715,641,payment.authorized|payment.captured|payment.failed|refund.created|refund.settled|payout.paid|dispute.opened|dispute.won|dispute.lost|subscription.renewed|subscription.cancelled
N1716,641,payment.authorized|payment.captured|payment.failed|refund.created|refund.settled|payout.paid|dispute.opened|dispute.won|dispute.lost|subscription.renewed|subscription.cancelled
N1717,641,payment.authorized|payment.captured|payment.failed|refund.created|refund.settled|payout.paid|dispute.opened|dispute.won|dispute.lost|subscription.renewed|subscription.cancelled
N1718,641,payment.authorized|payment.captured|payment.failed|refund.created|refund.settled|payout.paid|dispute.opened|dispute.won|dispute.lost|subscription.renewed|subscription.cancelled
N1719,641,payment.authorized|payment.captured|payment.failed|refund.created|refund.settled|payout.paid|dispute.opened|dispute.won|dispute.lost|subscription.renewed|subscription.cancelled
N1720,641,payment.authorized|payment.captured|payment.failed|refund.created|refund.settled|payout.paid|dispute.opened|dispute.won|dispute.lost|subscription.renewed|subscription.cancelled
N1721,641,payment.authorized|payment.captured|payment.failed|refund.created|refund.settled|payout.paid|dispute.opened|dispute.won|dispute.lost|subscription.renewed|subscription.cancelled
N1722,640,payment.authorized|dispute.opened
N1722,641,payment.authorized|payment.captured|payment.failed|refund.created|refund.settled|payout.paid|dispute.opened|dispute.won|dispute.lost|subscription.renewed|subscription.cancelled
N1723,641,payment.authorized|payment.captured|payment.failed|refund.created|refund.settled|payout.paid|dispute.opened|dispute.won|dispute.lost|subscription.renewed|subscription.cancelled
N1724,641,payment.authorized|payment.captured|payment.failed|refund.created|refund.settled|payout.paid|dispute.opened|dispute.won|dispute.lost|subscription.renewed|subscription.cancelled
N1725,641,payment.authorized|payment.captured|payment.failed|refund.created|refund.settled|payout.paid|dispute.opened|dispute.won|dispute.lost|subscription.renewed|subscription.cancelled
N1726,641,payment.authorized|payment.captured|payment.failed|refund.created|refund.settled|payout.paid|dispute.opened|dispute.won|dispute.lost|subscription.renewed|subscription.cancelled
N1727,641,payment.authorized|payment.captured|payment.failed|refund.created|refund.settled|payout.paid|dispute.opened|dispute.won|dispute.lost|subscription.renewed|subscription.cancelled
N1728,641,payment.authorized|payment.captured|payment.failed|refund.created|refund.settled|payout.paid|dispute.opened|dispute.won|dispute.lost|subscription.renewed|subscription.cancelled
N1729,641,payment.authorized|payment.captured|payment.failed|refund.created|refund.settled|payout.paid|dispute.opened|dispute.won|dispute.lost|subscription.renewed|subscription.cancelled
N1730,641,payment.authorized|payment.captured|payment.failed|refund.created|refund.settled|payout.paid|dispute.opened|dispute.won|dispute.lost|subscription.renewed|subscription.cancelled
N1731,641,payment.authorized|payment.captured|payment.failed|refund.created|refund.settled|payout.paid|dispute.opened|dispute.won|dispute.lost|subscription.renewed|subscription.cancelled
N1732,641,payment.authorized|payment.captured|payment.failed|refund.created|refund.settled|payout.paid|dispute.opened|dispute.won|dispute.lost|subscription.renewed|subscription.cancelled
N1733,641,payment.authorized|payment.captured|payment.failed|refund.created|refund.settled|payout.paid|dispute.opened|dispute.won|dispute.lost|subscription.renewed|subscription.cancelled
N1734,641,payment.authorized|payment.captured|payment.failed|refund.created|refund.settled|payout.paid|dispute.opened|dispute.won|dispute.lost|subscription.renewed|subscription.cancelled
N1735,641,payment.authorized|payment.captured|payment.failed|refund.created|refund.settled|payout.paid|dispute.opened|dispute.won|dispute.lost|subscription.renewed|subscription.cancelled
N1736,641,payment.authorized|payment.captured|payment.failed|refund.created|refund.settled|payout.paid|dispute.opened|dispute.won|dispute.lost|subscription.renewed|subscription.cancelled
N1737,641,payment.authorized|payment.captured|payment.failed|refund.created|refund.settled|payout.paid|dispute.opened|dispute.won|dispute.lost|subscription.renewed|subscription.cancelled
N1738,641,payment.authorized|payment.captured|payment.failed|refund.created|refund.settled|payout.paid|dispute.opened|dispute.won|dispute.lost|subscription.renewed|subscription.cancelled
N1739,641,payment.authorized|payment.captured|payment.failed|refund.created|refund.settled|payout.paid|dispute.opened|dispute.won|dispute.lost|subscription.renewed|subscription.cancelled
N1740,641,payment.authorized|payment.captured|payment.failed|refund.created|refund.settled|payout.paid|dispute.opened|dispute.won|dispute.lost|subscription.renewed|subscription.cancelled
N1741,641,payment.authorized|payment.captured|payment.failed|refund.created|refund.settled|payout.paid|dispute.opened|dispute.won|dispute.lost|subscription.renewed|subscription.cancelled
N1742,641,payment.authorized|payment.captured|payment.failed|refund.created|refund.settled|payout.paid|dispute.opened|dispute.won|dispute.lost|subscription.renewed|subscription.cancelled
N1743,641,payment.authorized|payment.captured|payment.failed|refund.created|refund.settled|payout.paid|dispute.opened|dispute.won|dispute.lost|subscription.renewed|subscription.cancelled
N1744,641,payment.authorized|payment.captured|payment.failed|refund.created|refund.settled|payout.paid|dispute.opened|dispute.won|dispute.lost|subscription.renewed|subscription.cancelled
N1745,641,payment.authorized|payment.captured|payment.failed|refund.created|refund.settled|payout.paid|dispute.opened|dispute.won|dispute.lost|subscription.renewed|subscription.cancelled
N1746,641,payment.authorized|payment.captured|payment.failed|refund.created|refund.settled|payout.paid|dispute.opened|dispute.won|dispute.lost|subscription.renewed|subscription.cancelled
N1747,641,payment.authorized|payment.captured|payment.failed|refund.created|refund.settled|payout.paid|dispute.opened|dispute.won|dispute.lost|subscription.renewed|subscription.cancelled
N1748,641,payment.authorized|payment.captured|payment.failed|refund.created|refund.settled|payout.paid|dispute.opened|dispute.won|dispute.lost|subscription.renewed|subscription.cancelled
N1749,641,payment.authorized|payment.captured|payment.failed|refund.created|refund.settled|payout.paid|dispute.opened|dispute.won|dispute.lost|subscription.renewed|subscription.cancelled
N1750,641,payment.authorized|payment.captured|payment.failed|refund.created|refund.settled|payout.paid|dispute.opened|dispute.won|dispute.lost|subscription.renewed|subscription.cancelled
N1751,641,payment.authorized|payment.captured|payment.failed|refund.created|refund.settled|payout.paid|dispute.opened|dispute.won|dispute.lost|subscription.renewed|subscription.cancelled
N1752,641,payment.authorized|payment.captured|payment.failed|refund.created|refund.settled|payout.paid|dispute.opened|dispute.won|dispute.lost|subscription.renewed|subscription.cancelled
N1753,641,payment.authorized|payment.captured|payment.failed|refund.created|refund.settled|payout.paid|dispute.opened|dispute.won|dispute.lost|subscription.renewed|subscription.cancelled
N1754,641,payment.authorized|payment.captured|payment.failed|refund.created|refund.settled|payout.paid|dispute.opened|dispute.won|dispute.lost|subscription.renewed|subscription.cancelled
N1755,641,payment.authorized|payment.captured|payment.failed|refund.created|refund.settled|payout.paid|dispute.opened|dispute.won|dispute.lost|subscription.renewed|subscription.cancelled
N1756,641,payment.authorized|payment.captured|payment.failed|refund.created|refund.settled|payout.paid|dispute.opened|dispute.won|dispute.lost|subscription.renewed|subscription.cancelled
N1757,641,payment.authorized|payment.captured|payment.failed|refund.created|refund.settled|payout.paid|dispute.opened|dispute.won|dispute.lost|subscription.renewed|subscription.cancelled
N1758,641,payment.authorized|payment.captured|payment.failed|refund.created|refund.settled|payout.paid|dispute.opened|dispute.won|dispute.lost|subscription.renewed|subscription.cancelled
N1759,641,payment.authorized|payment.captured|payment.failed|refund.created|refund.settled|payout.paid|dispute.opened|dispute.won|dispute.lost|subscription.renewed|subscription.cancelled
N1760,641,payment.authorized|payment.captured|payment.failed|refund.created|refund.settled|payout.paid|dispute.opened|dispute.won|dispute.lost|subscription.renewed|subscription.cancelled
N1761,641,payment.authorized|payment.captured|payment.failed|refund.created|refund.settled|payout.paid|dispute.opened|dispute.won|dispute.lost|subscription.renewed|subscription.cancelled
N1762,641,payment.authorized|payment.captured|payment.failed|refund.created|refund.settled|payout.paid|dispute.opened|dispute.won|dispute.lost|subscription.renewed|subscription.cancelled
N1763,641,payment.authorized|payment.captured|payment.failed|refund.created|refund.settled|payout.paid|dispute.opened|dispute.won|dispute.lost|subscription.renewed|subscription.cancelled
N1764,641,payment.authorized|payment.captured|payment.failed|refund.created|refund.settled|payout.paid|dispute.opened|dispute.won|dispute.lost|subscription.renewed|subscription.cancelled
N1765,641,payment.authorized|payment.captured|payment.failed|refund.created|refund.settled|payout.paid|dispute.opened|dispute.won|dispute.lost|subscription.renewed|subscription.cancelled
N1766,641,payment.authorized|payment.captured|payment.failed|refund.created|refund.settled|payout.paid|dispute.opened|dispute.won|dispute.lost|subscription.renewed|subscription.cancelled
N1767,641,payment.authorized|payment.captured|payment.failed|refund.created|refund.settled|payout.paid|dispute.opened|dispute.won|dispute.lost|subscription.renewed|subscription.cancelled
N1768,641,payment.authorized|payment.captured|payment.failed|refund.created|refund.settled|payout.paid|dispute.opened|dispute.won|dispute.lost|subscription.renewed|subscription.cancelled
N1769,641,payment.authorized|payment.captured|payment.failed|refund.created|refund.settled|payout.paid|dispute.opened|dispute.won|dispute.lost|subscription.renewed|subscription.cancelled
N1770,641,payment.authorized|payment.captured|payment.failed|refund.created|refund.settled|payout.paid|dispute.opened|dispute.won|dispute.lost|subscription.renewed|subscription.cancelled
N1771,641,payment.authorized|payment.captured|payment.failed|refund.created|refund.settled|payout.paid|dispute.opened|dispute.won|dispute.lost|subscription.renewed|subscription.cancelled
N1772,641,payment.authorized|payment.captured|payment.failed|refund.created|refund.settled|payout.paid|dispute.opened|dispute.won|dispute.lost|subscription.renewed|subscription.cancelled
N1773,641,payment.authorized|payment.captured|payment.failed|refund.created|refund.settled|payout.paid|dispute.opened|dispute.won|dispute.lost|subscription.renewed|subscription.cancelled
N1774,641,payment.authorized|payment.captured|payment.failed|refund.created|refund.settled|payout.paid|dispute.opened|dispute.won|dispute.lost|subscription.renewed|subscription.cancelled
N1775,641,payment.authorized|payment.captured|payment.failed|refund.created|refund.settled|payout.paid|dispute.opened|dispute.won|dispute.lost|subscription.renewed|subscription.cancelled
N1776,641,payment.authorized|payment.captured|payment.failed|refund.created|refund.settled|payout.paid|dispute.opened|dispute.won|dispute.lost|subscription.renewed|subscription.cancelled
N1777,641,payment.authorized|payment.captured|payment.failed|refund.created|refund.settled|payout.paid|dispute.opened|dispute.won|dispute.lost|subscription.renewed|subscription.cancelled
N1778,641,payment.authorized|payment.captured|payment.failed|refund.created|refund.settled|payout.paid|dispute.opened|dispute.won|dispute.lost|subscription.renewed|subscription.cancelled
N1779,641,payment.authorized|payment.captured|payment.failed|refund.created|refund.settled|payout.paid|dispute.opened|dispute.won|dispute.lost|subscription.renewed|subscription.cancelled
N1780,641,payment.authorized|payment.captured|payment.failed|refund.created|refund.settled|payout.paid|dispute.opened|dispute.won|dispute.lost|subscription.renewed|subscription.cancelled
N1781,641,payment.authorized|payment.captured|payment.failed|refund.created|refund.settled|payout.paid|dispute.opened|dispute.won|dispute.lost|subscription.renewed|subscription.cancelled
N1782,641,payment.authorized|payment.captured|payment.failed|refund.created|refund.settled|payout.paid|dispute.opened|dispute.won|dispute.lost|subscription.renewed|subscription.cancelled
N1783,641,payment.authorized|payment.captured|payment.failed|refund.created|refund.settled|payout.paid|dispute.opened|dispute.won|dispute.lost|subscription.renewed|subscription.cancelled
N1784,641,payment.authorized|payment.captured|payment.failed|refund.created|refund.settled|payout.paid|dispute.opened|dispute.won|dispute.lost|subscription.renewed|subscription.cancelled
N1785,641,payment.authorized|payment.captured|payment.failed|refund.created|refund.settled|payout.paid|dispute.opened|dispute.won|dispute.lost|subscription.renewed|subscription.cancelled
N1786,641,payment.authorized|payment.captured|payment.failed|refund.created|refund.settled|payout.paid|dispute.opened|dispute.won|dispute.lost|subscription.renewed|subscription.cancelled
N1787,640,payment.authorized|dispute.opened
N1787,641,payment.authorized|payment.captured|payment.failed|refund.created|refund.settled|payout.paid|dispute.opened|dispute.won|dispute.lost|subscription.renewed|subscription.cancelled
N1788,641,payment.authorized|payment.captured|payment.failed|refund.created|refund.settled|payout.paid|dispute.opened|dispute.won|dispute.lost|subscription.renewed|subscription.cancelled
N1789,641,payment.authorized|payment.captured|payment.failed|refund.created|refund.settled|payout.paid|dispute.opened|dispute.won|dispute.lost|subscription.renewed|subscription.cancelled
N1790,641,payment.authorized|payment.captured|payment.failed|refund.created|refund.settled|payout.paid|dispute.opened|dispute.won|dispute.lost|subscription.renewed|subscription.cancelled
N1791,641,payment.authorized|payment.captured|payment.failed|refund.created|refund.settled|payout.paid|dispute.opened|dispute.won|dispute.lost|subscription.renewed|subscription.cancelled
N1792,641,payment.authorized|payment.captured|payment.failed|refund.created|refund.settled|payout.paid|dispute.opened|dispute.won|dispute.lost|subscription.renewed|subscription.cancelled
N1793,641,payment.authorized|payment.captured|payment.failed|refund.created|refund.settled|payout.paid|dispute.opened|dispute.won|dispute.lost|subscription.renewed|subscription.cancelled
N1794,641,payment.authorized|payment.captured|payment.failed|refund.created|refund.settled|payout.paid|dispute.opened|dispute.won|dispute.lost|subscription.renewed|subscription.cancelled
N1795,641,payment.authorized|payment.captured|payment.failed|refund.created|refund.settled|payout.paid|dispute.opened|dispute.won|dispute.lost|subscription.renewed|subscription.cancelled
N1796,641,payment.authorized|payment.captured|payment.failed|refund.created|refund.settled|payout.paid|dispute.opened|dispute.won|dispute.lost|subscription.renewed|subscription.cancelled
N1797,641,payment.authorized|payment.captured|payment.failed|refund.created|refund.settled|payout.paid|dispute.opened|dispute.won|dispute.lost|subscription.renewed|subscription.cancelled
N1798,640,payment.authorized|dispute.opened
N1798,641,payment.authorized|payment.captured|payment.failed|refund.created|refund.settled|payout.paid|dispute.opened|dispute.won|dispute.lost|subscription.renewed|subscription.cancelled
N1799,641,payment.authorized|payment.captured|payment.failed|refund.created|refund.settled|payout.paid|dispute.opened|dispute.won|dispute.lost|subscription.renewed|subscription.cancelled
N1800,641,payment.authorized|payment.captured|payment.failed|refund.created|refund.settled|payout.paid|dispute.opened|dispute.won|dispute.lost|subscription.renewed|subscription.cancelled
N1801,641,payment.authorized|payment.captured|payment.failed|refund.created|refund.settled|payout.paid|dispute.opened|dispute.won|dispute.lost|subscription.renewed|subscription.cancelled
N1802,641,payment.authorized|payment.captured|payment.failed|refund.created|refund.settled|payout.paid|dispute.opened|dispute.won|dispute.lost|subscription.renewed|subscription.cancelled
N1803,641,payment.authorized|payment.captured|payment.failed|refund.created|refund.settled|payout.paid|dispute.opened|dispute.won|dispute.lost|subscription.renewed|subscription.cancelled
N1804,641,payment.authorized|payment.captured|payment.failed|refund.created|refund.settled|payout.paid|dispute.opened|dispute.won|dispute.lost|subscription.renewed|subscription.cancelled
N1805,641,payment.authorized|payment.captured|payment.failed|refund.created|refund.settled|payout.paid|dispute.opened|dispute.won|dispute.lost|subscription.renewed|subscription.cancelled
N1806,641,payment.authorized|payment.captured|payment.failed|refund.created|refund.settled|payout.paid|dispute.opened|dispute.won|dispute.lost|subscription.renewed|subscription.cancelled
N1807,641,payment.authorized|payment.captured|payment.failed|refund.created|refund.settled|payout.paid|dispute.opened|dispute.won|dispute.lost|subscription.renewed|subscription.cancelled
N1808,641,payment.authorized|payment.captured|payment.failed|refund.created|refund.settled|payout.paid|dispute.opened|dispute.won|dispute.lost|subscription.renewed|subscription.cancelled
N1809,641,payment.authorized|payment.captured|payment.failed|refund.created|refund.settled|payout.paid|dispute.opened|dispute.won|dispute.lost|subscription.renewed|subscription.cancelled
N1810,640,payment.authorized|dispute.opened
N1810,641,payment.authorized|payment.captured|payment.failed|refund.created|refund.settled|payout.paid|dispute.opened|dispute.won|dispute.lost|subscription.renewed|subscription.cancelled
N1811,641,payment.authorized|payment.captured|payment.failed|refund.created|refund.settled|payout.paid|dispute.opened|dispute.won|dispute.lost|subscription.renewed|subscription.cancelled
N1812,641,payment.authorized|payment.captured|payment.failed|refund.created|refund.settled|payout.paid|dispute.opened|dispute.won|dispute.lost|subscription.renewed|subscription.cancelled
N1813,641,payment.authorized|payment.captured|payment.failed|refund.created|refund.settled|payout.paid|dispute.opened|dispute.won|dispute.lost|subscription.renewed|subscription.cancelled
N1814,641,payment.authorized|payment.captured|payment.failed|refund.created|refund.settled|payout.paid|dispute.opened|dispute.won|dispute.lost|subscription.renewed|subscription.cancelled
N1815,641,payment.authorized|payment.captured|payment.failed|refund.created|refund.settled|payout.paid|dispute.opened|dispute.won|dispute.lost|subscription.renewed|subscription.cancelled
N1816,641,payment.authorized|payment.captured|payment.failed|refund.created|refund.settled|payout.paid|dispute.opened|dispute.won|dispute.lost|subscription.renewed|subscription.cancelled
N1817,641,payment.authorized|payment.captured|payment.failed|refund.created|refund.settled|payout.paid|dispute.opened|dispute.won|dispute.lost|subscription.renewed|subscription.cancelled
N1818,641,payment.authorized|payment.captured|payment.failed|refund.created|refund.settled|payout.paid|dispute.opened|dispute.won|dispute.lost|subscription.renewed|subscription.cancelled
N1819,641,payment.authorized|payment.captured|payment.failed|refund.created|refund.settled|payout.paid|dispute.opened|dispute.won|dispute.lost|subscription.renewed|subscription.cancelled
N1820,641,payment.authorized|payment.captured|payment.failed|refund.created|refund.settled|payout.paid|dispute.opened|dispute.won|dispute.lost|subscription.renewed|subscription.cancelled
N1821,640,payment.authorized|dispute.opened
N1821,641,payment.authorized|payment.captured|payment.failed|refund.created|refund.settled|payout.paid|dispute.opened|dispute.won|dispute.lost|subscription.renewed|subscription.cancelled
N1822,641,payment.authorized|payment.captured|payment.failed|refund.created|refund.settled|payout.paid|dispute.opened|dispute.won|dispute.lost|subscription.renewed|subscription.cancelled
N1823,641,payment.authorized|payment.captured|payment.failed|refund.created|refund.settled|payout.paid|dispute.opened|dispute.won|dispute.lost|subscription.renewed|subscription.cancelled
N1824,641,payment.authorized|payment.captured|payment.failed|refund.created|refund.settled|payout.paid|dispute.opened|dispute.won|dispute.lost|subscription.renewed|subscription.cancelled
N1825,641,payment.authorized|payment.captured|payment.failed|refund.created|refund.settled|payout.paid|dispute.opened|dispute.won|dispute.lost|subscription.renewed|subscription.cancelled
N1826,641,payment.authorized|payment.captured|payment.failed|refund.created|refund.settled|payout.paid|dispute.opened|dispute.won|dispute.lost|subscription.renewed|subscription.cancelled
N1827,641,payment.authorized|payment.captured|payment.failed|refund.created|refund.settled|payout.paid|dispute.opened|dispute.won|dispute.lost|subscription.renewed|subscription.cancelled
N1828,641,payment.authorized|payment.captured|payment.failed|refund.created|refund.settled|payout.paid|dispute.opened|dispute.won|dispute.lost|subscription.renewed|subscription.cancelled
N1829,641,payment.authorized|payment.captured|payment.failed|refund.created|refund.settled|payout.paid|dispute.opened|dispute.won|dispute.lost|subscription.renewed|subscription.cancelled
N1830,640,payment.authorized|dispute.opened
N1830,641,payment.authorized|payment.captured|payment.failed|refund.created|refund.settled|payout.paid|dispute.opened|dispute.won|dispute.lost|subscription.renewed|subscription.cancelled
N1831,641,payment.authorized|payment.captured|payment.failed|refund.created|refund.settled|payout.paid|dispute.opened|dispute.won|dispute.lost|subscription.renewed|subscription.cancelled
N1832,641,payment.authorized|payment.captured|payment.failed|refund.created|refund.settled|payout.paid|dispute.opened|dispute.won|dispute.lost|subscription.renewed|subscription.cancelled
N1833,641,payment.authorized|payment.captured|payment.failed|refund.created|refund.settled|payout.paid|dispute.opened|dispute.won|dispute.lost|subscription.renewed|subscription.cancelled
N1834,641,payment.authorized|payment.captured|payment.failed|refund.created|refund.settled|payout.paid|dispute.opened|dispute.won|dispute.lost|subscription.renewed|subscription.cancelled
N1835,641,payment.authorized|payment.captured|payment.failed|refund.created|refund.settled|payout.paid|dispute.opened|dispute.won|dispute.lost|subscription.renewed|subscription.cancelled
N1836,641,payment.authorized|payment.captured|payment.failed|refund.created|refund.settled|payout.paid|dispute.opened|dispute.won|dispute.lost|subscription.renewed|subscription.cancelled
N1837,640,payment.authorized|dispute.opened
N1837,641,payment.authorized|payment.captured|payment.failed|refund.created|refund.settled|payout.paid|dispute.opened|dispute.won|dispute.lost|subscription.renewed|subscription.cancelled
N1838,641,payment.authorized|payment.captured|payment.failed|refund.created|refund.settled|payout.paid|dispute.opened|dispute.won|dispute.lost|subscription.renewed|subscription.cancelled
N1839,640,payment.authorized|dispute.opened
N1839,641,payment.authorized|payment.captured|payment.failed|refund.created|refund.settled|payout.paid|dispute.opened|dispute.won|dispute.lost|subscription.renewed|subscription.cancelled
N1840,641,payment.authorized|payment.captured|payment.failed|refund.created|refund.settled|payout.paid|dispute.opened|dispute.won|dispute.lost|subscription.renewed|subscription.cancelled
N1841,641,payment.authorized|payment.captured|payment.failed|refund.created|refund.settled|payout.paid|dispute.opened|dispute.won|dispute.lost|subscription.renewed|subscription.cancelled
N1842,641,payment.authorized|payment.captured|payment.failed|refund.created|refund.settled|payout.paid|dispute.opened|dispute.won|dispute.lost|subscription.renewed|subscription.cancelled
N1843,641,payment.authorized|payment.captured|payment.failed|refund.created|refund.settled|payout.paid|dispute.opened|dispute.won|dispute.lost|subscription.renewed|subscription.cancelled
N1844,641,payment.authorized|payment.captured|payment.failed|refund.created|refund.settled|payout.paid|dispute.opened|dispute.won|dispute.lost|subscription.renewed|subscription.cancelled
N1845,640,payment.authorized|dispute.opened
N1845,641,payment.authorized|payment.captured|payment.failed|refund.created|refund.settled|payout.paid|dispute.opened|dispute.won|dispute.lost|subscription.renewed|subscription.cancelled
N1846,641,payment.authorized|payment.captured|payment.failed|refund.created|refund.settled|payout.paid|dispute.opened|dispute.won|dispute.lost|subscription.renewed|subscription.cancelled
N1847,641,payment.authorized|payment.captured|payment.failed|refund.created|refund.settled|payout.paid|dispute.opened|dispute.won|dispute.lost|subscription.renewed|subscription.cancelled
N1848,641,payment.authorized|payment.captured|payment.failed|refund.created|refund.settled|payout.paid|dispute.opened|dispute.won|dispute.lost|subscription.renewed|subscription.cancelled
N1849,641,payment.authorized|payment.captured|payment.failed|refund.created|refund.settled|payout.paid|dispute.opened|dispute.won|dispute.lost|subscription.renewed|subscription.cancelled
N1850,640,payment.authorized|dispute.opened
N1850,641,payment.authorized|payment.captured|payment.failed|refund.created|refund.settled|payout.paid|dispute.opened|dispute.won|dispute.lost|subscription.renewed|subscription.cancelled
N1851,641,payment.authorized|payment.captured|payment.failed|refund.created|refund.settled|payout.paid|dispute.opened|dispute.won|dispute.lost|subscription.renewed|subscription.cancelled
N1852,641,payment.authorized|payment.captured|payment.failed|refund.created|refund.settled|payout.paid|dispute.opened|dispute.won|dispute.lost|subscription.renewed|subscription.cancelled
N1853,641,payment.authorized|payment.captured|payment.failed|refund.created|refund.settled|payout.paid|dispute.opened|dispute.won|dispute.lost|subscription.renewed|subscription.cancelled
N1854,641,payment.authorized|payment.captured|payment.failed|refund.created|refund.settled|payout.paid|dispute.opened|dispute.won|dispute.lost|subscription.renewed|subscription.cancelled
N1855,641,payment.authorized|payment.captured|payment.failed|refund.created|refund.settled|payout.paid|dispute.opened|dispute.won|dispute.lost|subscription.renewed|subscription.cancelled
N1856,641,payment.authorized|payment.captured|payment.failed|refund.created|refund.settled|payout.paid|dispute.opened|dispute.won|dispute.lost|subscription.renewed|subscription.cancelled
N1857,640,payment.authorized|dispute.opened
N1857,641,payment.authorized|payment.captured|payment.failed|refund.created|refund.settled|payout.paid|dispute.opened|dispute.won|dispute.lost|subscription.renewed|subscription.cancelled
N1858,641,payment.authorized|payment.captured|payment.failed|refund.created|refund.settled|payout.paid|dispute.opened|dispute.won|dispute.lost|subscription.renewed|subscription.cancelled
N1859,641,payment.authorized|payment.captured|payment.failed|refund.created|refund.settled|payout.paid|dispute.opened|dispute.won|dispute.lost|subscription.renewed|subscription.cancelled
N1860,641,payment.authorized|payment.captured|payment.failed|refund.created|refund.settled|payout.paid|dispute.opened|dispute.won|dispute.lost|subscription.renewed|subscription.cancelled
N1861,641,payment.authorized|payment.captured|payment.failed|refund.created|refund.settled|payout.paid|dispute.opened|dispute.won|dispute.lost|subscription.renewed|subscription.cancelled
N1862,641,payment.authorized|payment.captured|payment.failed|refund.created|refund.settled|payout.paid|dispute.opened|dispute.won|dispute.lost|subscription.renewed|subscription.cancelled
N1863,641,payment.authorized|payment.captured|payment.failed|refund.created|refund.settled|payout.paid|dispute.opened|dispute.won|dispute.lost|subscription.renewed|subscription.cancelled
N1864,641,payment.authorized|payment.captured|payment.failed|refund.created|refund.settled|payout.paid|dispute.opened|dispute.won|dispute.lost|subscription.renewed|subscription.cancelled
N1865,641,payment.authorized|payment.captured|payment.failed|refund.created|refund.settled|payout.paid|dispute.opened|dispute.won|dispute.lost|subscription.renewed|subscription.cancelled
N1866,641,payment.authorized|payment.captured|payment.failed|refund.created|refund.settled|payout.paid|dispute.opened|dispute.won|dispute.lost|subscription.renewed|subscription.cancelled
N1867,641,payment.authorized|payment.captured|payment.failed|refund.created|refund.settled|payout.paid|dispute.opened|dispute.won|dispute.lost|subscription.renewed|subscription.cancelled
N1868,641,payment.authorized|payment.captured|payment.failed|refund.created|refund.settled|payout.paid|dispute.opened|dispute.won|dispute.lost|subscription.renewed|subscription.cancelled
N1869,641,payment.authorized|payment.captured|payment.failed|refund.created|refund.settled|payout.paid|dispute.opened|dispute.won|dispute.lost|subscription.renewed|subscription.cancelled
N1870,641,payment.authorized|payment.captured|payment.failed|refund.created|refund.settled|payout.paid|dispute.opened|dispute.won|dispute.lost|subscription.renewed|subscription.cancelled
N1871,641,payment.authorized|payment.captured|payment.failed|refund.created|refund.settled|payout.paid|dispute.opened|dispute.won|dispute.lost|subscription.renewed|subscription.cancelled
N1872,641,payment.authorized|payment.captured|payment.failed|refund.created|refund.settled|payout.paid|dispute.opened|dispute.won|dispute.lost|subscription.renewed|subscription.cancelled
N1873,641,payment.authorized|payment.captured|payment.failed|refund.created|refund.settled|payout.paid|dispute.opened|dispute.won|dispute.lost|subscription.renewed|subscription.cancelled
N1874,641,payment.authorized|payment.captured|payment.failed|refund.created|refund.settled|payout.paid|dispute.opened|dispute.won|dispute.lost|subscription.renewed|subscription.cancelled
N1875,641,payment.authorized|payment.captured|payment.failed|refund.created|refund.settled|payout.paid|dispute.opened|dispute.won|dispute.lost|subscription.renewed|subscription.cancelled
N1876,641,payment.authorized|payment.captured|payment.failed|refund.created|refund.settled|payout.paid|dispute.opened|dispute.won|dispute.lost|subscription.renewed|subscription.cancelled
N1877,641,payment.authorized|payment.captured|payment.failed|refund.created|refund.settled|payout.paid|dispute.opened|dispute.won|dispute.lost|subscription.renewed|subscription.cancelled
N1878,641,payment.authorized|payment.captured|payment.failed|refund.created|refund.settled|payout.paid|dispute.opened|dispute.won|dispute.lost|subscription.renewed|subscription.cancelled
N1879,641,payment.authorized|payment.captured|payment.failed|refund.created|refund.settled|payout.paid|dispute.opened|dispute.won|dispute.lost|subscription.renewed|subscription.cancelled
N1880,641,payment.authorized|payment.captured|payment.failed|refund.created|refund.settled|payout.paid|dispute.opened|dispute.won|dispute.lost|subscription.renewed|subscription.cancelled
N1881,641,payment.authorized|payment.captured|payment.failed|refund.created|refund.settled|payout.paid|dispute.opened|dispute.won|dispute.lost|subscription.renewed|subscription.cancelled
N1882,641,payment.authorized|payment.captured|payment.failed|refund.created|refund.settled|payout.paid|dispute.opened|dispute.won|dispute.lost|subscription.renewed|subscription.cancelled
N1883,641,payment.authorized|payment.captured|payment.failed|refund.created|refund.settled|payout.paid|dispute.opened|dispute.won|dispute.lost|subscription.renewed|subscription.cancelled
N1884,641,payment.authorized|payment.captured|payment.failed|refund.created|refund.settled|payout.paid|dispute.opened|dispute.won|dispute.lost|subscription.renewed|subscription.cancelled
N1885,641,payment.authorized|payment.captured|payment.failed|refund.created|refund.settled|payout.paid|dispute.opened|dispute.won|dispute.lost|subscription.renewed|subscription.cancelled
N1886,641,payment.authorized|payment.captured|payment.failed|refund.created|refund.settled|payout.paid|dispute.opened|dispute.won|dispute.lost|subscription.renewed|subscription.cancelled
N1887,641,payment.authorized|payment.captured|payment.failed|refund.created|refund.settled|payout.paid|dispute.opened|dispute.won|dispute.lost|subscription.renewed|subscription.cancelled
N1888,641,payment.authorized|payment.captured|payment.failed|refund.created|refund.settled|payout.paid|dispute.opened|dispute.won|dispute.lost|subscription.renewed|subscription.cancelled
N1889,641,payment.authorized|payment.captured|payment.failed|refund.created|refund.settled|payout.paid|dispute.opened|dispute.won|dispute.lost|subscription.renewed|subscription.cancelled
N1890,641,payment.authorized|payment.captured|payment.failed|refund.created|refund.settled|payout.paid|dispute.opened|dispute.won|dispute.lost|subscription.renewed|subscription.cancelled
N1891,641,payment.authorized|payment.captured|payment.failed|refund.created|refund.settled|payout.paid|dispute.opened|dispute.won|dispute.lost|subscription.renewed|subscription.cancelled
N1892,641,payment.authorized|payment.captured|payment.failed|refund.created|refund.settled|payout.paid|dispute.opened|dispute.won|dispute.lost|subscription.renewed|subscription.cancelled
N1893,641,payment.authorized|payment.captured|payment.failed|refund.created|refund.settled|payout.paid|dispute.opened|dispute.won|dispute.lost|subscription.renewed|subscription.cancelled
N1894,641,payment.authorized|payment.captured|payment.failed|refund.created|refund.settled|payout.paid|dispute.opened|dispute.won|dispute.lost|subscription.renewed|subscription.cancelled
N1895,641,payment.authorized|payment.captured|payment.failed|refund.created|refund.settled|payout.paid|dispute.opened|dispute.won|dispute.lost|subscription.renewed|subscription.cancelled
N1896,641,payment.authorized|payment.captured|payment.failed|refund.created|refund.settled|payout.paid|dispute.opened|dispute.won|dispute.lost|subscription.renewed|subscription.cancelled
N1897,641,payment.authorized|payment.captured|payment.failed|refund.created|refund.settled|payout.paid|dispute.opened|dispute.won|dispute.lost|subscription.renewed|subscription.cancelled
N1898,641,payment.authorized|payment.captured|payment.failed|refund.created|refund.settled|payout.paid|dispute.opened|dispute.won|dispute.lost|subscription.renewed|subscription.cancelled
N1899,641,payment.authorized|payment.captured|payment.failed|refund.created|refund.settled|payout.paid|dispute.opened|dispute.won|dispute.lost|subscription.renewed|subscription.cancelled
N1900,641,payment.authorized|payment.captured|payment.failed|refund.created|refund.settled|payout.paid|dispute.opened|dispute.won|dispute.lost|subscription.renewed|subscription.cancelled
N1901,641,payment.authorized|payment.captured|payment.failed|refund.created|refund.settled|payout.paid|dispute.opened|dispute.won|dispute.lost|subscription.renewed|subscription.cancelled
N1902,641,payment.authorized|payment.captured|payment.failed|refund.created|refund.settled|payout.paid|dispute.opened|dispute.won|dispute.lost|subscription.renewed|subscription.cancelled
N1903,641,payment.authorized|payment.captured|payment.failed|refund.created|refund.settled|payout.paid|dispute.opened|dispute.won|dispute.lost|subscription.renewed|subscription.cancelled
N1904,641,payment.authorized|payment.captured|payment.failed|refund.created|refund.settled|payout.paid|dispute.opened|dispute.won|dispute.lost|subscription.renewed|subscription.cancelled
N1905,641,payment.authorized|payment.captured|payment.failed|refund.created|refund.settled|payout.paid|dispute.opened|dispute.won|dispute.lost|subscription.renewed|subscription.cancelled
N1906,641,payment.authorized|payment.captured|payment.failed|refund.created|refund.settled|payout.paid|dispute.opened|dispute.won|dispute.lost|subscription.renewed|subscription.cancelled
N1907,641,payment.authorized|payment.captured|payment.failed|refund.created|refund.settled|payout.paid|dispute.opened|dispute.won|dispute.lost|subscription.renewed|subscription.cancelled
N1908,641,payment.authorized|payment.captured|payment.failed|refund.created|refund.settled|payout.paid|dispute.opened|dispute.won|dispute.lost|subscription.renewed|subscription.cancelled
N1909,641,payment.authorized|payment.captured|payment.failed|refund.created|refund.settled|payout.paid|dispute.opened|dispute.won|dispute.lost|subscription.renewed|subscription.cancelled
N1910,641,payment.authorized|payment.captured|payment.failed|refund.created|refund.settled|payout.paid|dispute.opened|dispute.won|dispute.lost|subscription.renewed|subscription.cancelled
N1911,641,payment.authorized|payment.captured|payment.failed|refund.created|refund.settled|payout.paid|dispute.opened|dispute.won|dispute.lost|subscription.renewed|subscription.cancelled
N1912,641,payment.authorized|payment.captured|payment.failed|refund.created|refund.settled|payout.paid|dispute.opened|dispute.won|dispute.lost|subscription.renewed|subscription.cancelled
N1913,641,payment.authorized|payment.captured|payment.failed|refund.created|refund.settled|payout.paid|dispute.opened|dispute.won|dispute.lost|subscription.renewed|subscription.cancelled
N1914,641,payment.authorized|payment.captured|payment.failed|refund.created|refund.settled|payout.paid|dispute.opened|dispute.won|dispute.lost|subscription.renewed|subscription.cancelled
N1915,640,payment.authorized|dispute.opened
N1915,641,payment.authorized|payment.captured|payment.failed|refund.created|refund.settled|payout.paid|dispute.opened|dispute.won|dispute.lost|subscription.renewed|subscription.cancelled
N1916,641,payment.authorized|payment.captured|payment.failed|refund.created|refund.settled|payout.paid|dispute.opened|dispute.won|dispute.lost|subscription.renewed|subscription.cancelled
N1917,641,payment.authorized|payment.captured|payment.failed|refund.created|refund.settled|payout.paid|dispute.opened|dispute.won|dispute.lost|subscription.renewed|subscription.cancelled
N1918,641,payment.authorized|payment.captured|payment.failed|refund.created|refund.settled|payout.paid|dispute.opened|dispute.won|dispute.lost|subscription.renewed|subscription.cancelled
N1919,641,payment.authorized|payment.captured|payment.failed|refund.created|refund.settled|payout.paid|dispute.opened|dispute.won|dispute.lost|subscription.renewed|subscription.cancelled
N1920,641,payment.authorized|payment.captured|payment.failed|refund.created|refund.settled|payout.paid|dispute.opened|dispute.won|dispute.lost|subscription.renewed|subscription.cancelled
N1921,641,payment.authorized|payment.captured|payment.failed|refund.created|refund.settled|payout.paid|dispute.opened|dispute.won|dispute.lost|subscription.renewed|subscription.cancelled
N1922,641,payment.authorized|payment.captured|payment.failed|refund.created|refund.settled|payout.paid|dispute.opened|dispute.won|dispute.lost|subscription.renewed|subscription.cancelled
N1923,641,payment.authorized|payment.captured|payment.failed|refund.created|refund.settled|payout.paid|dispute.opened|dispute.won|dispute.lost|subscription.renewed|subscription.cancelled
N1924,641,payment.authorized|payment.captured|payment.failed|refund.created|refund.settled|payout.paid|dispute.opened|dispute.won|dispute.lost|subscription.renewed|subscription.cancelled
N1925,641,payment.authorized|payment.captured|payment.failed|refund.created|refund.settled|payout.paid|dispute.opened|dispute.won|dispute.lost|subscription.renewed|subscription.cancelled
N1926,641,payment.authorized|payment.captured|payment.failed|refund.created|refund.settled|payout.paid|dispute.opened|dispute.won|dispute.lost|subscription.renewed|subscription.cancelled
N1927,641,payment.authorized|payment.captured|payment.failed|refund.created|refund.settled|payout.paid|dispute.opened|dispute.won|dispute.lost|subscription.renewed|subscription.cancelled
N1928,641,payment.authorized|payment.captured|payment.failed|refund.created|refund.settled|payout.paid|dispute.opened|dispute.won|dispute.lost|subscription.renewed|subscription.cancelled
N1929,641,payment.authorized|payment.captured|payment.failed|refund.created|refund.settled|payout.paid|dispute.opened|dispute.won|dispute.lost|subscription.renewed|subscription.cancelled
N1930,641,payment.authorized|payment.captured|payment.failed|refund.created|refund.settled|payout.paid|dispute.opened|dispute.won|dispute.lost|subscription.renewed|subscription.cancelled
N1931,641,payment.authorized|payment.captured|payment.failed|refund.created|refund.settled|payout.paid|dispute.opened|dispute.won|dispute.lost|subscription.renewed|subscription.cancelled
N1932,641,payment.authorized|payment.captured|payment.failed|refund.created|refund.settled|payout.paid|dispute.opened|dispute.won|dispute.lost|subscription.renewed|subscription.cancelled
N1933,641,payment.authorized|payment.captured|payment.failed|refund.created|refund.settled|payout.paid|dispute.opened|dispute.won|dispute.lost|subscription.renewed|subscription.cancelled
N1934,641,payment.authorized|payment.captured|payment.failed|refund.created|refund.settled|payout.paid|dispute.opened|dispute.won|dispute.lost|subscription.renewed|subscription.cancelled
N1935,641,payment.authorized|payment.captured|payment.failed|refund.created|refund.settled|payout.paid|dispute.opened|dispute.won|dispute.lost|subscription.renewed|subscription.cancelled
N1936,641,payment.authorized|payment.captured|payment.failed|refund.created|refund.settled|payout.paid|dispute.opened|dispute.won|dispute.lost|subscription.renewed|subscription.cancelled
N1937,641,payment.authorized|payment.captured|payment.failed|refund.created|refund.settled|payout.paid|dispute.opened|dispute.won|dispute.lost|subscription.renewed|subscription.cancelled
N1938,641,payment.authorized|payment.captured|payment.failed|refund.created|refund.settled|payout.paid|dispute.opened|dispute.won|dispute.lost|subscription.renewed|subscription.cancelled
N1939,641,payment.authorized|payment.captured|payment.failed|refund.created|refund.settled|payout.paid|dispute.opened|dispute.won|dispute.lost|subscription.renewed|subscription.cancelled
N1940,641,payment.authorized|payment.captured|payment.failed|refund.created|refund.settled|payout.paid|dispute.opened|dispute.won|dispute.lost|subscription.renewed|subscription.cancelled
N1941,641,payment.authorized|payment.captured|payment.failed|refund.created|refund.settled|payout.paid|dispute.opened|dispute.won|dispute.lost|subscription.renewed|subscription.cancelled
N1942,641,payment.authorized|payment.captured|payment.failed|refund.created|refund.settled|payout.paid|dispute.opened|dispute.won|dispute.lost|subscription.renewed|subscription.cancelled
N1943,641,payment.authorized|payment.captured|payment.failed|refund.created|refund.settled|payout.paid|dispute.opened|dispute.won|dispute.lost|subscription.renewed|subscription.cancelled
N1944,641,payment.authorized|payment.captured|payment.failed|refund.created|refund.settled|payout.paid|dispute.opened|dispute.won|dispute.lost|subscription.renewed|subscription.cancelled
N1945,641,payment.authorized|payment.captured|payment.failed|refund.created|refund.settled|payout.paid|dispute.opened|dispute.won|dispute.lost|subscription.renewed|subscription.cancelled
N1946,641,payment.authorized|payment.captured|payment.failed|refund.created|refund.settled|payout.paid|dispute.opened|dispute.won|dispute.lost|subscription.renewed|subscription.cancelled
N1947,641,payment.authorized|payment.captured|payment.failed|refund.created|refund.settled|payout.paid|dispute.opened|dispute.won|dispute.lost|subscription.renewed|subscription.cancelled
N1948,641,payment.authorized|payment.captured|payment.failed|refund.created|refund.settled|payout.paid|dispute.opened|dispute.won|dispute.lost|subscription.renewed|subscription.cancelled
N1949,641,payment.authorized|payment.captured|payment.failed|refund.created|refund.settled|payout.paid|dispute.opened|dispute.won|dispute.lost|subscription.renewed|subscription.cancelled
N1950,641,payment.authorized|payment.captured|payment.failed|refund.created|refund.settled|payout.paid|dispute.opened|dispute.won|dispute.lost|subscription.renewed|subscription.cancelled
N1951,641,payment.authorized|payment.captured|payment.failed|refund.created|refund.settled|payout.paid|dispute.opened|dispute.won|dispute.lost|subscription.renewed|subscription.cancelled
N1952,641,payment.authorized|payment.captured|payment.failed|refund.created|refund.settled|payout.paid|dispute.opened|dispute.won|dispute.lost|subscription.renewed|subscription.cancelled
N1953,641,payment.authorized|payment.captured|payment.failed|refund.created|refund.settled|payout.paid|dispute.opened|dispute.won|dispute.lost|subscription.renewed|subscription.cancelled
N1954,641,payment.authorized|payment.captured|payment.failed|refund.created|refund.settled|payout.paid|dispute.opened|dispute.won|dispute.lost|subscription.renewed|subscription.cancelled
N1955,641,payment.authorized|payment.captured|payment.failed|refund.created|refund.settled|payout.paid|dispute.opened|dispute.won|dispute.lost|subscription.renewed|subscription.cancelled
N1956,641,payment.authorized|payment.captured|payment.failed|refund.created|refund.settled|payout.paid|dispute.opened|dispute.won|dispute.lost|subscription.renewed|subscription.cancelled
N1957,641,payment.authorized|payment.captured|payment.failed|refund.created|refund.settled|payout.paid|dispute.opened|dispute.won|dispute.lost|subscription.renewed|subscription.cancelled
N1958,641,payment.authorized|payment.captured|payment.failed|refund.created|refund.settled|payout.paid|dispute.opened|dispute.won|dispute.lost|subscription.renewed|subscription.cancelled
N1959,641,payment.authorized|payment.captured|payment.failed|refund.created|refund.settled|payout.paid|dispute.opened|dispute.won|dispute.lost|subscription.renewed|subscription.cancelled
N1960,641,payment.authorized|payment.captured|payment.failed|refund.created|refund.settled|payout.paid|dispute.opened|dispute.won|dispute.lost|subscription.renewed|subscription.cancelled
N1961,641,payment.authorized|payment.captured|payment.failed|refund.created|refund.settled|payout.paid|dispute.opened|dispute.won|dispute.lost|subscription.renewed|subscription.cancelled
N1962,641,payment.authorized|payment.captured|payment.failed|refund.created|refund.settled|payout.paid|dispute.opened|dispute.won|dispute.lost|subscription.renewed|subscription.cancelled
N1963,641,payment.authorized|payment.captured|payment.failed|refund.created|refund.settled|payout.paid|dispute.opened|dispute.won|dispute.lost|subscription.renewed|subscription.cancelled
N1964,641,payment.authorized|payment.captured|payment.failed|refund.created|refund.settled|payout.paid|dispute.opened|dispute.won|dispute.lost|subscription.renewed|subscription.cancelled
N1965,641,payment.authorized|payment.captured|payment.failed|refund.created|refund.settled|payout.paid|dispute.opened|dispute.won|dispute.lost|subscription.renewed|subscription.cancelled
N1966,641,payment.authorized|payment.captured|payment.failed|refund.created|refund.settled|payout.paid|dispute.opened|dispute.won|dispute.lost|subscription.renewed|subscription.cancelled
N1967,641,payment.authorized|payment.captured|payment.failed|refund.created|refund.settled|payout.paid|dispute.opened|dispute.won|dispute.lost|subscription.renewed|subscription.cancelled
N1968,641,payment.authorized|payment.captured|payment.failed|refund.created|refund.settled|payout.paid|dispute.opened|dispute.won|dispute.lost|subscription.renewed|subscription.cancelled
N1969,641,payment.authorized|payment.captured|payment.failed|refund.created|refund.settled|payout.paid|dispute.opened|dispute.won|dispute.lost|subscription.renewed|subscription.cancelled
N1970,641,payment.authorized|payment.captured|payment.failed|refund.created|refund.settled|payout.paid|dispute.opened|dispute.won|dispute.lost|subscription.renewed|subscription.cancelled
N1971,641,payment.authorized|payment.captured|payment.failed|refund.created|refund.settled|payout.paid|dispute.opened|dispute.won|dispute.lost|subscription.renewed|subscription.cancelled
N1972,641,payment.authorized|payment.captured|payment.failed|refund.created|refund.settled|payout.paid|dispute.opened|dispute.won|dispute.lost|subscription.renewed|subscription.cancelled
N1973,641,payment.authorized|payment.captured|payment.failed|refund.created|refund.settled|payout.paid|dispute.opened|dispute.won|dispute.lost|subscription.renewed|subscription.cancelled
N1974,641,payment.authorized|payment.captured|payment.failed|refund.created|refund.settled|payout.paid|dispute.opened|dispute.won|dispute.lost|subscription.renewed|subscription.cancelled
N1975,641,payment.authorized|payment.captured|payment.failed|refund.created|refund.settled|payout.paid|dispute.opened|dispute.won|dispute.lost|subscription.renewed|subscription.cancelled
N1976,641,payment.authorized|payment.captured|payment.failed|refund.created|refund.settled|payout.paid|dispute.opened|dispute.won|dispute.lost|subscription.renewed|subscription.cancelled
N1977,641,payment.authorized|payment.captured|payment.failed|refund.created|refund.settled|payout.paid|dispute.opened|dispute.won|dispute.lost|subscription.renewed|subscription.cancelled
N1978,641,payment.authorized|payment.captured|payment.failed|refund.created|refund.settled|payout.paid|dispute.opened|dispute.won|dispute.lost|subscription.renewed|subscription.cancelled
N1979,641,payment.authorized|payment.captured|payment.failed|refund.created|refund.settled|payout.paid|dispute.opened|dispute.won|dispute.lost|subscription.renewed|subscription.cancelled
N1980,641,payment.authorized|payment.captured|payment.failed|refund.created|refund.settled|payout.paid|dispute.opened|dispute.won|dispute.lost|subscription.renewed|subscription.cancelled
N1981,641,payment.authorized|payment.captured|payment.failed|refund.created|refund.settled|payout.paid|dispute.opened|dispute.won|dispute.lost|subscription.renewed|subscription.cancelled
N1982,641,payment.authorized|payment.captured|payment.failed|refund.created|refund.settled|payout.paid|dispute.opened|dispute.won|dispute.lost|subscription.renewed|subscription.cancelled
N1983,641,payment.authorized|payment.captured|payment.failed|refund.created|refund.settled|payout.paid|dispute.opened|dispute.won|dispute.lost|subscription.renewed|subscription.cancelled
N1984,640,payment.authorized|dispute.opened
N1984,641,payment.authorized|payment.captured|payment.failed|refund.created|refund.settled|payout.paid|dispute.opened|dispute.won|dispute.lost|subscription.renewed|subscription.cancelled
N1985,641,payment.authorized|payment.captured|payment.failed|refund.created|refund.settled|payout.paid|dispute.opened|dispute.won|dispute.lost|subscription.renewed|subscription.cancelled
N1986,641,payment.authorized|payment.captured|payment.failed|refund.created|refund.settled|payout.paid|dispute.opened|dispute.won|dispute.lost|subscription.renewed|subscription.cancelled
N1987,641,payment.authorized|payment.captured|payment.failed|refund.created|refund.settled|payout.paid|dispute.opened|dispute.won|dispute.lost|subscription.renewed|subscription.cancelled
N1988,641,payment.authorized|payment.captured|payment.failed|refund.created|refund.settled|payout.paid|dispute.opened|dispute.won|dispute.lost|subscription.renewed|subscription.cancelled
N1989,641,payment.authorized|payment.captured|payment.failed|refund.created|refund.settled|payout.paid|dispute.opened|dispute.won|dispute.lost|subscription.renewed|subscription.cancelled
N1990,641,payment.authorized|payment.captured|payment.failed|refund.created|refund.settled|payout.paid|dispute.opened|dispute.won|dispute.lost|subscription.renewed|subscription.cancelled
N1991,641,payment.authorized|payment.captured|payment.failed|refund.created|refund.settled|payout.paid|dispute.opened|dispute.won|dispute.lost|subscription.renewed|subscription.cancelled
N1992,640,payment.authorized|dispute.opened
N1992,641,payment.authorized|payment.captured|payment.failed|refund.created|refund.settled|payout.paid|dispute.opened|dispute.won|dispute.lost|subscription.renewed|subscription.cancelled
N1993,641,payment.authorized|payment.captured|payment.failed|refund.created|refund.settled|payout.paid|dispute.opened|dispute.won|dispute.lost|subscription.renewed|subscription.cancelled
N1994,641,payment.authorized|payment.captured|payment.failed|refund.created|refund.settled|payout.paid|dispute.opened|dispute.won|dispute.lost|subscription.renewed|subscription.cancelled
N1995,641,payment.authorized|payment.captured|payment.failed|refund.created|refund.settled|payout.paid|dispute.opened|dispute.won|dispute.lost|subscription.renewed|subscription.cancelled
N1996,641,payment.authorized|payment.captured|payment.failed|refund.created|refund.settled|payout.paid|dispute.opened|dispute.won|dispute.lost|subscription.renewed|subscription.cancelled
N1997,641,payment.authorized|payment.captured|payment.failed|refund.created|refund.settled|payout.paid|dispute.opened|dispute.won|dispute.lost|subscription.renewed|subscription.cancelled
N1998,641,payment.authorized|payment.captured|payment.failed|refund.created|refund.settled|payout.paid|dispute.opened|dispute.won|dispute.lost|subscription.renewed|subscription.cancelled
N1999,641,payment.authorized|payment.captured|payment.failed|refund.created|refund.settled|payout.paid|dispute.opened|dispute.won|dispute.lost|subscription.renewed|subscription.cancelled
N2000,641,payment.authorized|payment.captured|payment.failed|refund.created|refund.settled|payout.paid|dispute.opened|dispute.won|dispute.lost|subscription.renewed|subscription.cancelled
N2001,641,payment.authorized|payment.captured|payment.failed|refund.created|refund.settled|payout.paid|dispute.opened|dispute.won|dispute.lost|subscription.renewed|subscription.cancelled
N2002,641,payment.authorized|payment.captured|payment.failed|refund.created|refund.settled|payout.paid|dispute.opened|dispute.won|dispute.lost|subscription.renewed|subscription.cancelled
N2003,641,payment.authorized|payment.captured|payment.failed|refund.created|refund.settled|payout.paid|dispute.opened|dispute.won|dispute.lost|subscription.renewed|subscription.cancelled
N2004,641,payment.authorized|payment.captured|payment.failed|refund.created|refund.settled|payout.paid|dispute.opened|dispute.won|dispute.lost|subscription.renewed|subscription.cancelled
N2005,641,payment.authorized|payment.captured|payment.failed|refund.created|refund.settled|payout.paid|dispute.opened|dispute.won|dispute.lost|subscription.renewed|subscription.cancelled
N2006,641,payment.authorized|payment.captured|payment.failed|refund.created|refund.settled|payout.paid|dispute.opened|dispute.won|dispute.lost|subscription.renewed|subscription.cancelled
N2007,641,payment.authorized|payment.captured|payment.failed|refund.created|refund.settled|payout.paid|dispute.opened|dispute.won|dispute.lost|subscription.renewed|subscription.cancelled
N2008,641,payment.authorized|payment.captured|payment.failed|refund.created|refund.settled|payout.paid|dispute.opened|dispute.won|dispute.lost|subscription.renewed|subscription.cancelled
N2009,641,payment.authorized|payment.captured|payment.failed|refund.created|refund.settled|payout.paid|dispute.opened|dispute.won|dispute.lost|subscription.renewed|subscription.cancelled
N2010,641,payment.authorized|payment.captured|payment.failed|refund.created|refund.settled|payout.paid|dispute.opened|dispute.won|dispute.lost|subscription.renewed|subscription.cancelled
N2011,641,payment.authorized|payment.captured|payment.failed|refund.created|refund.settled|payout.paid|dispute.opened|dispute.won|dispute.lost|subscription.renewed|subscription.cancelled
N2012,641,payment.authorized|payment.captured|payment.failed|refund.created|refund.settled|payout.paid|dispute.opened|dispute.won|dispute.lost|subscription.renewed|subscription.cancelled
N2013,641,payment.authorized|payment.captured|payment.failed|refund.created|refund.settled|payout.paid|dispute.opened|dispute.won|dispute.lost|subscription.renewed|subscription.cancelled
N2014,641,payment.authorized|payment.captured|payment.failed|refund.created|refund.settled|payout.paid|dispute.opened|dispute.won|dispute.lost|subscription.renewed|subscription.cancelled
N2015,641,payment.authorized|payment.captured|payment.failed|refund.created|refund.settled|payout.paid|dispute.opened|dispute.won|dispute.lost|subscription.renewed|subscription.cancelled
N2016,641,payment.authorized|payment.captured|payment.failed|refund.created|refund.settled|payout.paid|dispute.opened|dispute.won|dispute.lost|subscription.renewed|subscription.cancelled
N2017,641,payment.authorized|payment.captured|payment.failed|refund.created|refund.settled|payout.paid|dispute.opened|dispute.won|dispute.lost|subscription.renewed|subscription.cancelled
N2018,641,payment.authorized|payment.captured|payment.failed|refund.created|refund.settled|payout.paid|dispute.opened|dispute.won|dispute.lost|subscription.renewed|subscription.cancelled
N2019,641,payment.authorized|payment.captured|payment.failed|refund.created|refund.settled|payout.paid|dispute.opened|dispute.won|dispute.lost|subscription.renewed|subscription.cancelled
N2020,641,payment.authorized|payment.captured|payment.failed|refund.created|refund.settled|payout.paid|dispute.opened|dispute.won|dispute.lost|subscription.renewed|subscription.cancelled
N2021,641,payment.authorized|payment.captured|payment.failed|refund.created|refund.settled|payout.paid|dispute.opened|dispute.won|dispute.lost|subscription.renewed|subscription.cancelled
N2022,640,payment.authorized|dispute.opened
N2022,641,payment.authorized|payment.captured|payment.failed|refund.created|refund.settled|payout.paid|dispute.opened|dispute.won|dispute.lost|subscription.renewed|subscription.cancelled
N2023,641,payment.authorized|payment.captured|payment.failed|refund.created|refund.settled|payout.paid|dispute.opened|dispute.won|dispute.lost|subscription.renewed|subscription.cancelled
N2024,641,payment.authorized|payment.captured|payment.failed|refund.created|refund.settled|payout.paid|dispute.opened|dispute.won|dispute.lost|subscription.renewed|subscription.cancelled
N2025,641,payment.authorized|payment.captured|payment.failed|refund.created|refund.settled|payout.paid|dispute.opened|dispute.won|dispute.lost|subscription.renewed|subscription.cancelled
N2026,641,payment.authorized|payment.captured|payment.failed|refund.created|refund.settled|payout.paid|dispute.opened|dispute.won|dispute.lost|subscription.renewed|subscription.cancelled
N2027,641,payment.authorized|payment.captured|payment.failed|refund.created|refund.settled|payout.paid|dispute.opened|dispute.won|dispute.lost|subscription.renewed|subscription.cancelled
N2028,641,payment.authorized|payment.captured|payment.failed|refund.created|refund.settled|payout.paid|dispute.opened|dispute.won|dispute.lost|subscription.renewed|subscription.cancelled
N2029,641,payment.authorized|payment.captured|payment.failed|refund.created|refund.settled|payout.paid|dispute.opened|dispute.won|dispute.lost|subscription.renewed|subscription.cancelled
N2030,641,payment.authorized|payment.captured|payment.failed|refund.created|refund.settled|payout.paid|dispute.opened|dispute.won|dispute.lost|subscription.renewed|subscription.cancelled
N2031,641,payment.authorized|payment.captured|payment.failed|refund.created|refund.settled|payout.paid|dispute.opened|dispute.won|dispute.lost|subscription.renewed|subscription.cancelled
N2032,641,payment.authorized|payment.captured|payment.failed|refund.created|refund.settled|payout.paid|dispute.opened|dispute.won|dispute.lost|subscription.renewed|subscription.cancelled
N2033,641,payment.authorized|payment.captured|payment.failed|refund.created|refund.settled|payout.paid|dispute.opened|dispute.won|dispute.lost|subscription.renewed|subscription.cancelled
N2034,641,payment.authorized|payment.captured|payment.failed|refund.created|refund.settled|payout.paid|dispute.opened|dispute.won|dispute.lost|subscription.renewed|subscription.cancelled
N2035,641,payment.authorized|payment.captured|payment.failed|refund.created|refund.settled|payout.paid|dispute.opened|dispute.won|dispute.lost|subscription.renewed|subscription.cancelled
N2036,641,payment.authorized|payment.captured|payment.failed|refund.created|refund.settled|payout.paid|dispute.opened|dispute.won|dispute.lost|subscription.renewed|subscription.cancelled
N2037,641,payment.authorized|payment.captured|payment.failed|refund.created|refund.settled|payout.paid|dispute.opened|dispute.won|dispute.lost|subscription.renewed|subscription.cancelled
N2038,641,payment.authorized|payment.captured|payment.failed|refund.created|refund.settled|payout.paid|dispute.opened|dispute.won|dispute.lost|subscription.renewed|subscription.cancelled
N2039,641,payment.authorized|payment.captured|payment.failed|refund.created|refund.settled|payout.paid|dispute.opened|dispute.won|dispute.lost|subscription.renewed|subscription.cancelled
N2040,641,payment.authorized|payment.captured|payment.failed|refund.created|refund.settled|payout.paid|dispute.opened|dispute.won|dispute.lost|subscription.renewed|subscription.cancelled
N2041,641,payment.authorized|payment.captured|payment.failed|refund.created|refund.settled|payout.paid|dispute.opened|dispute.won|dispute.lost|subscription.renewed|subscription.cancelled
N2042,641,payment.authorized|payment.captured|payment.failed|refund.created|refund.settled|payout.paid|dispute.opened|dispute.won|dispute.lost|subscription.renewed|subscription.cancelled
N2043,641,payment.authorized|payment.captured|payment.failed|refund.created|refund.settled|payout.paid|dispute.opened|dispute.won|dispute.lost|subscription.renewed|subscription.cancelled
N2044,641,payment.authorized|payment.captured|payment.failed|refund.created|refund.settled|payout.paid|dispute.opened|dispute.won|dispute.lost|subscription.renewed|subscription.cancelled
N2045,640,payment.authorized|dispute.opened
N2045,641,payment.authorized|payment.captured|payment.failed|refund.created|refund.settled|payout.paid|dispute.opened|dispute.won|dispute.lost|subscription.renewed|subscription.cancelled
N2046,641,payment.authorized|payment.captured|payment.failed|refund.created|refund.settled|payout.paid|dispute.opened|dispute.won|dispute.lost|subscription.renewed|subscription.cancelled
N2047,641,payment.authorized|payment.captured|payment.failed|refund.created|refund.settled|payout.paid|dispute.opened|dispute.won|dispute.lost|subscription.renewed|subscription.cancelled
N2048,641,payment.authorized|payment.captured|payment.failed|refund.created|refund.settled|payout.paid|dispute.opened|dispute.won|dispute.lost|subscription.renewed|subscription.cancelled
N2049,641,payment.authorized|payment.captured|payment.failed|refund.created|refund.settled|payout.paid|dispute.opened|dispute.won|dispute.lost|subscription.renewed|subscription.cancelled
N2050,641,payment.authorized|payment.captured|payment.failed|refund.created|refund.settled|payout.paid|dispute.opened|dispute.won|dispute.lost|subscription.renewed|subscription.cancelled
N2051,641,payment.authorized|payment.captured|payment.failed|refund.created|refund.settled|payout.paid|dispute.opened|dispute.won|dispute.lost|subscription.renewed|subscription.cancelled
N2052,641,payment.authorized|payment.captured|payment.failed|refund.created|refund.settled|payout.paid|dispute.opened|dispute.won|dispute.lost|subscription.renewed|subscription.cancelled
N2053,641,payment.authorized|payment.captured|payment.failed|refund.created|refund.settled|payout.paid|dispute.opened|dispute.won|dispute.lost|subscription.renewed|subscription.cancelled
N2054,641,payment.authorized|payment.captured|payment.failed|refund.created|refund.settled|payout.paid|dispute.opened|dispute.won|dispute.lost|subscription.renewed|subscription.cancelled
N2055,641,payment.authorized|payment.captured|payment.failed|refund.created|refund.settled|payout.paid|dispute.opened|dispute.won|dispute.lost|subscription.renewed|subscription.cancelled
N2056,641,payment.authorized|payment.captured|payment.failed|refund.created|refund.settled|payout.paid|dispute.opened|dispute.won|dispute.lost|subscription.renewed|subscription.cancelled
N2057,641,payment.authorized|payment.captured|payment.failed|refund.created|refund.settled|payout.paid|dispute.opened|dispute.won|dispute.lost|subscription.renewed|subscription.cancelled
N2058,641,payment.authorized|payment.captured|payment.failed|refund.created|refund.settled|payout.paid|dispute.opened|dispute.won|dispute.lost|subscription.renewed|subscription.cancelled
N2059,641,payment.authorized|payment.captured|payment.failed|refund.created|refund.settled|payout.paid|dispute.opened|dispute.won|dispute.lost|subscription.renewed|subscription.cancelled
N2060,641,payment.authorized|payment.captured|payment.failed|refund.created|refund.settled|payout.paid|dispute.opened|dispute.won|dispute.lost|subscription.renewed|subscription.cancelled
N2061,641,payment.authorized|payment.captured|payment.failed|refund.created|refund.settled|payout.paid|dispute.opened|dispute.won|dispute.lost|subscription.renewed|subscription.cancelled
N2062,641,payment.authorized|payment.captured|payment.failed|refund.created|refund.settled|payout.paid|dispute.opened|dispute.won|dispute.lost|subscription.renewed|subscription.cancelled
N2063,641,payment.authorized|payment.captured|payment.failed|refund.created|refund.settled|payout.paid|dispute.opened|dispute.won|dispute.lost|subscription.renewed|subscription.cancelled
N2064,641,payment.authorized|payment.captured|payment.failed|refund.created|refund.settled|payout.paid|dispute.opened|dispute.won|dispute.lost|subscription.renewed|subscription.cancelled
N2065,641,payment.authorized|payment.captured|payment.failed|refund.created|refund.settled|payout.paid|dispute.opened|dispute.won|dispute.lost|subscription.renewed|subscription.cancelled
N2066,641,payment.authorized|payment.captured|payment.failed|refund.created|refund.settled|payout.paid|dispute.opened|dispute.won|dispute.lost|subscription.renewed|subscription.cancelled
N2067,640,payment.authorized|dispute.opened
N2067,641,payment.authorized|payment.captured|payment.failed|refund.created|refund.settled|payout.paid|dispute.opened|dispute.won|dispute.lost|subscription.renewed|subscription.cancelled
N2068,641,payment.authorized|payment.captured|payment.failed|refund.created|refund.settled|payout.paid|dispute.opened|dispute.won|dispute.lost|subscription.renewed|subscription.cancelled
N2069,641,payment.authorized|payment.captured|payment.failed|refund.created|refund.settled|payout.paid|dispute.opened|dispute.won|dispute.lost|subscription.renewed|subscription.cancelled
N2070,641,payment.authorized|payment.captured|payment.failed|refund.created|refund.settled|payout.paid|dispute.opened|dispute.won|dispute.lost|subscription.renewed|subscription.cancelled
N2071,641,payment.authorized|payment.captured|payment.failed|refund.created|refund.settled|payout.paid|dispute.opened|dispute.won|dispute.lost|subscription.renewed|subscription.cancelled
N2072,641,payment.authorized|payment.captured|payment.failed|refund.created|refund.settled|payout.paid|dispute.opened|dispute.won|dispute.lost|subscription.renewed|subscription.cancelled
N2073,641,payment.authorized|payment.captured|payment.failed|refund.created|refund.settled|payout.paid|dispute.opened|dispute.won|dispute.lost|subscription.renewed|subscription.cancelled
N2074,641,payment.authorized|payment.captured|payment.failed|refund.created|refund.settled|payout.paid|dispute.opened|dispute.won|dispute.lost|subscription.renewed|subscription.cancelled
N2075,641,payment.authorized|payment.captured|payment.failed|refund.created|refund.settled|payout.paid|dispute.opened|dispute.won|dispute.lost|subscription.renewed|subscription.cancelled
N2076,641,payment.authorized|payment.captured|payment.failed|refund.created|refund.settled|payout.paid|dispute.opened|dispute.won|dispute.lost|subscription.renewed|subscription.cancelled
N2077,641,payment.authorized|payment.captured|payment.failed|refund.created|refund.settled|payout.paid|dispute.opened|dispute.won|dispute.lost|subscription.renewed|subscription.cancelled
N2078,641,payment.authorized|payment.captured|payment.failed|refund.created|refund.settled|payout.paid|dispute.opened|dispute.won|dispute.lost|subscription.renewed|subscription.cancelled
N2079,641,payment.authorized|payment.captured|payment.failed|refund.created|refund.settled|payout.paid|dispute.opened|dispute.won|dispute.lost|subscription.renewed|subscription.cancelled
N2080,641,payment.authorized|payment.captured|payment.failed|refund.created|refund.settled|payout.paid|dispute.opened|dispute.won|dispute.lost|subscription.renewed|subscription.cancelled
N2081,641,payment.authorized|payment.captured|payment.failed|refund.created|refund.settled|payout.paid|dispute.opened|dispute.won|dispute.lost|subscription.renewed|subscription.cancelled
N2082,641,payment.authorized|payment.captured|payment.failed|refund.created|refund.settled|payout.paid|dispute.opened|dispute.won|dispute.lost|subscription.renewed|subscription.cancelled
N2083,641,payment.authorized|payment.captured|payment.failed|refund.created|refund.settled|payout.paid|dispute.opened|dispute.won|dispute.lost|subscription.renewed|subscription.cancelled
N2084,641,payment.authorized|payment.captured|payment.failed|refund.created|refund.settled|payout.paid|dispute.opened|dispute.won|dispute.lost|subscription.renewed|subscription.cancelled
N2085,641,payment.authorized|payment.captured|payment.failed|refund.created|refund.settled|payout.paid|dispute.opened|dispute.won|dispute.lost|subscription.renewed|subscription.cancelled
N2086,641,payment.authorized|payment.captured|payment.failed|refund.created|refund.settled|payout.paid|dispute.opened|dispute.won|dispute.lost|subscription.renewed|subscription.cancelled
N2087,641,payment.authorized|payment.captured|payment.failed|refund.created|refund.settled|payout.paid|dispute.opened|dispute.won|dispute.lost|subscription.renewed|subscription.cancelled
N2088,641,payment.authorized|payment.captured|payment.failed|refund.created|refund.settled|payout.paid|dispute.opened|dispute.won|dispute.lost|subscription.renewed|subscription.cancelled
N2089,641,payment.authorized|payment.captured|payment.failed|refund.created|refund.settled|payout.paid|dispute.opened|dispute.won|dispute.lost|subscription.renewed|subscription.cancelled
N2090,641,payment.authorized|payment.captured|payment.failed|refund.created|refund.settled|payout.paid|dispute.opened|dispute.won|dispute.lost|subscription.renewed|subscription.cancelled
N2091,641,payment.authorized|payment.captured|payment.failed|refund.created|refund.settled|payout.paid|dispute.opened|dispute.won|dispute.lost|subscription.renewed|subscription.cancelled
N2092,641,payment.authorized|payment.captured|payment.failed|refund.created|refund.settled|payout.paid|dispute.opened|dispute.won|dispute.lost|subscription.renewed|subscription.cancelled
N2093,641,payment.authorized|payment.captured|payment.failed|refund.created|refund.settled|payout.paid|dispute.opened|dispute.won|dispute.lost|subscription.renewed|subscription.cancelled
N2094,641,payment.authorized|payment.captured|payment.failed|refund.created|refund.settled|payout.paid|dispute.opened|dispute.won|dispute.lost|subscription.renewed|subscription.cancelled
N2095,641,payment.authorized|payment.captured|payment.failed|refund.created|refund.settled|payout.paid|dispute.opened|dispute.won|dispute.lost|subscription.renewed|subscription.cancelled
N2096,641,payment.authorized|payment.captured|payment.failed|refund.created|refund.settled|payout.paid|dispute.opened|dispute.won|dispute.lost|subscription.renewed|subscription.cancelled
N2097,641,payment.authorized|payment.captured|payment.failed|refund.created|refund.settled|payout.paid|dispute.opened|dispute.won|dispute.lost|subscription.renewed|subscription.cancelled
N2098,641,payment.authorized|payment.captured|payment.failed|refund.created|refund.settled|payout.paid|dispute.opened|dispute.won|dispute.lost|subscription.renewed|subscription.cancelled
N2099,641,payment.authorized|payment.captured|payment.failed|refund.created|refund.settled|payout.paid|dispute.opened|dispute.won|dispute.lost|subscription.renewed|subscription.cancelled
N2100,641,payment.authorized|payment.captured|payment.failed|refund.created|refund.settled|payout.paid|dispute.opened|dispute.won|dispute.lost|subscription.renewed|subscription.cancelled
N2101,641,payment.authorized|payment.captured|payment.failed|refund.created|refund.settled|payout.paid|dispute.opened|dispute.won|dispute.lost|subscription.renewed|subscription.cancelled
N2102,641,payment.authorized|payment.captured|payment.failed|refund.created|refund.settled|payout.paid|dispute.opened|dispute.won|dispute.lost|subscription.renewed|subscription.cancelled
N2103,641,payment.authorized|payment.captured|payment.failed|refund.created|refund.settled|payout.paid|dispute.opened|dispute.won|dispute.lost|subscription.renewed|subscription.cancelled
N2104,641,payment.authorized|payment.captured|payment.failed|refund.created|refund.settled|payout.paid|dispute.opened|dispute.won|dispute.lost|subscription.renewed|subscription.cancelled
N2105,641,payment.authorized|payment.captured|payment.failed|refund.created|refund.settled|payout.paid|dispute.opened|dispute.won|dispute.lost|subscription.renewed|subscription.cancelled
N2106,641,payment.authorized|payment.captured|payment.failed|refund.created|refund.settled|payout.paid|dispute.opened|dispute.won|dispute.lost|subscription.renewed|subscription.cancelled
N2107,641,payment.authorized|payment.captured|payment.failed|refund.created|refund.settled|payout.paid|dispute.opened|dispute.won|dispute.lost|subscription.renewed|subscription.cancelled
N2108,640,payment.authorized|dispute.opened
N2108,641,payment.authorized|payment.captured|payment.failed|refund.created|refund.settled|payout.paid|dispute.opened|dispute.won|dispute.lost|subscription.renewed|subscription.cancelled
N2109,641,payment.authorized|payment.captured|payment.failed|refund.created|refund.settled|payout.paid|dispute.opened|dispute.won|dispute.lost|subscription.renewed|subscription.cancelled
N2110,641,payment.authorized|payment.captured|payment.failed|refund.created|refund.settled|payout.paid|dispute.opened|dispute.won|dispute.lost|subscription.renewed|subscription.cancelled
N2111,641,payment.authorized|payment.captured|payment.failed|refund.created|refund.settled|payout.paid|dispute.opened|dispute.won|dispute.lost|subscription.renewed|subscription.cancelled
N2112,641,payment.authorized|payment.captured|payment.failed|refund.created|refund.settled|payout.paid|dispute.opened|dispute.won|dispute.lost|subscription.renewed|subscription.cancelled
N2113,641,payment.authorized|payment.captured|payment.failed|refund.created|refund.settled|payout.paid|dispute.opened|dispute.won|dispute.lost|subscription.renewed|subscription.cancelled
N2114,641,payment.authorized|payment.captured|payment.failed|refund.created|refund.settled|payout.paid|dispute.opened|dispute.won|dispute.lost|subscription.renewed|subscription.cancelled
N2115,641,payment.authorized|payment.captured|payment.failed|refund.created|refund.settled|payout.paid|dispute.opened|dispute.won|dispute.lost|subscription.renewed|subscription.cancelled
N2116,641,payment.authorized|payment.captured|payment.failed|refund.created|refund.settled|payout.paid|dispute.opened|dispute.won|dispute.lost|subscription.renewed|subscription.cancelled
N2117,641,payment.authorized|payment.captured|payment.failed|refund.created|refund.settled|payout.paid|dispute.opened|dispute.won|dispute.lost|subscription.renewed|subscription.cancelled
N2118,641,payment.authorized|payment.captured|payment.failed|refund.created|refund.settled|payout.paid|dispute.opened|dispute.won|dispute.lost|subscription.renewed|subscription.cancelled
N2119,641,payment.authorized|payment.captured|payment.failed|refund.created|refund.settled|payout.paid|dispute.opened|dispute.won|dispute.lost|subscription.renewed|subscription.cancelled
N2120,641,payment.authorized|payment.captured|payment.failed|refund.created|refund.settled|payout.paid|dispute.opened|dispute.won|dispute.lost|subscription.renewed|subscription.cancelled
N2121,641,payment.authorized|payment.captured|payment.failed|refund.created|refund.settled|payout.paid|dispute.opened|dispute.won|dispute.lost|subscription.renewed|subscription.cancelled
N2122,641,payment.authorized|payment.captured|payment.failed|refund.created|refund.settled|payout.paid|dispute.opened|dispute.won|dispute.lost|subscription.renewed|subscription.cancelled
N2123,641,payment.authorized|payment.captured|payment.failed|refund.created|refund.settled|payout.paid|dispute.opened|dispute.won|dispute.lost|subscription.renewed|subscription.cancelled
N2124,641,payment.authorized|payment.captured|payment.failed|refund.created|refund.settled|payout.paid|dispute.opened|dispute.won|dispute.lost|subscription.renewed|subscription.cancelled
N2125,641,payment.authorized|payment.captured|payment.failed|refund.created|refund.settled|payout.paid|dispute.opened|dispute.won|dispute.lost|subscription.renewed|subscription.cancelled
N2126,641,payment.authorized|payment.captured|payment.failed|refund.created|refund.settled|payout.paid|dispute.opened|dispute.won|dispute.lost|subscription.renewed|subscription.cancelled
N2127,641,payment.authorized|payment.captured|payment.failed|refund.created|refund.settled|payout.paid|dispute.opened|dispute.won|dispute.lost|subscription.renewed|subscription.cancelled
N2128,641,payment.authorized|payment.captured|payment.failed|refund.created|refund.settled|payout.paid|dispute.opened|dispute.won|dispute.lost|subscription.renewed|subscription.cancelled
N2129,641,payment.authorized|payment.captured|payment.failed|refund.created|refund.settled|payout.paid|dispute.opened|dispute.won|dispute.lost|subscription.renewed|subscription.cancelled
N2130,640,payment.authorized|dispute.opened
N2130,641,payment.authorized|payment.captured|payment.failed|refund.created|refund.settled|payout.paid|dispute.opened|dispute.won|dispute.lost|subscription.renewed|subscription.cancelled
N2131,641,payment.authorized|payment.captured|payment.failed|refund.created|refund.settled|payout.paid|dispute.opened|dispute.won|dispute.lost|subscription.renewed|subscription.cancelled
N2132,641,payment.authorized|payment.captured|payment.failed|refund.created|refund.settled|payout.paid|dispute.opened|dispute.won|dispute.lost|subscription.renewed|subscription.cancelled
N2133,641,payment.authorized|payment.captured|payment.failed|refund.created|refund.settled|payout.paid|dispute.opened|dispute.won|dispute.lost|subscription.renewed|subscription.cancelled
N2134,641,payment.authorized|payment.captured|payment.failed|refund.created|refund.settled|payout.paid|dispute.opened|dispute.won|dispute.lost|subscription.renewed|subscription.cancelled
N2135,641,payment.authorized|payment.captured|payment.failed|refund.created|refund.settled|payout.paid|dispute.opened|dispute.won|dispute.lost|subscription.renewed|subscription.cancelled
N2136,641,payment.authorized|payment.captured|payment.failed|refund.created|refund.settled|payout.paid|dispute.opened|dispute.won|dispute.lost|subscription.renewed|subscription.cancelled
N2137,641,payment.authorized|payment.captured|payment.failed|refund.created|refund.settled|payout.paid|dispute.opened|dispute.won|dispute.lost|subscription.renewed|subscription.cancelled
N2138,641,payment.authorized|payment.captured|payment.failed|refund.created|refund.settled|payout.paid|dispute.opened|dispute.won|dispute.lost|subscription.renewed|subscription.cancelled
N2139,641,payment.authorized|payment.captured|payment.failed|refund.created|refund.settled|payout.paid|dispute.opened|dispute.won|dispute.lost|subscription.renewed|subscription.cancelled
N2140,641,payment.authorized|payment.captured|payment.failed|refund.created|refund.settled|payout.paid|dispute.opened|dispute.won|dispute.lost|subscription.renewed|subscription.cancelled
N2141,641,payment.authorized|payment.captured|payment.failed|refund.created|refund.settled|payout.paid|dispute.opened|dispute.won|dispute.lost|subscription.renewed|subscription.cancelled
N2142,641,payment.authorized|payment.captured|payment.failed|refund.created|refund.settled|payout.paid|dispute.opened|dispute.won|dispute.lost|subscription.renewed|subscription.cancelled
N2143,640,payment.authorized|dispute.opened
N2143,641,payment.authorized|payment.captured|payment.failed|refund.created|refund.settled|payout.paid|dispute.opened|dispute.won|dispute.lost|subscription.renewed|subscription.cancelled
N2144,641,payment.authorized|payment.captured|payment.failed|refund.created|refund.settled|payout.paid|dispute.opened|dispute.won|dispute.lost|subscription.renewed|subscription.cancelled
N2145,641,payment.authorized|payment.captured|payment.failed|refund.created|refund.settled|payout.paid|dispute.opened|dispute.won|dispute.lost|subscription.renewed|subscription.cancelled
N2146,641,payment.authorized|payment.captured|payment.failed|refund.created|refund.settled|payout.paid|dispute.opened|dispute.won|dispute.lost|subscription.renewed|subscription.cancelled
N2147,641,payment.authorized|payment.captured|payment.failed|refund.created|refund.settled|payout.paid|dispute.opened|dispute.won|dispute.lost|subscription.renewed|subscription.cancelled
N2148,641,payment.authorized|payment.captured|payment.failed|refund.created|refund.settled|payout.paid|dispute.opened|dispute.won|dispute.lost|subscription.renewed|subscription.cancelled
N2149,641,payment.authorized|payment.captured|payment.failed|refund.created|refund.settled|payout.paid|dispute.opened|dispute.won|dispute.lost|subscription.renewed|subscription.cancelled
N2150,641,payment.authorized|payment.captured|payment.failed|refund.created|refund.settled|payout.paid|dispute.opened|dispute.won|dispute.lost|subscription.renewed|subscription.cancelled
N2151,641,payment.authorized|payment.captured|payment.failed|refund.created|refund.settled|payout.paid|dispute.opened|dispute.won|dispute.lost|subscription.renewed|subscription.cancelled
N2152,641,payment.authorized|payment.captured|payment.failed|refund.created|refund.settled|payout.paid|dispute.opened|dispute.won|dispute.lost|subscription.renewed|subscription.cancelled
N2153,641,payment.authorized|payment.captured|payment.failed|refund.created|refund.settled|payout.paid|dispute.opened|dispute.won|dispute.lost|subscription.renewed|subscription.cancelled
N2154,641,payment.authorized|payment.captured|payment.failed|refund.created|refund.settled|payout.paid|dispute.opened|dispute.won|dispute.lost|subscription.renewed|subscription.cancelled
N2155,641,payment.authorized|payment.captured|payment.failed|refund.created|refund.settled|payout.paid|dispute.opened|dispute.won|dispute.lost|subscription.renewed|subscription.cancelled
N2156,641,payment.authorized|payment.captured|payment.failed|refund.created|refund.settled|payout.paid|dispute.opened|dispute.won|dispute.lost|subscription.renewed|subscription.cancelled
N2157,641,payment.authorized|payment.captured|payment.failed|refund.created|refund.settled|payout.paid|dispute.opened|dispute.won|dispute.lost|subscription.renewed|subscription.cancelled
N2158,641,payment.authorized|payment.captured|payment.failed|refund.created|refund.settled|payout.paid|dispute.opened|dispute.won|dispute.lost|subscription.renewed|subscription.cancelled
N2159,641,payment.authorized|payment.captured|payment.failed|refund.created|refund.settled|payout.paid|dispute.opened|dispute.won|dispute.lost|subscription.renewed|subscription.cancelled
N2160,641,payment.authorized|payment.captured|payment.failed|refund.created|refund.settled|payout.paid|dispute.opened|dispute.won|dispute.lost|subscription.renewed|subscription.cancelled
N2161,641,payment.authorized|payment.captured|payment.failed|refund.created|refund.settled|payout.paid|dispute.opened|dispute.won|dispute.lost|subscription.renewed|subscription.cancelled
N2162,641,payment.authorized|payment.captured|payment.failed|refund.created|refund.settled|payout.paid|dispute.opened|dispute.won|dispute.lost|subscription.renewed|subscription.cancelled
N2163,641,payment.authorized|payment.captured|payment.failed|refund.created|refund.settled|payout.paid|dispute.opened|dispute.won|dispute.lost|subscription.renewed|subscription.cancelled
N2164,641,payment.authorized|payment.captured|payment.failed|refund.created|refund.settled|payout.paid|dispute.opened|dispute.won|dispute.lost|subscription.renewed|subscription.cancelled
N2165,641,payment.authorized|payment.captured|payment.failed|refund.created|refund.settled|payout.paid|dispute.opened|dispute.won|dispute.lost|subscription.renewed|subscription.cancelled
N2166,641,payment.authorized|payment.captured|payment.failed|refund.created|refund.settled|payout.paid|dispute.opened|dispute.won|dispute.lost|subscription.renewed|subscription.cancelled
N2167,641,payment.authorized|payment.captured|payment.failed|refund.created|refund.settled|payout.paid|dispute.opened|dispute.won|dispute.lost|subscription.renewed|subscription.cancelled
N2168,641,payment.authorized|payment.captured|payment.failed|refund.created|refund.settled|payout.paid|dispute.opened|dispute.won|dispute.lost|subscription.renewed|subscription.cancelled
N2169,641,payment.authorized|payment.captured|payment.failed|refund.created|refund.settled|payout.paid|dispute.opened|dispute.won|dispute.lost|subscription.renewed|subscription.cancelled
N2170,641,payment.authorized|payment.captured|payment.failed|refund.created|refund.settled|payout.paid|dispute.opened|dispute.won|dispute.lost|subscription.renewed|subscription.cancelled
N2171,641,payment.authorized|payment.captured|payment.failed|refund.created|refund.settled|payout.paid|dispute.opened|dispute.won|dispute.lost|subscription.renewed|subscription.cancelled
N2172,641,payment.authorized|payment.captured|payment.failed|refund.created|refund.settled|payout.paid|dispute.opened|dispute.won|dispute.lost|subscription.renewed|subscription.cancelled
N2173,641,payment.authorized|payment.captured|payment.failed|refund.created|refund.settled|payout.paid|dispute.opened|dispute.won|dispute.lost|subscription.renewed|subscription.cancelled
N2174,641,payment.authorized|payment.captured|payment.failed|refund.created|refund.settled|payout.paid|dispute.opened|dispute.won|dispute.lost|subscription.renewed|subscription.cancelled
N2175,641,payment.authorized|payment.captured|payment.failed|refund.created|refund.settled|payout.paid|dispute.opened|dispute.won|dispute.lost|subscription.renewed|subscription.cancelled
N2176,640,payment.authorized|dispute.opened
N2176,641,payment.authorized|payment.captured|payment.failed|refund.created|refund.settled|payout.paid|dispute.opened|dispute.won|dispute.lost|subscription.renewed|subscription.cancelled
N2177,641,payment.authorized|payment.captured|payment.failed|refund.created|refund.settled|payout.paid|dispute.opened|dispute.won|dispute.lost|subscription.renewed|subscription.cancelled
N2178,641,payment.authorized|payment.captured|payment.failed|refund.created|refund.settled|payout.paid|dispute.opened|dispute.won|dispute.lost|subscription.renewed|subscription.cancelled
N2179,641,payment.authorized|payment.captured|payment.failed|refund.created|refund.settled|payout.paid|dispute.opened|dispute.won|dispute.lost|subscription.renewed|subscription.cancelled
N2180,641,payment.authorized|payment.captured|payment.failed|refund.created|refund.settled|payout.paid|dispute.opened|dispute.won|dispute.lost|subscription.renewed|subscription.cancelled
N2181,641,payment.authorized|payment.captured|payment.failed|refund.created|refund.settled|payout.paid|dispute.opened|dispute.won|dispute.lost|subscription.renewed|subscription.cancelled
N2182,641,payment.authorized|payment.captured|payment.failed|refund.created|refund.settled|payout.paid|dispute.opened|dispute.won|dispute.lost|subscription.renewed|subscription.cancelled
N2183,641,payment.authorized|payment.captured|payment.failed|refund.created|refund.settled|payout.paid|dispute.opened|dispute.won|dispute.lost|subscription.renewed|subscription.cancelled
N2184,641,payment.authorized|payment.captured|payment.failed|refund.created|refund.settled|payout.paid|dispute.opened|dispute.won|dispute.lost|subscription.renewed|subscription.cancelled
N2185,641,payment.authorized|payment.captured|payment.failed|refund.created|refund.settled|payout.paid|dispute.opened|dispute.won|dispute.lost|subscription.renewed|subscription.cancelled
N2186,641,payment.authorized|payment.captured|payment.failed|refund.created|refund.settled|payout.paid|dispute.opened|dispute.won|dispute.lost|subscription.renewed|subscription.cancelled
N2187,641,payment.authorized|payment.captured|payment.failed|refund.created|refund.settled|payout.paid|dispute.opened|dispute.won|dispute.lost|subscription.renewed|subscription.cancelled
N2188,641,payment.authorized|payment.captured|payment.failed|refund.created|refund.settled|payout.paid|dispute.opened|dispute.won|dispute.lost|subscription.renewed|subscription.cancelled
N2189,641,payment.authorized|payment.captured|payment.failed|refund.created|refund.settled|payout.paid|dispute.opened|dispute.won|dispute.lost|subscription.renewed|subscription.cancelled
N2190,641,payment.authorized|payment.captured|payment.failed|refund.created|refund.settled|payout.paid|dispute.opened|dispute.won|dispute.lost|subscription.renewed|subscription.cancelled
N2191,641,payment.authorized|payment.captured|payment.failed|refund.created|refund.settled|payout.paid|dispute.opened|dispute.won|dispute.lost|subscription.renewed|subscription.cancelled
N2192,641,payment.authorized|payment.captured|payment.failed|refund.created|refund.settled|payout.paid|dispute.opened|dispute.won|dispute.lost|subscription.renewed|subscription.cancelled
N2193,641,payment.authorized|payment.captured|payment.failed|refund.created|refund.settled|payout.paid|dispute.opened|dispute.won|dispute.lost|subscription.renewed|subscription.cancelled
N2194,641,payment.authorized|payment.captured|payment.failed|refund.created|refund.settled|payout.paid|dispute.opened|dispute.won|dispute.lost|subscription.renewed|subscription.cancelled
N2195,641,payment.authorized|payment.captured|payment.failed|refund.created|refund.settled|payout.paid|dispute.opened|dispute.won|dispute.lost|subscription.renewed|subscription.cancelled
N2196,641,payment.authorized|payment.captured|payment.failed|refund.created|refund.settled|payout.paid|dispute.opened|dispute.won|dispute.lost|subscription.renewed|subscription.cancelled
N2197,641,payment.authorized|payment.captured|payment.failed|refund.created|refund.settled|payout.paid|dispute.opened|dispute.won|dispute.lost|subscription.renewed|subscription.cancelled
N2198,641,payment.authorized|payment.captured|payment.failed|refund.created|refund.settled|payout.paid|dispute.opened|dispute.won|dispute.lost|subscription.renewed|subscription.cancelled
N2199,641,payment.authorized|payment.captured|payment.failed|refund.created|refund.settled|payout.paid|dispute.opened|dispute.won|dispute.lost|subscription.renewed|subscription.cancelled
N2200,641,payment.authorized|payment.captured|payment.failed|refund.created|refund.settled|payout.paid|dispute.opened|dispute.won|dispute.lost|subscription.renewed|subscription.cancelled
N2201,641,payment.authorized|payment.captured|payment.failed|refund.created|refund.settled|payout.paid|dispute.opened|dispute.won|dispute.lost|subscription.renewed|subscription.cancelled
N2202,641,payment.authorized|payment.captured|payment.failed|refund.created|refund.settled|payout.paid|dispute.opened|dispute.won|dispute.lost|subscription.renewed|subscription.cancelled
N2203,641,payment.authorized|payment.captured|payment.failed|refund.created|refund.settled|payout.paid|dispute.opened|dispute.won|dispute.lost|subscription.renewed|subscription.cancelled
N2204,641,payment.authorized|payment.captured|payment.failed|refund.created|refund.settled|payout.paid|dispute.opened|dispute.won|dispute.lost|subscription.renewed|subscription.cancelled
N2205,641,payment.authorized|payment.captured|payment.failed|refund.created|refund.settled|payout.paid|dispute.opened|dispute.won|dispute.lost|subscription.renewed|subscription.cancelled
N2206,641,payment.authorized|payment.captured|payment.failed|refund.created|refund.settled|payout.paid|dispute.opened|dispute.won|dispute.lost|subscription.renewed|subscription.cancelled
N2207,641,payment.authorized|payment.captured|payment.failed|refund.created|refund.settled|payout.paid|dispute.opened|dispute.won|dispute.lost|subscription.renewed|subscription.cancelled
N2208,641,payment.authorized|payment.captured|payment.failed|refund.created|refund.settled|payout.paid|dispute.opened|dispute.won|dispute.lost|subscription.renewed|subscription.cancelled
N2209,641,payment.authorized|payment.captured|payment.failed|refund.created|refund.settled|payout.paid|dispute.opened|dispute.won|dispute.lost|subscription.renewed|subscription.cancelled
N2210,641,payment.authorized|payment.captured|payment.failed|refund.created|refund.settled|payout.paid|dispute.opened|dispute.won|dispute.lost|subscription.renewed|subscription.cancelled
N2211,641,payment.authorized|payment.captured|payment.failed|refund.created|refund.settled|payout.paid|dispute.opened|dispute.won|dispute.lost|subscription.renewed|subscription.cancelled
N2212,641,payment.authorized|payment.captured|payment.failed|refund.created|refund.settled|payout.paid|dispute.opened|dispute.won|dispute.lost|subscription.renewed|subscription.cancelled
N2213,641,payment.authorized|payment.captured|payment.failed|refund.created|refund.settled|payout.paid|dispute.opened|dispute.won|dispute.lost|subscription.renewed|subscription.cancelled
N2214,641,payment.authorized|payment.captured|payment.failed|refund.created|refund.settled|payout.paid|dispute.opened|dispute.won|dispute.lost|subscription.renewed|subscription.cancelled
N2215,641,payment.authorized|payment.captured|payment.failed|refund.created|refund.settled|payout.paid|dispute.opened|dispute.won|dispute.lost|subscription.renewed|subscription.cancelled
N2216,641,payment.authorized|payment.captured|payment.failed|refund.created|refund.settled|payout.paid|dispute.opened|dispute.won|dispute.lost|subscription.renewed|subscription.cancelled
N2217,641,payment.authorized|payment.captured|payment.failed|refund.created|refund.settled|payout.paid|dispute.opened|dispute.won|dispute.lost|subscription.renewed|subscription.cancelled
N2218,641,payment.authorized|payment.captured|payment.failed|refund.created|refund.settled|payout.paid|dispute.opened|dispute.won|dispute.lost|subscription.renewed|subscription.cancelled
N2219,641,payment.authorized|payment.captured|payment.failed|refund.created|refund.settled|payout.paid|dispute.opened|dispute.won|dispute.lost|subscription.renewed|subscription.cancelled
N2220,641,payment.authorized|payment.captured|payment.failed|refund.created|refund.settled|payout.paid|dispute.opened|dispute.won|dispute.lost|subscription.renewed|subscription.cancelled
N2221,641,payment.authorized|payment.captured|payment.failed|refund.created|refund.settled|payout.paid|dispute.opened|dispute.won|dispute.lost|subscription.renewed|subscription.cancelled
N2222,641,payment.authorized|payment.captured|payment.failed|refund.created|refund.settled|payout.paid|dispute.opened|dispute.won|dispute.lost|subscription.renewed|subscription.cancelled
N2223,641,payment.authorized|payment.captured|payment.failed|refund.created|refund.settled|payout.paid|dispute.opened|dispute.won|dispute.lost|subscription.renewed|subscription.cancelled
N2224,641,payment.authorized|payment.captured|payment.failed|refund.created|refund.settled|payout.paid|dispute.opened|dispute.won|dispute.lost|subscription.renewed|subscription.cancelled
N2225,641,payment.authorized|payment.captured|payment.failed|refund.created|refund.settled|payout.paid|dispute.opened|dispute.won|dispute.lost|subscription.renewed|subscription.cancelled
N2226,641,payment.authorized|payment.captured|payment.failed|refund.created|refund.settled|payout.paid|dispute.opened|dispute.won|dispute.lost|subscription.renewed|subscription.cancelled
N2227,641,payment.authorized|payment.captured|payment.failed|refund.created|refund.settled|payout.paid|dispute.opened|dispute.won|dispute.lost|subscription.renewed|subscription.cancelled
N2228,641,payment.authorized|payment.captured|payment.failed|refund.created|refund.settled|payout.paid|dispute.opened|dispute.won|dispute.lost|subscription.renewed|subscription.cancelled
N2229,641,payment.authorized|payment.captured|payment.failed|refund.created|refund.settled|payout.paid|dispute.opened|dispute.won|dispute.lost|subscription.renewed|subscription.cancelled
N2230,641,payment.authorized|payment.captured|payment.failed|refund.created|refund.settled|payout.paid|dispute.opened|dispute.won|dispute.lost|subscription.renewed|subscription.cancelled
N2231,641,payment.authorized|payment.captured|payment.failed|refund.created|refund.settled|payout.paid|dispute.opened|dispute.won|dispute.lost|subscription.renewed|subscription.cancelled
N2232,641,payment.authorized|payment.captured|payment.failed|refund.created|refund.settled|payout.paid|dispute.opened|dispute.won|dispute.lost|subscription.renewed|subscription.cancelled
N2233,641,payment.authorized|payment.captured|payment.failed|refund.created|refund.settled|payout.paid|dispute.opened|dispute.won|dispute.lost|subscription.renewed|subscription.cancelled
N2234,641,payment.authorized|payment.captured|payment.failed|refund.created|refund.settled|payout.paid|dispute.opened|dispute.won|dispute.lost|subscription.renewed|subscription.cancelled
N2235,641,payment.authorized|payment.captured|payment.failed|refund.created|refund.settled|payout.paid|dispute.opened|dispute.won|dispute.lost|subscription.renewed|subscription.cancelled
N2236,641,payment.authorized|payment.captured|payment.failed|refund.created|refund.settled|payout.paid|dispute.opened|dispute.won|dispute.lost|subscription.renewed|subscription.cancelled
N2237,641,payment.authorized|payment.captured|payment.failed|refund.created|refund.settled|payout.paid|dispute.opened|dispute.won|dispute.lost|subscription.renewed|subscription.cancelled
N2238,641,payment.authorized|payment.captured|payment.failed|refund.created|refund.settled|payout.paid|dispute.opened|dispute.won|dispute.lost|subscription.renewed|subscription.cancelled
N2239,641,payment.authorized|payment.captured|payment.failed|refund.created|refund.settled|payout.paid|dispute.opened|dispute.won|dispute.lost|subscription.renewed|subscription.cancelled
N2240,641,payment.authorized|payment.captured|payment.failed|refund.created|refund.settled|payout.paid|dispute.opened|dispute.won|dispute.lost|subscription.renewed|subscription.cancelled
N2241,641,payment.authorized|payment.captured|payment.failed|refund.created|refund.settled|payout.paid|dispute.opened|dispute.won|dispute.lost|subscription.renewed|subscription.cancelled
N2242,641,payment.authorized|payment.captured|payment.failed|refund.created|refund.settled|payout.paid|dispute.opened|dispute.won|dispute.lost|subscription.renewed|subscription.cancelled
N2243,641,payment.authorized|payment.captured|payment.failed|refund.created|refund.settled|payout.paid|dispute.opened|dispute.won|dispute.lost|subscription.renewed|subscription.cancelled
N2244,641,payment.authorized|payment.captured|payment.failed|refund.created|refund.settled|payout.paid|dispute.opened|dispute.won|dispute.lost|subscription.renewed|subscription.cancelled
N2245,641,payment.authorized|payment.captured|payment.failed|refund.created|refund.settled|payout.paid|dispute.opened|dispute.won|dispute.lost|subscription.renewed|subscription.cancelled
N2246,641,payment.authorized|payment.captured|payment.failed|refund.created|refund.settled|payout.paid|dispute.opened|dispute.won|dispute.lost|subscription.renewed|subscription.cancelled
N2247,641,payment.authorized|payment.captured|payment.failed|refund.created|refund.settled|payout.paid|dispute.opened|dispute.won|dispute.lost|subscription.renewed|subscription.cancelled
N2248,641,payment.authorized|payment.captured|payment.failed|refund.created|refund.settled|payout.paid|dispute.opened|dispute.won|dispute.lost|subscription.renewed|subscription.cancelled
N2249,641,payment.authorized|payment.captured|payment.failed|refund.created|refund.settled|payout.paid|dispute.opened|dispute.won|dispute.lost|subscription.renewed|subscription.cancelled
N2250,641,payment.authorized|payment.captured|payment.failed|refund.created|refund.settled|payout.paid|dispute.opened|dispute.won|dispute.lost|subscription.renewed|subscription.cancelled
N2251,641,payment.authorized|payment.captured|payment.failed|refund.created|refund.settled|payout.paid|dispute.opened|dispute.won|dispute.lost|subscription.renewed|subscription.cancelled
N2252,640,payment.authorized|dispute.opened
N2252,641,payment.authorized|payment.captured|payment.failed|refund.created|refund.settled|payout.paid|dispute.opened|dispute.won|dispute.lost|subscription.renewed|subscription.cancelled
N2253,641,payment.authorized|payment.captured|payment.failed|refund.created|refund.settled|payout.paid|dispute.opened|dispute.won|dispute.lost|subscription.renewed|subscription.cancelled
N2254,641,payment.authorized|payment.captured|payment.failed|refund.created|refund.settled|payout.paid|dispute.opened|dispute.won|dispute.lost|subscription.renewed|subscription.cancelled
N2255,640,payment.authorized|dispute.opened
N2255,641,payment.authorized|payment.captured|payment.failed|refund.created|refund.settled|payout.paid|dispute.opened|dispute.won|dispute.lost|subscription.renewed|subscription.cancelled
N2256,641,payment.authorized|payment.captured|payment.failed|refund.created|refund.settled|payout.paid|dispute.opened|dispute.won|dispute.lost|subscription.renewed|subscription.cancelled
N2257,641,payment.authorized|payment.captured|payment.failed|refund.created|refund.settled|payout.paid|dispute.opened|dispute.won|dispute.lost|subscription.renewed|subscription.cancelled
N2258,641,payment.authorized|payment.captured|payment.failed|refund.created|refund.settled|payout.paid|dispute.opened|dispute.won|dispute.lost|subscription.renewed|subscription.cancelled
N2259,641,payment.authorized|payment.captured|payment.failed|refund.created|refund.settled|payout.paid|dispute.opened|dispute.won|dispute.lost|subscription.renewed|subscription.cancelled
N2260,641,payment.authorized|payment.captured|payment.failed|refund.created|refund.settled|payout.paid|dispute.opened|dispute.won|dispute.lost|subscription.renewed|subscription.cancelled
N2261,641,payment.authorized|payment.captured|payment.failed|refund.created|refund.settled|payout.paid|dispute.opened|dispute.won|dispute.lost|subscription.renewed|subscription.cancelled
N2262,641,payment.authorized|payment.captured|payment.failed|refund.created|refund.settled|payout.paid|dispute.opened|dispute.won|dispute.lost|subscription.renewed|subscription.cancelled
N2263,641,payment.authorized|payment.captured|payment.failed|refund.created|refund.settled|payout.paid|dispute.opened|dispute.won|dispute.lost|subscription.renewed|subscription.cancelled
N2264,641,payment.authorized|payment.captured|payment.failed|refund.created|refund.settled|payout.paid|dispute.opened|dispute.won|dispute.lost|subscription.renewed|subscription.cancelled
N2265,641,payment.authorized|payment.captured|payment.failed|refund.created|refund.settled|payout.paid|dispute.opened|dispute.won|dispute.lost|subscription.renewed|subscription.cancelled
N2266,641,payment.authorized|payment.captured|payment.failed|refund.created|refund.settled|payout.paid|dispute.opened|dispute.won|dispute.lost|subscription.renewed|subscription.cancelled
N2267,641,payment.authorized|payment.captured|payment.failed|refund.created|refund.settled|payout.paid|dispute.opened|dispute.won|dispute.lost|subscription.renewed|subscription.cancelled
N2268,641,payment.authorized|payment.captured|payment.failed|refund.created|refund.settled|payout.paid|dispute.opened|dispute.won|dispute.lost|subscription.renewed|subscription.cancelled
N2269,641,payment.authorized|payment.captured|payment.failed|refund.created|refund.settled|payout.paid|dispute.opened|dispute.won|dispute.lost|subscription.renewed|subscription.cancelled
N2270,641,payment.authorized|payment.captured|payment.failed|refund.created|refund.settled|payout.paid|dispute.opened|dispute.won|dispute.lost|subscription.renewed|subscription.cancelled
N2271,641,payment.authorized|payment.captured|payment.failed|refund.created|refund.settled|payout.paid|dispute.opened|dispute.won|dispute.lost|subscription.renewed|subscription.cancelled
N2272,641,payment.authorized|payment.captured|payment.failed|refund.created|refund.settled|payout.paid|dispute.opened|dispute.won|dispute.lost|subscription.renewed|subscription.cancelled
N2273,641,payment.authorized|payment.captured|payment.failed|refund.created|refund.settled|payout.paid|dispute.opened|dispute.won|dispute.lost|subscription.renewed|subscription.cancelled
N2274,641,payment.authorized|payment.captured|payment.failed|refund.created|refund.settled|payout.paid|dispute.opened|dispute.won|dispute.lost|subscription.renewed|subscription.cancelled
N2275,641,payment.authorized|payment.captured|payment.failed|refund.created|refund.settled|payout.paid|dispute.opened|dispute.won|dispute.lost|subscription.renewed|subscription.cancelled
N2276,641,payment.authorized|payment.captured|payment.failed|refund.created|refund.settled|payout.paid|dispute.opened|dispute.won|dispute.lost|subscription.renewed|subscription.cancelled
N2277,641,payment.authorized|payment.captured|payment.failed|refund.created|refund.settled|payout.paid|dispute.opened|dispute.won|dispute.lost|subscription.renewed|subscription.cancelled
N2278,641,payment.authorized|payment.captured|payment.failed|refund.created|refund.settled|payout.paid|dispute.opened|dispute.won|dispute.lost|subscription.renewed|subscription.cancelled
N2279,641,payment.authorized|payment.captured|payment.failed|refund.created|refund.settled|payout.paid|dispute.opened|dispute.won|dispute.lost|subscription.renewed|subscription.cancelled
N2280,641,payment.authorized|payment.captured|payment.failed|refund.created|refund.settled|payout.paid|dispute.opened|dispute.won|dispute.lost|subscription.renewed|subscription.cancelled
N2281,641,payment.authorized|payment.captured|payment.failed|refund.created|refund.settled|payout.paid|dispute.opened|dispute.won|dispute.lost|subscription.renewed|subscription.cancelled
N2282,641,payment.authorized|payment.captured|payment.failed|refund.created|refund.settled|payout.paid|dispute.opened|dispute.won|dispute.lost|subscription.renewed|subscription.cancelled
N2283,641,payment.authorized|payment.captured|payment.failed|refund.created|refund.settled|payout.paid|dispute.opened|dispute.won|dispute.lost|subscription.renewed|subscription.cancelled
N2284,641,payment.authorized|payment.captured|payment.failed|refund.created|refund.settled|payout.paid|dispute.opened|dispute.won|dispute.lost|subscription.renewed|subscription.cancelled
N2285,641,payment.authorized|payment.captured|payment.failed|refund.created|refund.settled|payout.paid|dispute.opened|dispute.won|dispute.lost|subscription.renewed|subscription.cancelled
N2286,641,payment.authorized|payment.captured|payment.failed|refund.created|refund.settled|payout.paid|dispute.opened|dispute.won|dispute.lost|subscription.renewed|subscription.cancelled
N2287,641,payment.authorized|payment.captured|payment.failed|refund.created|refund.settled|payout.paid|dispute.opened|dispute.won|dispute.lost|subscription.renewed|subscription.cancelled
N2288,641,payment.authorized|payment.captured|payment.failed|refund.created|refund.settled|payout.paid|dispute.opened|dispute.won|dispute.lost|subscription.renewed|subscription.cancelled
N2289,641,payment.authorized|payment.captured|payment.failed|refund.created|refund.settled|payout.paid|dispute.opened|dispute.won|dispute.lost|subscription.renewed|subscription.cancelled
N2290,641,payment.authorized|payment.captured|payment.failed|refund.created|refund.settled|payout.paid|dispute.opened|dispute.won|dispute.lost|subscription.renewed|subscription.cancelled
N2291,641,payment.authorized|payment.captured|payment.failed|refund.created|refund.settled|payout.paid|dispute.opened|dispute.won|dispute.lost|subscription.renewed|subscription.cancelled
N2292,641,payment.authorized|payment.captured|payment.failed|refund.created|refund.settled|payout.paid|dispute.opened|dispute.won|dispute.lost|subscription.renewed|subscription.cancelled
N2293,641,payment.authorized|payment.captured|payment.failed|refund.created|refund.settled|payout.paid|dispute.opened|dispute.won|dispute.lost|subscription.renewed|subscription.cancelled
N2294,641,payment.authorized|payment.captured|payment.failed|refund.created|refund.settled|payout.paid|dispute.opened|dispute.won|dispute.lost|subscription.renewed|subscription.cancelled
N2295,641,payment.authorized|payment.captured|payment.failed|refund.created|refund.settled|payout.paid|dispute.opened|dispute.won|dispute.lost|subscription.renewed|subscription.cancelled
N2296,641,payment.authorized|payment.captured|payment.failed|refund.created|refund.settled|payout.paid|dispute.opened|dispute.won|dispute.lost|subscription.renewed|subscription.cancelled
N2297,641,payment.authorized|payment.captured|payment.failed|refund.created|refund.settled|payout.paid|dispute.opened|dispute.won|dispute.lost|subscription.renewed|subscription.cancelled
N2298,641,payment.authorized|payment.captured|payment.failed|refund.created|refund.settled|payout.paid|dispute.opened|dispute.won|dispute.lost|subscription.renewed|subscription.cancelled
N2299,641,payment.authorized|payment.captured|payment.failed|refund.created|refund.settled|payout.paid|dispute.opened|dispute.won|dispute.lost|subscription.renewed|subscription.cancelled
N2300,641,payment.authorized|payment.captured|payment.failed|refund.created|refund.settled|payout.paid|dispute.opened|dispute.won|dispute.lost|subscription.renewed|subscription.cancelled
N2301,641,payment.authorized|payment.captured|payment.failed|refund.created|refund.settled|payout.paid|dispute.opened|dispute.won|dispute.lost|subscription.renewed|subscription.cancelled
N2302,641,payment.authorized|payment.captured|payment.failed|refund.created|refund.settled|payout.paid|dispute.opened|dispute.won|dispute.lost|subscription.renewed|subscription.cancelled
N2303,641,payment.authorized|payment.captured|payment.failed|refund.created|refund.settled|payout.paid|dispute.opened|dispute.won|dispute.lost|subscription.renewed|subscription.cancelled
N2304,641,payment.authorized|payment.captured|payment.failed|refund.created|refund.settled|payout.paid|dispute.opened|dispute.won|dispute.lost|subscription.renewed|subscription.cancelled
N2305,641,payment.authorized|payment.captured|payment.failed|refund.created|refund.settled|payout.paid|dispute.opened|dispute.won|dispute.lost|subscription.renewed|subscription.cancelled
N2306,641,payment.authorized|payment.captured|payment.failed|refund.created|refund.settled|payout.paid|dispute.opened|dispute.won|dispute.lost|subscription.renewed|subscription.cancelled
N2307,641,payment.authorized|payment.captured|payment.failed|refund.created|refund.settled|payout.paid|dispute.opened|dispute.won|dispute.lost|subscription.renewed|subscription.cancelled
N2308,641,payment.authorized|payment.captured|payment.failed|refund.created|refund.settled|payout.paid|dispute.opened|dispute.won|dispute.lost|subscription.renewed|subscription.cancelled
N2309,641,payment.authorized|payment.captured|payment.failed|refund.created|refund.settled|payout.paid|dispute.opened|dispute.won|dispute.lost|subscription.renewed|subscription.cancelled
N2310,641,payment.authorized|payment.captured|payment.failed|refund.created|refund.settled|payout.paid|dispute.opened|dispute.won|dispute.lost|subscription.renewed|subscription.cancelled
N2311,641,payment.authorized|payment.captured|payment.failed|refund.created|refund.settled|payout.paid|dispute.opened|dispute.won|dispute.lost|subscription.renewed|subscription.cancelled
N2312,641,payment.authorized|payment.captured|payment.failed|refund.created|refund.settled|payout.paid|dispute.opened|dispute.won|dispute.lost|subscription.renewed|subscription.cancelled
N2313,641,payment.authorized|payment.captured|payment.failed|refund.created|refund.settled|payout.paid|dispute.opened|dispute.won|dispute.lost|subscription.renewed|subscription.cancelled
N2314,641,payment.authorized|payment.captured|payment.failed|refund.created|refund.settled|payout.paid|dispute.opened|dispute.won|dispute.lost|subscription.renewed|subscription.cancelled
N2315,641,payment.authorized|payment.captured|payment.failed|refund.created|refund.settled|payout.paid|dispute.opened|dispute.won|dispute.lost|subscription.renewed|subscription.cancelled
N2316,641,payment.authorized|payment.captured|payment.failed|refund.created|refund.settled|payout.paid|dispute.opened|dispute.won|dispute.lost|subscription.renewed|subscription.cancelled
N2317,641,payment.authorized|payment.captured|payment.failed|refund.created|refund.settled|payout.paid|dispute.opened|dispute.won|dispute.lost|subscription.renewed|subscription.cancelled
N2318,641,payment.authorized|payment.captured|payment.failed|refund.created|refund.settled|payout.paid|dispute.opened|dispute.won|dispute.lost|subscription.renewed|subscription.cancelled
N2319,641,payment.authorized|payment.captured|payment.failed|refund.created|refund.settled|payout.paid|dispute.opened|dispute.won|dispute.lost|subscription.renewed|subscription.cancelled
N2320,641,payment.authorized|payment.captured|payment.failed|refund.created|refund.settled|payout.paid|dispute.opened|dispute.won|dispute.lost|subscription.renewed|subscription.cancelled
N2321,641,payment.authorized|payment.captured|payment.failed|refund.created|refund.settled|payout.paid|dispute.opened|dispute.won|dispute.lost|subscription.renewed|subscription.cancelled
N2322,641,payment.authorized|payment.captured|payment.failed|refund.created|refund.settled|payout.paid|dispute.opened|dispute.won|dispute.lost|subscription.renewed|subscription.cancelled
N2323,641,payment.authorized|payment.captured|payment.failed|refund.created|refund.settled|payout.paid|dispute.opened|dispute.won|dispute.lost|subscription.renewed|subscription.cancelled
N2324,641,payment.authorized|payment.captured|payment.failed|refund.created|refund.settled|payout.paid|dispute.opened|dispute.won|dispute.lost|subscription.renewed|subscription.cancelled
N2325,641,payment.authorized|payment.captured|payment.failed|refund.created|refund.settled|payout.paid|dispute.opened|dispute.won|dispute.lost|subscription.renewed|subscription.cancelled
N2326,641,payment.authorized|payment.captured|payment.failed|refund.created|refund.settled|payout.paid|dispute.opened|dispute.won|dispute.lost|subscription.renewed|subscription.cancelled
N2327,641,payment.authorized|payment.captured|payment.failed|refund.created|refund.settled|payout.paid|dispute.opened|dispute.won|dispute.lost|subscription.renewed|subscription.cancelled
N2328,641,payment.authorized|payment.captured|payment.failed|refund.created|refund.settled|payout.paid|dispute.opened|dispute.won|dispute.lost|subscription.renewed|subscription.cancelled
N2329,641,payment.authorized|payment.captured|payment.failed|refund.created|refund.settled|payout.paid|dispute.opened|dispute.won|dispute.lost|subscription.renewed|subscription.cancelled
N2330,641,payment.authorized|payment.captured|payment.failed|refund.created|refund.settled|payout.paid|dispute.opened|dispute.won|dispute.lost|subscription.renewed|subscription.cancelled
N2331,641,payment.authorized|payment.captured|payment.failed|refund.created|refund.settled|payout.paid|dispute.opened|dispute.won|dispute.lost|subscription.renewed|subscription.cancelled
N2332,641,payment.authorized|payment.captured|payment.failed|refund.created|refund.settled|payout.paid|dispute.opened|dispute.won|dispute.lost|subscription.renewed|subscription.cancelled
N2333,641,payment.authorized|payment.captured|payment.failed|refund.created|refund.settled|payout.paid|dispute.opened|dispute.won|dispute.lost|subscription.renewed|subscription.cancelled
N2334,641,payment.authorized|payment.captured|payment.failed|refund.created|refund.settled|payout.paid|dispute.opened|dispute.won|dispute.lost|subscription.renewed|subscription.cancelled
N2335,641,payment.authorized|payment.captured|payment.failed|refund.created|refund.settled|payout.paid|dispute.opened|dispute.won|dispute.lost|subscription.renewed|subscription.cancelled
N2336,641,payment.authorized|payment.captured|payment.failed|refund.created|refund.settled|payout.paid|dispute.opened|dispute.won|dispute.lost|subscription.renewed|subscription.cancelled
N2337,641,payment.authorized|payment.captured|payment.failed|refund.created|refund.settled|payout.paid|dispute.opened|dispute.won|dispute.lost|subscription.renewed|subscription.cancelled
N2338,641,payment.authorized|payment.captured|payment.failed|refund.created|refund.settled|payout.paid|dispute.opened|dispute.won|dispute.lost|subscription.renewed|subscription.cancelled
N2339,641,payment.authorized|payment.captured|payment.failed|refund.created|refund.settled|payout.paid|dispute.opened|dispute.won|dispute.lost|subscription.renewed|subscription.cancelled
N2340,641,payment.authorized|payment.captured|payment.failed|refund.created|refund.settled|payout.paid|dispute.opened|dispute.won|dispute.lost|subscription.renewed|subscription.cancelled
N2341,641,payment.authorized|payment.captured|payment.failed|refund.created|refund.settled|payout.paid|dispute.opened|dispute.won|dispute.lost|subscription.renewed|subscription.cancelled
N2342,641,payment.authorized|payment.captured|payment.failed|refund.created|refund.settled|payout.paid|dispute.opened|dispute.won|dispute.lost|subscription.renewed|subscription.cancelled
N2343,641,payment.authorized|payment.captured|payment.failed|refund.created|refund.settled|payout.paid|dispute.opened|dispute.won|dispute.lost|subscription.renewed|subscription.cancelled
N2344,641,payment.authorized|payment.captured|payment.failed|refund.created|refund.settled|payout.paid|dispute.opened|dispute.won|dispute.lost|subscription.renewed|subscription.cancelled
N2345,641,payment.authorized|payment.captured|payment.failed|refund.created|refund.settled|payout.paid|dispute.opened|dispute.won|dispute.lost|subscription.renewed|subscription.cancelled
N2346,641,payment.authorized|payment.captured|payment.failed|refund.created|refund.settled|payout.paid|dispute.opened|dispute.won|dispute.lost|subscription.renewed|subscription.cancelled
N2347,641,payment.authorized|payment.captured|payment.failed|refund.created|refund.settled|payout.paid|dispute.opened|dispute.won|dispute.lost|subscription.renewed|subscription.cancelled
N2348,641,payment.authorized|payment.captured|payment.failed|refund.created|refund.settled|payout.paid|dispute.opened|dispute.won|dispute.lost|subscription.renewed|subscription.cancelled
N2349,641,payment.authorized|payment.captured|payment.failed|refund.created|refund.settled|payout.paid|dispute.opened|dispute.won|dispute.lost|subscription.renewed|subscription.cancelled
N2350,641,payment.authorized|payment.captured|payment.failed|refund.created|refund.settled|payout.paid|dispute.opened|dispute.won|dispute.lost|subscription.renewed|subscription.cancelled
N2351,641,payment.authorized|payment.captured|payment.failed|refund.created|refund.settled|payout.paid|dispute.opened|dispute.won|dispute.lost|subscription.renewed|subscription.cancelled
N2352,641,payment.authorized|payment.captured|payment.failed|refund.created|refund.settled|payout.paid|dispute.opened|dispute.won|dispute.lost|subscription.renewed|subscription.cancelled
N2353,641,payment.authorized|payment.captured|payment.failed|refund.created|refund.settled|payout.paid|dispute.opened|dispute.won|dispute.lost|subscription.renewed|subscription.cancelled
N2354,641,payment.authorized|payment.captured|payment.failed|refund.created|refund.settled|payout.paid|dispute.opened|dispute.won|dispute.lost|subscription.renewed|subscription.cancelled
N2355,641,payment.authorized|payment.captured|payment.failed|refund.created|refund.settled|payout.paid|dispute.opened|dispute.won|dispute.lost|subscription.renewed|subscription.cancelled
N2356,640,payment.authorized|dispute.opened
N2356,641,payment.authorized|payment.captured|payment.failed|refund.created|refund.settled|payout.paid|dispute.opened|dispute.won|dispute.lost|subscription.renewed|subscription.cancelled
N2357,641,payment.authorized|payment.captured|payment.failed|refund.created|refund.settled|payout.paid|dispute.opened|dispute.won|dispute.lost|subscription.renewed|subscription.cancelled
N2358,641,payment.authorized|payment.captured|payment.failed|refund.created|refund.settled|payout.paid|dispute.opened|dispute.won|dispute.lost|subscription.renewed|subscription.cancelled
N2359,641,payment.authorized|payment.captured|payment.failed|refund.created|refund.settled|payout.paid|dispute.opened|dispute.won|dispute.lost|subscription.renewed|subscription.cancelled
N2360,641,payment.authorized|payment.captured|payment.failed|refund.created|refund.settled|payout.paid|dispute.opened|dispute.won|dispute.lost|subscription.renewed|subscription.cancelled
N2361,641,payment.authorized|payment.captured|payment.failed|refund.created|refund.settled|payout.paid|dispute.opened|dispute.won|dispute.lost|subscription.renewed|subscription.cancelled
N2362,641,payment.authorized|payment.captured|payment.failed|refund.created|refund.settled|payout.paid|dispute.opened|dispute.won|dispute.lost|subscription.renewed|subscription.cancelled
N2363,641,payment.authorized|payment.captured|payment.failed|refund.created|refund.settled|payout.paid|dispute.opened|dispute.won|dispute.lost|subscription.renewed|subscription.cancelled
N2364,641,payment.authorized|payment.captured|payment.failed|refund.created|refund.settled|payout.paid|dispute.opened|dispute.won|dispute.lost|subscription.renewed|subscription.cancelled
N2365,641,payment.authorized|payment.captured|payment.failed|refund.created|refund.settled|payout.paid|dispute.opened|dispute.won|dispute.lost|subscription.renewed|subscription.cancelled
N2366,641,payment.authorized|payment.captured|payment.failed|refund.created|refund.settled|payout.paid|dispute.opened|dispute.won|dispute.lost|subscription.renewed|subscription.cancelled
N2367,641,payment.authorized|payment.captured|payment.failed|refund.created|refund.settled|payout.paid|dispute.opened|dispute.won|dispute.lost|subscription.renewed|subscription.cancelled
N2368,641,payment.authorized|payment.captured|payment.failed|refund.created|refund.settled|payout.paid|dispute.opened|dispute.won|dispute.lost|subscription.renewed|subscription.cancelled
N2369,641,payment.authorized|payment.captured|payment.failed|refund.created|refund.settled|payout.paid|dispute.opened|dispute.won|dispute.lost|subscription.renewed|subscription.cancelled
N2370,641,payment.authorized|payment.captured|payment.failed|refund.created|refund.settled|payout.paid|dispute.opened|dispute.won|dispute.lost|subscription.renewed|subscription.cancelled
N2371,641,payment.authorized|payment.captured|payment.failed|refund.created|refund.settled|payout.paid|dispute.opened|dispute.won|dispute.lost|subscription.renewed|subscription.cancelled
N2372,641,payment.authorized|payment.captured|payment.failed|refund.created|refund.settled|payout.paid|dispute.opened|dispute.won|dispute.lost|subscription.renewed|subscription.cancelled
N2373,641,payment.authorized|payment.captured|payment.failed|refund.created|refund.settled|payout.paid|dispute.opened|dispute.won|dispute.lost|subscription.renewed|subscription.cancelled
N2374,641,payment.authorized|payment.captured|payment.failed|refund.created|refund.settled|payout.paid|dispute.opened|dispute.won|dispute.lost|subscription.renewed|subscription.cancelled
N2375,641,payment.authorized|payment.captured|payment.failed|refund.created|refund.settled|payout.paid|dispute.opened|dispute.won|dispute.lost|subscription.renewed|subscription.cancelled
N2376,641,payment.authorized|payment.captured|payment.failed|refund.created|refund.settled|payout.paid|dispute.opened|dispute.won|dispute.lost|subscription.renewed|subscription.cancelled
N2377,641,payment.authorized|payment.captured|payment.failed|refund.created|refund.settled|payout.paid|dispute.opened|dispute.won|dispute.lost|subscription.renewed|subscription.cancelled
N2378,641,payment.authorized|payment.captured|payment.failed|refund.created|refund.settled|payout.paid|dispute.opened|dispute.won|dispute.lost|subscription.renewed|subscription.cancelled
N2379,641,payment.authorized|payment.captured|payment.failed|refund.created|refund.settled|payout.paid|dispute.opened|dispute.won|dispute.lost|subscription.renewed|subscription.cancelled
N2380,641,payment.authorized|payment.captured|payment.failed|refund.created|refund.settled|payout.paid|dispute.opened|dispute.won|dispute.lost|subscription.renewed|subscription.cancelled
N2381,641,payment.authorized|payment.captured|payment.failed|refund.created|refund.settled|payout.paid|dispute.opened|dispute.won|dispute.lost|subscription.renewed|subscription.cancelled
N2382,641,payment.authorized|payment.captured|payment.failed|refund.created|refund.settled|payout.paid|dispute.opened|dispute.won|dispute.lost|subscription.renewed|subscription.cancelled
N2383,641,payment.authorized|payment.captured|payment.failed|refund.created|refund.settled|payout.paid|dispute.opened|dispute.won|dispute.lost|subscription.renewed|subscription.cancelled
N2384,641,payment.authorized|payment.captured|payment.failed|refund.created|refund.settled|payout.paid|dispute.opened|dispute.won|dispute.lost|subscription.renewed|subscription.cancelled
N2385,641,payment.authorized|payment.captured|payment.failed|refund.created|refund.settled|payout.paid|dispute.opened|dispute.won|dispute.lost|subscription.renewed|subscription.cancelled
N2386,641,payment.authorized|payment.captured|payment.failed|refund.created|refund.settled|payout.paid|dispute.opened|dispute.won|dispute.lost|subscription.renewed|subscription.cancelled
N2387,641,payment.authorized|payment.captured|payment.failed|refund.created|refund.settled|payout.paid|dispute.opened|dispute.won|dispute.lost|subscription.renewed|subscription.cancelled
N2388,641,payment.authorized|payment.captured|payment.failed|refund.created|refund.settled|payout.paid|dispute.opened|dispute.won|dispute.lost|subscription.renewed|subscription.cancelled
N2389,641,payment.authorized|payment.captured|payment.failed|refund.created|refund.settled|payout.paid|dispute.opened|dispute.won|dispute.lost|subscription.renewed|subscription.cancelled
N2390,641,payment.authorized|payment.captured|payment.failed|refund.created|refund.settled|payout.paid|dispute.opened|dispute.won|dispute.lost|subscription.renewed|subscription.cancelled
N2391,641,payment.authorized|payment.captured|payment.failed|refund.created|refund.settled|payout.paid|dispute.opened|dispute.won|dispute.lost|subscription.renewed|subscription.cancelled
N2392,640,payment.authorized|dispute.opened
N2392,641,payment.authorized|payment.captured|payment.failed|refund.created|refund.settled|payout.paid|dispute.opened|dispute.won|dispute.lost|subscription.renewed|subscription.cancelled
N2393,641,payment.authorized|payment.captured|payment.failed|refund.created|refund.settled|payout.paid|dispute.opened|dispute.won|dispute.lost|subscription.renewed|subscription.cancelled
N2394,641,payment.authorized|payment.captured|payment.failed|refund.created|refund.settled|payout.paid|dispute.opened|dispute.won|dispute.lost|subscription.renewed|subscription.cancelled
N2395,641,payment.authorized|payment.captured|payment.failed|refund.created|refund.settled|payout.paid|dispute.opened|dispute.won|dispute.lost|subscription.renewed|subscription.cancelled
N2396,641,payment.authorized|payment.captured|payment.failed|refund.created|refund.settled|payout.paid|dispute.opened|dispute.won|dispute.lost|subscription.renewed|subscription.cancelled
N2397,641,payment.authorized|payment.captured|payment.failed|refund.created|refund.settled|payout.paid|dispute.opened|dispute.won|dispute.lost|subscription.renewed|subscription.cancelled
N2398,641,payment.authorized|payment.captured|payment.failed|refund.created|refund.settled|payout.paid|dispute.opened|dispute.won|dispute.lost|subscription.renewed|subscription.cancelled
N2399,641,payment.authorized|payment.captured|payment.failed|refund.created|refund.settled|payout.paid|dispute.opened|dispute.won|dispute.lost|subscription.renewed|subscription.cancelled
N2400,641,payment.authorized|payment.captured|payment.failed|refund.created|refund.settled|payout.paid|dispute.opened|dispute.won|dispute.lost|subscription.renewed|subscription.cancelled
N2401,641,payment.authorized|payment.captured|payment.failed|refund.created|refund.settled|payout.paid|dispute.opened|dispute.won|dispute.lost|subscription.renewed|subscription.cancelled
N2402,641,payment.authorized|payment.captured|payment.failed|refund.created|refund.settled|payout.paid|dispute.opened|dispute.won|dispute.lost|subscription.renewed|subscription.cancelled
N2403,641,payment.authorized|payment.captured|payment.failed|refund.created|refund.settled|payout.paid|dispute.opened|dispute.won|dispute.lost|subscription.renewed|subscription.cancelled
N2404,641,payment.authorized|payment.captured|payment.failed|refund.created|refund.settled|payout.paid|dispute.opened|dispute.won|dispute.lost|subscription.renewed|subscription.cancelled
N2405,641,payment.authorized|payment.captured|payment.failed|refund.created|refund.settled|payout.paid|dispute.opened|dispute.won|dispute.lost|subscription.renewed|subscription.cancelled
N2406,641,payment.authorized|payment.captured|payment.failed|refund.created|refund.settled|payout.paid|dispute.opened|dispute.won|dispute.lost|subscription.renewed|subscription.cancelled
N2407,641,payment.authorized|payment.captured|payment.failed|refund.created|refund.settled|payout.paid|dispute.opened|dispute.won|dispute.lost|subscription.renewed|subscription.cancelled
N2408,641,payment.authorized|payment.captured|payment.failed|refund.created|refund.settled|payout.paid|dispute.opened|dispute.won|dispute.lost|subscription.renewed|subscription.cancelled
N2409,641,payment.authorized|payment.captured|payment.failed|refund.created|refund.settled|payout.paid|dispute.opened|dispute.won|dispute.lost|subscription.renewed|subscription.cancelled
N2410,641,payment.authorized|payment.captured|payment.failed|refund.created|refund.settled|payout.paid|dispute.opened|dispute.won|dispute.lost|subscription.renewed|subscription.cancelled
N2411,641,payment.authorized|payment.captured|payment.failed|refund.created|refund.settled|payout.paid|dispute.opened|dispute.won|dispute.lost|subscription.renewed|subscription.cancelled
N2412,641,payment.authorized|payment.captured|payment.failed|refund.created|refund.settled|payout.paid|dispute.opened|dispute.won|dispute.lost|subscription.renewed|subscription.cancelled
N2413,641,payment.authorized|payment.captured|payment.failed|refund.created|refund.settled|payout.paid|dispute.opened|dispute.won|dispute.lost|subscription.renewed|subscription.cancelled
N2414,641,payment.authorized|payment.captured|payment.failed|refund.created|refund.settled|payout.paid|dispute.opened|dispute.won|dispute.lost|subscription.renewed|subscription.cancelled
N2415,641,payment.authorized|payment.captured|payment.failed|refund.created|refund.settled|payout.paid|dispute.opened|dispute.won|dispute.lost|subscription.renewed|subscription.cancelled
N2416,641,payment.authorized|payment.captured|payment.failed|refund.created|refund.settled|payout.paid|dispute.opened|dispute.won|dispute.lost|subscription.renewed|subscription.cancelled
N2417,641,payment.authorized|payment.captured|payment.failed|refund.created|refund.settled|payout.paid|dispute.opened|dispute.won|dispute.lost|subscription.renewed|subscription.cancelled
N2418,641,payment.authorized|payment.captured|payment.failed|refund.created|refund.settled|payout.paid|dispute.opened|dispute.won|dispute.lost|subscription.renewed|subscription.cancelled
N2419,641,payment.authorized|payment.captured|payment.failed|refund.created|refund.settled|payout.paid|dispute.opened|dispute.won|dispute.lost|subscription.renewed|subscription.cancelled
N2420,641,payment.authorized|payment.captured|payment.failed|refund.created|refund.settled|payout.paid|dispute.opened|dispute.won|dispute.lost|subscription.renewed|subscription.cancelled
N2421,641,payment.authorized|payment.captured|payment.failed|refund.created|refund.settled|payout.paid|dispute.opened|dispute.won|dispute.lost|subscription.renewed|subscription.cancelled
N2422,640,payment.authorized|dispute.opened
N2422,641,payment.authorized|payment.captured|payment.failed|refund.created|refund.settled|payout.paid|dispute.opened|dispute.won|dispute.lost|subscription.renewed|subscription.cancelled
N2423,641,payment.authorized|payment.captured|payment.failed|refund.created|refund.settled|payout.paid|dispute.opened|dispute.won|dispute.lost|subscription.renewed|subscription.cancelled
N2424,641,payment.authorized|payment.captured|payment.failed|refund.created|refund.settled|payout.paid|dispute.opened|dispute.won|dispute.lost|subscription.renewed|subscription.cancelled
N2425,641,payment.authorized|payment.captured|payment.failed|refund.created|refund.settled|payout.paid|dispute.opened|dispute.won|dispute.lost|subscription.renewed|subscription.cancelled
N2426,641,payment.authorized|payment.captured|payment.failed|refund.created|refund.settled|payout.paid|dispute.opened|dispute.won|dispute.lost|subscription.renewed|subscription.cancelled
N2427,641,payment.authorized|payment.captured|payment.failed|refund.created|refund.settled|payout.paid|dispute.opened|dispute.won|dispute.lost|subscription.renewed|subscription.cancelled
N2428,641,payment.authorized|payment.captured|payment.failed|refund.created|refund.settled|payout.paid|dispute.opened|dispute.won|dispute.lost|subscription.renewed|subscription.cancelled
N2429,641,payment.authorized|payment.captured|payment.failed|refund.created|refund.settled|payout.paid|dispute.opened|dispute.won|dispute.lost|subscription.renewed|subscription.cancelled
N2430,641,payment.authorized|payment.captured|payment.failed|refund.created|refund.settled|payout.paid|dispute.opened|dispute.won|dispute.lost|subscription.renewed|subscription.cancelled
N2431,641,payment.authorized|payment.captured|payment.failed|refund.created|refund.settled|payout.paid|dispute.opened|dispute.won|dispute.lost|subscription.renewed|subscription.cancelled
N2432,641,payment.authorized|payment.captured|payment.failed|refund.created|refund.settled|payout.paid|dispute.opened|dispute.won|dispute.lost|subscription.renewed|subscription.cancelled
N2433,641,payment.authorized|payment.captured|payment.failed|refund.created|refund.settled|payout.paid|dispute.opened|dispute.won|dispute.lost|subscription.renewed|subscription.cancelled
N2434,641,payment.authorized|payment.captured|payment.failed|refund.created|refund.settled|payout.paid|dispute.opened|dispute.won|dispute.lost|subscription.renewed|subscription.cancelled
N2435,641,payment.authorized|payment.captured|payment.failed|refund.created|refund.settled|payout.paid|dispute.opened|dispute.won|dispute.lost|subscription.renewed|subscription.cancelled
N2436,641,payment.authorized|payment.captured|payment.failed|refund.created|refund.settled|payout.paid|dispute.opened|dispute.won|dispute.lost|subscription.renewed|subscription.cancelled
N2437,641,payment.authorized|payment.captured|payment.failed|refund.created|refund.settled|payout.paid|dispute.opened|dispute.won|dispute.lost|subscription.renewed|subscription.cancelled
N2438,641,payment.authorized|payment.captured|payment.failed|refund.created|refund.settled|payout.paid|dispute.opened|dispute.won|dispute.lost|subscription.renewed|subscription.cancelled
N2439,641,payment.authorized|payment.captured|payment.failed|refund.created|refund.settled|payout.paid|dispute.opened|dispute.won|dispute.lost|subscription.renewed|subscription.cancelled
N2440,641,payment.authorized|payment.captured|payment.failed|refund.created|refund.settled|payout.paid|dispute.opened|dispute.won|dispute.lost|subscription.renewed|subscription.cancelled
N2441,641,payment.authorized|payment.captured|payment.failed|refund.created|refund.settled|payout.paid|dispute.opened|dispute.won|dispute.lost|subscription.renewed|subscription.cancelled
N2442,641,payment.authorized|payment.captured|payment.failed|refund.created|refund.settled|payout.paid|dispute.opened|dispute.won|dispute.lost|subscription.renewed|subscription.cancelled
N2443,641,payment.authorized|payment.captured|payment.failed|refund.created|refund.settled|payout.paid|dispute.opened|dispute.won|dispute.lost|subscription.renewed|subscription.cancelled
N2444,641,payment.authorized|payment.captured|payment.failed|refund.created|refund.settled|payout.paid|dispute.opened|dispute.won|dispute.lost|subscription.renewed|subscription.cancelled
N2445,641,payment.authorized|payment.captured|payment.failed|refund.created|refund.settled|payout.paid|dispute.opened|dispute.won|dispute.lost|subscription.renewed|subscription.cancelled
N2446,641,payment.authorized|payment.captured|payment.failed|refund.created|refund.settled|payout.paid|dispute.opened|dispute.won|dispute.lost|subscription.renewed|subscription.cancelled
N2447,641,payment.authorized|payment.captured|payment.failed|refund.created|refund.settled|payout.paid|dispute.opened|dispute.won|dispute.lost|subscription.renewed|subscription.cancelled
N2448,641,payment.authorized|payment.captured|payment.failed|refund.created|refund.settled|payout.paid|dispute.opened|dispute.won|dispute.lost|subscription.renewed|subscription.cancelled
N2449,641,payment.authorized|payment.captured|payment.failed|refund.created|refund.settled|payout.paid|dispute.opened|dispute.won|dispute.lost|subscription.renewed|subscription.cancelled
N2450,641,payment.authorized|payment.captured|payment.failed|refund.created|refund.settled|payout.paid|dispute.opened|dispute.won|dispute.lost|subscription.renewed|subscription.cancelled
N2451,641,payment.authorized|payment.captured|payment.failed|refund.created|refund.settled|payout.paid|dispute.opened|dispute.won|dispute.lost|subscription.renewed|subscription.cancelled
N2452,641,payment.authorized|payment.captured|payment.failed|refund.created|refund.settled|payout.paid|dispute.opened|dispute.won|dispute.lost|subscription.renewed|subscription.cancelled
N2453,641,payment.authorized|payment.captured|payment.failed|refund.created|refund.settled|payout.paid|dispute.opened|dispute.won|dispute.lost|subscription.renewed|subscription.cancelled
N2454,641,payment.authorized|payment.captured|payment.failed|refund.created|refund.settled|payout.paid|dispute.opened|dispute.won|dispute.lost|subscription.renewed|subscription.cancelled
N2455,641,payment.authorized|payment.captured|payment.failed|refund.created|refund.settled|payout.paid|dispute.opened|dispute.won|dispute.lost|subscription.renewed|subscription.cancelled
N2456,641,payment.authorized|payment.captured|payment.failed|refund.created|refund.settled|payout.paid|dispute.opened|dispute.won|dispute.lost|subscription.renewed|subscription.cancelled
N2457,641,payment.authorized|payment.captured|payment.failed|refund.created|refund.settled|payout.paid|dispute.opened|dispute.won|dispute.lost|subscription.renewed|subscription.cancelled
N2458,641,payment.authorized|payment.captured|payment.failed|refund.created|refund.settled|payout.paid|dispute.opened|dispute.won|dispute.lost|subscription.renewed|subscription.cancelled
N2459,641,payment.authorized|payment.captured|payment.failed|refund.created|refund.settled|payout.paid|dispute.opened|dispute.won|dispute.lost|subscription.renewed|subscription.cancelled
N2460,641,payment.authorized|payment.captured|payment.failed|refund.created|refund.settled|payout.paid|dispute.opened|dispute.won|dispute.lost|subscription.renewed|subscription.cancelled
N2461,641,payment.authorized|payment.captured|payment.failed|refund.created|refund.settled|payout.paid|dispute.opened|dispute.won|dispute.lost|subscription.renewed|subscription.cancelled
N2462,641,payment.authorized|payment.captured|payment.failed|refund.created|refund.settled|payout.paid|dispute.opened|dispute.won|dispute.lost|subscription.renewed|subscription.cancelled
N2463,641,payment.authorized|payment.captured|payment.failed|refund.created|refund.settled|payout.paid|dispute.opened|dispute.won|dispute.lost|subscription.renewed|subscription.cancelled
N2464,641,payment.authorized|payment.captured|payment.failed|refund.created|refund.settled|payout.paid|dispute.opened|dispute.won|dispute.lost|subscription.renewed|subscription.cancelled
N2465,641,payment.authorized|payment.captured|payment.failed|refund.created|refund.settled|payout.paid|dispute.opened|dispute.won|dispute.lost|subscription.renewed|subscription.cancelled
N2466,641,payment.authorized|payment.captured|payment.failed|refund.created|refund.settled|payout.paid|dispute.opened|dispute.won|dispute.lost|subscription.renewed|subscription.cancelled
N2467,641,payment.authorized|payment.captured|payment.failed|refund.created|refund.settled|payout.paid|dispute.opened|dispute.won|dispute.lost|subscription.renewed|subscription.cancelled
N2468,641,payment.authorized|payment.captured|payment.failed|refund.created|refund.settled|payout.paid|dispute.opened|dispute.won|dispute.lost|subscription.renewed|subscription.cancelled
N2469,641,payment.authorized|payment.captured|payment.failed|refund.created|refund.settled|payout.paid|dispute.opened|dispute.won|dispute.lost|subscription.renewed|subscription.cancelled
N2470,641,payment.authorized|payment.captured|payment.failed|refund.created|refund.settled|payout.paid|dispute.opened|dispute.won|dispute.lost|subscription.renewed|subscription.cancelled
N2471,641,payment.authorized|payment.captured|payment.failed|refund.created|refund.settled|payout.paid|dispute.opened|dispute.won|dispute.lost|subscription.renewed|subscription.cancelled
N2472,641,payment.authorized|payment.captured|payment.failed|refund.created|refund.settled|payout.paid|dispute.opened|dispute.won|dispute.lost|subscription.renewed|subscription.cancelled
N2473,641,payment.authorized|payment.captured|payment.failed|refund.created|refund.settled|payout.paid|dispute.opened|dispute.won|dispute.lost|subscription.renewed|subscription.cancelled
N2474,641,payment.authorized|payment.captured|payment.failed|refund.created|refund.settled|payout.paid|dispute.opened|dispute.won|dispute.lost|subscription.renewed|subscription.cancelled
N2475,641,payment.authorized|payment.captured|payment.failed|refund.created|refund.settled|payout.paid|dispute.opened|dispute.won|dispute.lost|subscription.renewed|subscription.cancelled
N2476,641,payment.authorized|payment.captured|payment.failed|refund.created|refund.settled|payout.paid|dispute.opened|dispute.won|dispute.lost|subscription.renewed|subscription.cancelled
N2477,641,payment.authorized|payment.captured|payment.failed|refund.created|refund.settled|payout.paid|dispute.opened|dispute.won|dispute.lost|subscription.renewed|subscription.cancelled
N2478,641,payment.authorized|payment.captured|payment.failed|refund.created|refund.settled|payout.paid|dispute.opened|dispute.won|dispute.lost|subscription.renewed|subscription.cancelled
N2479,641,payment.authorized|payment.captured|payment.failed|refund.created|refund.settled|payout.paid|dispute.opened|dispute.won|dispute.lost|subscription.renewed|subscription.cancelled
N2480,641,payment.authorized|payment.captured|payment.failed|refund.created|refund.settled|payout.paid|dispute.opened|dispute.won|dispute.lost|subscription.renewed|subscription.cancelled
N2481,641,payment.authorized|payment.captured|payment.failed|refund.created|refund.settled|payout.paid|dispute.opened|dispute.won|dispute.lost|subscription.renewed|subscription.cancelled
N2482,641,payment.authorized|payment.captured|payment.failed|refund.created|refund.settled|payout.paid|dispute.opened|dispute.won|dispute.lost|subscription.renewed|subscription.cancelled
N2483,641,payment.authorized|payment.captured|payment.failed|refund.created|refund.settled|payout.paid|dispute.opened|dispute.won|dispute.lost|subscription.renewed|subscription.cancelled
N2484,641,payment.authorized|payment.captured|payment.failed|refund.created|refund.settled|payout.paid|dispute.opened|dispute.won|dispute.lost|subscription.renewed|subscription.cancelled
N2485,641,payment.authorized|payment.captured|payment.failed|refund.created|refund.settled|payout.paid|dispute.opened|dispute.won|dispute.lost|subscription.renewed|subscription.cancelled
N2486,641,payment.authorized|payment.captured|payment.failed|refund.created|refund.settled|payout.paid|dispute.opened|dispute.won|dispute.lost|subscription.renewed|subscription.cancelled
N2487,641,payment.authorized|payment.captured|payment.failed|refund.created|refund.settled|payout.paid|dispute.opened|dispute.won|dispute.lost|subscription.renewed|subscription.cancelled
N2488,641,payment.authorized|payment.captured|payment.failed|refund.created|refund.settled|payout.paid|dispute.opened|dispute.won|dispute.lost|subscription.renewed|subscription.cancelled
N2489,641,payment.authorized|payment.captured|payment.failed|refund.created|refund.settled|payout.paid|dispute.opened|dispute.won|dispute.lost|subscription.renewed|subscription.cancelled
N2490,641,payment.authorized|payment.captured|payment.failed|refund.created|refund.settled|payout.paid|dispute.opened|dispute.won|dispute.lost|subscription.renewed|subscription.cancelled
N2491,641,payment.authorized|payment.captured|payment.failed|refund.created|refund.settled|payout.paid|dispute.opened|dispute.won|dispute.lost|subscription.renewed|subscription.cancelled
N2492,641,payment.authorized|payment.captured|payment.failed|refund.created|refund.settled|payout.paid|dispute.opened|dispute.won|dispute.lost|subscription.renewed|subscription.cancelled
N2493,641,payment.authorized|payment.captured|payment.failed|refund.created|refund.settled|payout.paid|dispute.opened|dispute.won|dispute.lost|subscription.renewed|subscription.cancelled
N2494,641,payment.authorized|payment.captured|payment.failed|refund.created|refund.settled|payout.paid|dispute.opened|dispute.won|dispute.lost|subscription.renewed|subscription.cancelled
N2495,641,payment.authorized|payment.captured|payment.failed|refund.created|refund.settled|payout.paid|dispute.opened|dispute.won|dispute.lost|subscription.renewed|subscription.cancelled
N2496,641,payment.authorized|payment.captured|payment.failed|refund.created|refund.settled|payout.paid|dispute.opened|dispute.won|dispute.lost|subscription.renewed|subscription.cancelled
N2497,641,payment.authorized|payment.captured|payment.failed|refund.created|refund.settled|payout.paid|dispute.opened|dispute.won|dispute.lost|subscription.renewed|subscription.cancelled
N2498,641,payment.authorized|payment.captured|payment.failed|refund.created|refund.settled|payout.paid|dispute.opened|dispute.won|dispute.lost|subscription.renewed|subscription.cancelled
N2499,641,payment.authorized|payment.captured|payment.failed|refund.created|refund.settled|payout.paid|dispute.opened|dispute.won|dispute.lost|subscription.renewed|subscription.cancelled
N2500,641,payment.authorized|payment.captured|payment.failed|refund.created|refund.settled|payout.paid|dispute.opened|dispute.won|dispute.lost|subscription.renewed|subscription.cancelled
N2501,641,payment.authorized|payment.captured|payment.failed|refund.created|refund.settled|payout.paid|dispute.opened|dispute.won|dispute.lost|subscription.renewed|subscription.cancelled
N2502,641,payment.authorized|payment.captured|payment.failed|refund.created|refund.settled|payout.paid|dispute.opened|dispute.won|dispute.lost|subscription.renewed|subscription.cancelled
N2503,641,payment.authorized|payment.captured|payment.failed|refund.created|refund.settled|payout.paid|dispute.opened|dispute.won|dispute.lost|subscription.renewed|subscription.cancelled
N2504,640,payment.authorized|dispute.opened
N2504,641,payment.authorized|payment.captured|payment.failed|refund.created|refund.settled|payout.paid|dispute.opened|dispute.won|dispute.lost|subscription.renewed|subscription.cancelled
N2505,641,payment.authorized|payment.captured|payment.failed|refund.created|refund.settled|payout.paid|dispute.opened|dispute.won|dispute.lost|subscription.renewed|subscription.cancelled
N2506,641,payment.authorized|payment.captured|payment.failed|refund.created|refund.settled|payout.paid|dispute.opened|dispute.won|dispute.lost|subscription.renewed|subscription.cancelled
N2507,641,payment.authorized|payment.captured|payment.failed|refund.created|refund.settled|payout.paid|dispute.opened|dispute.won|dispute.lost|subscription.renewed|subscription.cancelled
N2508,641,payment.authorized|payment.captured|payment.failed|refund.created|refund.settled|payout.paid|dispute.opened|dispute.won|dispute.lost|subscription.renewed|subscription.cancelled
N2509,641,payment.authorized|payment.captured|payment.failed|refund.created|refund.settled|payout.paid|dispute.opened|dispute.won|dispute.lost|subscription.renewed|subscription.cancelled
N2510,641,payment.authorized|payment.captured|payment.failed|refund.created|refund.settled|payout.paid|dispute.opened|dispute.won|dispute.lost|subscription.renewed|subscription.cancelled
N2511,641,payment.authorized|payment.captured|payment.failed|refund.created|refund.settled|payout.paid|dispute.opened|dispute.won|dispute.lost|subscription.renewed|subscription.cancelled
N2512,640,payment.authorized|dispute.opened
N2512,641,payment.authorized|payment.captured|payment.failed|refund.created|refund.settled|payout.paid|dispute.opened|dispute.won|dispute.lost|subscription.renewed|subscription.cancelled
N2513,641,payment.authorized|payment.captured|payment.failed|refund.created|refund.settled|payout.paid|dispute.opened|dispute.won|dispute.lost|subscription.renewed|subscription.cancelled
N2514,641,payment.authorized|payment.captured|payment.failed|refund.created|refund.settled|payout.paid|dispute.opened|dispute.won|dispute.lost|subscription.renewed|subscription.cancelled
N2515,641,payment.authorized|payment.captured|payment.failed|refund.created|refund.settled|payout.paid|dispute.opened|dispute.won|dispute.lost|subscription.renewed|subscription.cancelled
N2516,641,payment.authorized|payment.captured|payment.failed|refund.created|refund.settled|payout.paid|dispute.opened|dispute.won|dispute.lost|subscription.renewed|subscription.cancelled
N2517,641,payment.authorized|payment.captured|payment.failed|refund.created|refund.settled|payout.paid|dispute.opened|dispute.won|dispute.lost|subscription.renewed|subscription.cancelled
N2518,641,payment.authorized|payment.captured|payment.failed|refund.created|refund.settled|payout.paid|dispute.opened|dispute.won|dispute.lost|subscription.renewed|subscription.cancelled
N2519,641,payment.authorized|payment.captured|payment.failed|refund.created|refund.settled|payout.paid|dispute.opened|dispute.won|dispute.lost|subscription.renewed|subscription.cancelled
N2520,641,payment.authorized|payment.captured|payment.failed|refund.created|refund.settled|payout.paid|dispute.opened|dispute.won|dispute.lost|subscription.renewed|subscription.cancelled
N2521,641,payment.authorized|payment.captured|payment.failed|refund.created|refund.settled|payout.paid|dispute.opened|dispute.won|dispute.lost|subscription.renewed|subscription.cancelled
N2522,641,payment.authorized|payment.captured|payment.failed|refund.created|refund.settled|payout.paid|dispute.opened|dispute.won|dispute.lost|subscription.renewed|subscription.cancelled
N2523,641,payment.authorized|payment.captured|payment.failed|refund.created|refund.settled|payout.paid|dispute.opened|dispute.won|dispute.lost|subscription.renewed|subscription.cancelled
N2524,641,payment.authorized|payment.captured|payment.failed|refund.created|refund.settled|payout.paid|dispute.opened|dispute.won|dispute.lost|subscription.renewed|subscription.cancelled
N2525,641,payment.authorized|payment.captured|payment.failed|refund.created|refund.settled|payout.paid|dispute.opened|dispute.won|dispute.lost|subscription.renewed|subscription.cancelled
N2526,641,payment.authorized|payment.captured|payment.failed|refund.created|refund.settled|payout.paid|dispute.opened|dispute.won|dispute.lost|subscription.renewed|subscription.cancelled
N2527,641,payment.authorized|payment.captured|payment.failed|refund.created|refund.settled|payout.paid|dispute.opened|dispute.won|dispute.lost|subscription.renewed|subscription.cancelled
N2528,641,payment.authorized|payment.captured|payment.failed|refund.created|refund.settled|payout.paid|dispute.opened|dispute.won|dispute.lost|subscription.renewed|subscription.cancelled
N2529,641,payment.authorized|payment.captured|payment.failed|refund.created|refund.settled|payout.paid|dispute.opened|dispute.won|dispute.lost|subscription.renewed|subscription.cancelled
N2530,641,payment.authorized|payment.captured|payment.failed|refund.created|refund.settled|payout.paid|dispute.opened|dispute.won|dispute.lost|subscription.renewed|subscription.cancelled
N2531,641,payment.authorized|payment.captured|payment.failed|refund.created|refund.settled|payout.paid|dispute.opened|dispute.won|dispute.lost|subscription.renewed|subscription.cancelled
N2532,641,payment.authorized|payment.captured|payment.failed|refund.created|refund.settled|payout.paid|dispute.opened|dispute.won|dispute.lost|subscription.renewed|subscription.cancelled
N2533,641,payment.authorized|payment.captured|payment.failed|refund.created|refund.settled|payout.paid|dispute.opened|dispute.won|dispute.lost|subscription.renewed|subscription.cancelled
N2534,641,payment.authorized|payment.captured|payment.failed|refund.created|refund.settled|payout.paid|dispute.opened|dispute.won|dispute.lost|subscription.renewed|subscription.cancelled
N2535,641,payment.authorized|payment.captured|payment.failed|refund.created|refund.settled|payout.paid|dispute.opened|dispute.won|dispute.lost|subscription.renewed|subscription.cancelled
N2536,641,payment.authorized|payment.captured|payment.failed|refund.created|refund.settled|payout.paid|dispute.opened|dispute.won|dispute.lost|subscription.renewed|subscription.cancelled
N2537,641,payment.authorized|payment.captured|payment.failed|refund.created|refund.settled|payout.paid|dispute.opened|dispute.won|dispute.lost|subscription.renewed|subscription.cancelled
N2538,641,payment.authorized|payment.captured|payment.failed|refund.created|refund.settled|payout.paid|dispute.opened|dispute.won|dispute.lost|subscription.renewed|subscription.cancelled
N2539,641,payment.authorized|payment.captured|payment.failed|refund.created|refund.settled|payout.paid|dispute.opened|dispute.won|dispute.lost|subscription.renewed|subscription.cancelled
N2540,641,payment.authorized|payment.captured|payment.failed|refund.created|refund.settled|payout.paid|dispute.opened|dispute.won|dispute.lost|subscription.renewed|subscription.cancelled
N2541,641,payment.authorized|payment.captured|payment.failed|refund.created|refund.settled|payout.paid|dispute.opened|dispute.won|dispute.lost|subscription.renewed|subscription.cancelled
N2542,641,payment.authorized|payment.captured|payment.failed|refund.created|refund.settled|payout.paid|dispute.opened|dispute.won|dispute.lost|subscription.renewed|subscription.cancelled
N2543,641,payment.authorized|payment.captured|payment.failed|refund.created|refund.settled|payout.paid|dispute.opened|dispute.won|dispute.lost|subscription.renewed|subscription.cancelled
N2544,641,payment.authorized|payment.captured|payment.failed|refund.created|refund.settled|payout.paid|dispute.opened|dispute.won|dispute.lost|subscription.renewed|subscription.cancelled
N2545,641,payment.authorized|payment.captured|payment.failed|refund.created|refund.settled|payout.paid|dispute.opened|dispute.won|dispute.lost|subscription.renewed|subscription.cancelled
N2546,641,payment.authorized|payment.captured|payment.failed|refund.created|refund.settled|payout.paid|dispute.opened|dispute.won|dispute.lost|subscription.renewed|subscription.cancelled
N2547,641,payment.authorized|payment.captured|payment.failed|refund.created|refund.settled|payout.paid|dispute.opened|dispute.won|dispute.lost|subscription.renewed|subscription.cancelled
N2548,641,payment.authorized|payment.captured|payment.failed|refund.created|refund.settled|payout.paid|dispute.opened|dispute.won|dispute.lost|subscription.renewed|subscription.cancelled
N2549,641,payment.authorized|payment.captured|payment.failed|refund.created|refund.settled|payout.paid|dispute.opened|dispute.won|dispute.lost|subscription.renewed|subscription.cancelled
N2550,641,payment.authorized|payment.captured|payment.failed|refund.created|refund.settled|payout.paid|dispute.opened|dispute.won|dispute.lost|subscription.renewed|subscription.cancelled
N2551,641,payment.authorized|payment.captured|payment.failed|refund.created|refund.settled|payout.paid|dispute.opened|dispute.won|dispute.lost|subscription.renewed|subscription.cancelled
N2552,641,payment.authorized|payment.captured|payment.failed|refund.created|refund.settled|payout.paid|dispute.opened|dispute.won|dispute.lost|subscription.renewed|subscription.cancelled
N2553,641,payment.authorized|payment.captured|payment.failed|refund.created|refund.settled|payout.paid|dispute.opened|dispute.won|dispute.lost|subscription.renewed|subscription.cancelled
N2554,641,payment.authorized|payment.captured|payment.failed|refund.created|refund.settled|payout.paid|dispute.opened|dispute.won|dispute.lost|subscription.renewed|subscription.cancelled
N2555,641,payment.authorized|payment.captured|payment.failed|refund.created|refund.settled|payout.paid|dispute.opened|dispute.won|dispute.lost|subscription.renewed|subscription.cancelled
N2556,641,payment.authorized|payment.captured|payment.failed|refund.created|refund.settled|payout.paid|dispute.opened|dispute.won|dispute.lost|subscription.renewed|subscription.cancelled
N2557,641,payment.authorized|payment.captured|payment.failed|refund.created|refund.settled|payout.paid|dispute.opened|dispute.won|dispute.lost|subscription.renewed|subscription.cancelled
N2558,641,payment.authorized|payment.captured|payment.failed|refund.created|refund.settled|payout.paid|dispute.opened|dispute.won|dispute.lost|subscription.renewed|subscription.cancelled
N2559,641,payment.authorized|payment.captured|payment.failed|refund.created|refund.settled|payout.paid|dispute.opened|dispute.won|dispute.lost|subscription.renewed|subscription.cancelled
N2560,641,payment.authorized|payment.captured|payment.failed|refund.created|refund.settled|payout.paid|dispute.opened|dispute.won|dispute.lost|subscription.renewed|subscription.cancelled
N2561,641,payment.authorized|payment.captured|payment.failed|refund.created|refund.settled|payout.paid|dispute.opened|dispute.won|dispute.lost|subscription.renewed|subscription.cancelled
N2562,641,payment.authorized|payment.captured|payment.failed|refund.created|refund.settled|payout.paid|dispute.opened|dispute.won|dispute.lost|subscription.renewed|subscription.cancelled
N2563,641,payment.authorized|payment.captured|payment.failed|refund.created|refund.settled|payout.paid|dispute.opened|dispute.won|dispute.lost|subscription.renewed|subscription.cancelled
N2564,641,payment.authorized|payment.captured|payment.failed|refund.created|refund.settled|payout.paid|dispute.opened|dispute.won|dispute.lost|subscription.renewed|subscription.cancelled
N2565,641,payment.authorized|payment.captured|payment.failed|refund.created|refund.settled|payout.paid|dispute.opened|dispute.won|dispute.lost|subscription.renewed|subscription.cancelled
N2566,640,payment.authorized|dispute.opened
N2566,641,payment.authorized|payment.captured|payment.failed|refund.created|refund.settled|payout.paid|dispute.opened|dispute.won|dispute.lost|subscription.renewed|subscription.cancelled
N2567,641,payment.authorized|payment.captured|payment.failed|refund.created|refund.settled|payout.paid|dispute.opened|dispute.won|dispute.lost|subscription.renewed|subscription.cancelled
N2568,641,payment.authorized|payment.captured|payment.failed|refund.created|refund.settled|payout.paid|dispute.opened|dispute.won|dispute.lost|subscription.renewed|subscription.cancelled
N2569,641,payment.authorized|payment.captured|payment.failed|refund.created|refund.settled|payout.paid|dispute.opened|dispute.won|dispute.lost|subscription.renewed|subscription.cancelled
N2570,641,payment.authorized|payment.captured|payment.failed|refund.created|refund.settled|payout.paid|dispute.opened|dispute.won|dispute.lost|subscription.renewed|subscription.cancelled
N2571,641,payment.authorized|payment.captured|payment.failed|refund.created|refund.settled|payout.paid|dispute.opened|dispute.won|dispute.lost|subscription.renewed|subscription.cancelled
N2572,641,payment.authorized|payment.captured|payment.failed|refund.created|refund.settled|payout.paid|dispute.opened|dispute.won|dispute.lost|subscription.renewed|subscription.cancelled
N2573,641,payment.authorized|payment.captured|payment.failed|refund.created|refund.settled|payout.paid|dispute.opened|dispute.won|dispute.lost|subscription.renewed|subscription.cancelled
N2574,641,payment.authorized|payment.captured|payment.failed|refund.created|refund.settled|payout.paid|dispute.opened|dispute.won|dispute.lost|subscription.renewed|subscription.cancelled
N2575,641,payment.authorized|payment.captured|payment.failed|refund.created|refund.settled|payout.paid|dispute.opened|dispute.won|dispute.lost|subscription.renewed|subscription.cancelled
N2576,641,payment.authorized|payment.captured|payment.failed|refund.created|refund.settled|payout.paid|dispute.opened|dispute.won|dispute.lost|subscription.renewed|subscription.cancelled
N2577,641,payment.authorized|payment.captured|payment.failed|refund.created|refund.settled|payout.paid|dispute.opened|dispute.won|dispute.lost|subscription.renewed|subscription.cancelled
N2578,641,payment.authorized|payment.captured|payment.failed|refund.created|refund.settled|payout.paid|dispute.opened|dispute.won|dispute.lost|subscription.renewed|subscription.cancelled
N2579,641,payment.authorized|payment.captured|payment.failed|refund.created|refund.settled|payout.paid|dispute.opened|dispute.won|dispute.lost|subscription.renewed|subscription.cancelled
N2580,641,payment.authorized|payment.captured|payment.failed|refund.created|refund.settled|payout.paid|dispute.opened|dispute.won|dispute.lost|subscription.renewed|subscription.cancelled
N2581,641,payment.authorized|payment.captured|payment.failed|refund.created|refund.settled|payout.paid|dispute.opened|dispute.won|dispute.lost|subscription.renewed|subscription.cancelled
N2582,641,payment.authorized|payment.captured|payment.failed|refund.created|refund.settled|payout.paid|dispute.opened|dispute.won|dispute.lost|subscription.renewed|subscription.cancelled
N2583,641,payment.authorized|payment.captured|payment.failed|refund.created|refund.settled|payout.paid|dispute.opened|dispute.won|dispute.lost|subscription.renewed|subscription.cancelled
N2584,641,payment.authorized|payment.captured|payment.failed|refund.created|refund.settled|payout.paid|dispute.opened|dispute.won|dispute.lost|subscription.renewed|subscription.cancelled
N2585,641,payment.authorized|payment.captured|payment.failed|refund.created|refund.settled|payout.paid|dispute.opened|dispute.won|dispute.lost|subscription.renewed|subscription.cancelled
N2586,641,payment.authorized|payment.captured|payment.failed|refund.created|refund.settled|payout.paid|dispute.opened|dispute.won|dispute.lost|subscription.renewed|subscription.cancelled
N2587,641,payment.authorized|payment.captured|payment.failed|refund.created|refund.settled|payout.paid|dispute.opened|dispute.won|dispute.lost|subscription.renewed|subscription.cancelled
N2588,641,payment.authorized|payment.captured|payment.failed|refund.created|refund.settled|payout.paid|dispute.opened|dispute.won|dispute.lost|subscription.renewed|subscription.cancelled
N2589,641,payment.authorized|payment.captured|payment.failed|refund.created|refund.settled|payout.paid|dispute.opened|dispute.won|dispute.lost|subscription.renewed|subscription.cancelled
N2590,641,payment.authorized|payment.captured|payment.failed|refund.created|refund.settled|payout.paid|dispute.opened|dispute.won|dispute.lost|subscription.renewed|subscription.cancelled
N2591,641,payment.authorized|payment.captured|payment.failed|refund.created|refund.settled|payout.paid|dispute.opened|dispute.won|dispute.lost|subscription.renewed|subscription.cancelled
N2592,641,payment.authorized|payment.captured|payment.failed|refund.created|refund.settled|payout.paid|dispute.opened|dispute.won|dispute.lost|subscription.renewed|subscription.cancelled
N2593,641,payment.authorized|payment.captured|payment.failed|refund.created|refund.settled|payout.paid|dispute.opened|dispute.won|dispute.lost|subscription.renewed|subscription.cancelled
N2594,641,payment.authorized|payment.captured|payment.failed|refund.created|refund.settled|payout.paid|dispute.opened|dispute.won|dispute.lost|subscription.renewed|subscription.cancelled
N2595,641,payment.authorized|payment.captured|payment.failed|refund.created|refund.settled|payout.paid|dispute.opened|dispute.won|dispute.lost|subscription.renewed|subscription.cancelled
N2596,641,payment.authorized|payment.captured|payment.failed|refund.created|refund.settled|payout.paid|dispute.opened|dispute.won|dispute.lost|subscription.renewed|subscription.cancelled
N2597,641,payment.authorized|payment.captured|payment.failed|refund.created|refund.settled|payout.paid|dispute.opened|dispute.won|dispute.lost|subscription.renewed|subscription.cancelled
N2598,641,payment.authorized|payment.captured|payment.failed|refund.created|refund.settled|payout.paid|dispute.opened|dispute.won|dispute.lost|subscription.renewed|subscription.cancelled
N2599,641,payment.authorized|payment.captured|payment.failed|refund.created|refund.settled|payout.paid|dispute.opened|dispute.won|dispute.lost|subscription.renewed|subscription.cancelled
N2600,641,payment.authorized|payment.captured|payment.failed|refund.created|refund.settled|payout.paid|dispute.opened|dispute.won|dispute.lost|subscription.renewed|subscription.cancelled
N2601,641,payment.authorized|payment.captured|payment.failed|refund.created|refund.settled|payout.paid|dispute.opened|dispute.won|dispute.lost|subscription.renewed|subscription.cancelled
N2602,641,payment.authorized|payment.captured|payment.failed|refund.created|refund.settled|payout.paid|dispute.opened|dispute.won|dispute.lost|subscription.renewed|subscription.cancelled
N2603,641,payment.authorized|payment.captured|payment.failed|refund.created|refund.settled|payout.paid|dispute.opened|dispute.won|dispute.lost|subscription.renewed|subscription.cancelled
N2604,641,payment.authorized|payment.captured|payment.failed|refund.created|refund.settled|payout.paid|dispute.opened|dispute.won|dispute.lost|subscription.renewed|subscription.cancelled
N2605,641,payment.authorized|payment.captured|payment.failed|refund.created|refund.settled|payout.paid|dispute.opened|dispute.won|dispute.lost|subscription.renewed|subscription.cancelled
N2606,641,payment.authorized|payment.captured|payment.failed|refund.created|refund.settled|payout.paid|dispute.opened|dispute.won|dispute.lost|subscription.renewed|subscription.cancelled
N2607,641,payment.authorized|payment.captured|payment.failed|refund.created|refund.settled|payout.paid|dispute.opened|dispute.won|dispute.lost|subscription.renewed|subscription.cancelled
N2608,641,payment.authorized|payment.captured|payment.failed|refund.created|refund.settled|payout.paid|dispute.opened|dispute.won|dispute.lost|subscription.renewed|subscription.cancelled
N2609,641,payment.authorized|payment.captured|payment.failed|refund.created|refund.settled|payout.paid|dispute.opened|dispute.won|dispute.lost|subscription.renewed|subscription.cancelled
N2610,640,payment.authorized|dispute.opened
N2610,641,payment.authorized|payment.captured|payment.failed|refund.created|refund.settled|payout.paid|dispute.opened|dispute.won|dispute.lost|subscription.renewed|subscription.cancelled
N2611,641,payment.authorized|payment.captured|payment.failed|refund.created|refund.settled|payout.paid|dispute.opened|dispute.won|dispute.lost|subscription.renewed|subscription.cancelled
N2612,641,payment.authorized|payment.captured|payment.failed|refund.created|refund.settled|payout.paid|dispute.opened|dispute.won|dispute.lost|subscription.renewed|subscription.cancelled
N2613,641,payment.authorized|payment.captured|payment.failed|refund.created|refund.settled|payout.paid|dispute.opened|dispute.won|dispute.lost|subscription.renewed|subscription.cancelled
N2614,641,payment.authorized|payment.captured|payment.failed|refund.created|refund.settled|payout.paid|dispute.opened|dispute.won|dispute.lost|subscription.renewed|subscription.cancelled
N2615,641,payment.authorized|payment.captured|payment.failed|refund.created|refund.settled|payout.paid|dispute.opened|dispute.won|dispute.lost|subscription.renewed|subscription.cancelled
N2616,641,payment.authorized|payment.captured|payment.failed|refund.created|refund.settled|payout.paid|dispute.opened|dispute.won|dispute.lost|subscription.renewed|subscription.cancelled
N2617,641,payment.authorized|payment.captured|payment.failed|refund.created|refund.settled|payout.paid|dispute.opened|dispute.won|dispute.lost|subscription.renewed|subscription.cancelled
N2618,641,payment.authorized|payment.captured|payment.failed|refund.created|refund.settled|payout.paid|dispute.opened|dispute.won|dispute.lost|subscription.renewed|subscription.cancelled
N2619,641,payment.authorized|payment.captured|payment.failed|refund.created|refund.settled|payout.paid|dispute.opened|dispute.won|dispute.lost|subscription.renewed|subscription.cancelled
N2620,641,payment.authorized|payment.captured|payment.failed|refund.created|refund.settled|payout.paid|dispute.opened|dispute.won|dispute.lost|subscription.renewed|subscription.cancelled
N2621,641,payment.authorized|payment.captured|payment.failed|refund.created|refund.settled|payout.paid|dispute.opened|dispute.won|dispute.lost|subscription.renewed|subscription.cancelled
N2622,641,payment.authorized|payment.captured|payment.failed|refund.created|refund.settled|payout.paid|dispute.opened|dispute.won|dispute.lost|subscription.renewed|subscription.cancelled
N2623,641,payment.authorized|payment.captured|payment.failed|refund.created|refund.settled|payout.paid|dispute.opened|dispute.won|dispute.lost|subscription.renewed|subscription.cancelled
N2624,641,payment.authorized|payment.captured|payment.failed|refund.created|refund.settled|payout.paid|dispute.opened|dispute.won|dispute.lost|subscription.renewed|subscription.cancelled
N2625,641,payment.authorized|payment.captured|payment.failed|refund.created|refund.settled|payout.paid|dispute.opened|dispute.won|dispute.lost|subscription.renewed|subscription.cancelled
N2626,641,payment.authorized|payment.captured|payment.failed|refund.created|refund.settled|payout.paid|dispute.opened|dispute.won|dispute.lost|subscription.renewed|subscription.cancelled
N2627,641,payment.authorized|payment.captured|payment.failed|refund.created|refund.settled|payout.paid|dispute.opened|dispute.won|dispute.lost|subscription.renewed|subscription.cancelled
N2628,641,payment.authorized|payment.captured|payment.failed|refund.created|refund.settled|payout.paid|dispute.opened|dispute.won|dispute.lost|subscription.renewed|subscription.cancelled
N2629,641,payment.authorized|payment.captured|payment.failed|refund.created|refund.settled|payout.paid|dispute.opened|dispute.won|dispute.lost|subscription.renewed|subscription.cancelled
N2630,641,payment.authorized|payment.captured|payment.failed|refund.created|refund.settled|payout.paid|dispute.opened|dispute.won|dispute.lost|subscription.renewed|subscription.cancelled
N2631,641,payment.authorized|payment.captured|payment.failed|refund.created|refund.settled|payout.paid|dispute.opened|dispute.won|dispute.lost|subscription.renewed|subscription.cancelled
N2632,641,payment.authorized|payment.captured|payment.failed|refund.created|refund.settled|payout.paid|dispute.opened|dispute.won|dispute.lost|subscription.renewed|subscription.cancelled
N2633,641,payment.authorized|payment.captured|payment.failed|refund.created|refund.settled|payout.paid|dispute.opened|dispute.won|dispute.lost|subscription.renewed|subscription.cancelled
N2634,641,payment.authorized|payment.captured|payment.failed|refund.created|refund.settled|payout.paid|dispute.opened|dispute.won|dispute.lost|subscription.renewed|subscription.cancelled
N2635,641,payment.authorized|payment.captured|payment.failed|refund.created|refund.settled|payout.paid|dispute.opened|dispute.won|dispute.lost|subscription.renewed|subscription.cancelled
N2636,640,payment.authorized|dispute.opened
N2636,641,payment.authorized|payment.captured|payment.failed|refund.created|refund.settled|payout.paid|dispute.opened|dispute.won|dispute.lost|subscription.renewed|subscription.cancelled
N2637,641,payment.authorized|payment.captured|payment.failed|refund.created|refund.settled|payout.paid|dispute.opened|dispute.won|dispute.lost|subscription.renewed|subscription.cancelled
N2638,641,payment.authorized|payment.captured|payment.failed|refund.created|refund.settled|payout.paid|dispute.opened|dispute.won|dispute.lost|subscription.renewed|subscription.cancelled
N2639,641,payment.authorized|payment.captured|payment.failed|refund.created|refund.settled|payout.paid|dispute.opened|dispute.won|dispute.lost|subscription.renewed|subscription.cancelled
N2640,641,payment.authorized|payment.captured|payment.failed|refund.created|refund.settled|payout.paid|dispute.opened|dispute.won|dispute.lost|subscription.renewed|subscription.cancelled
N2641,641,payment.authorized|payment.captured|payment.failed|refund.created|refund.settled|payout.paid|dispute.opened|dispute.won|dispute.lost|subscription.renewed|subscription.cancelled
N2642,641,payment.authorized|payment.captured|payment.failed|refund.created|refund.settled|payout.paid|dispute.opened|dispute.won|dispute.lost|subscription.renewed|subscription.cancelled
N2643,641,payment.authorized|payment.captured|payment.failed|refund.created|refund.settled|payout.paid|dispute.opened|dispute.won|dispute.lost|subscription.renewed|subscription.cancelled
N2644,641,payment.authorized|payment.captured|payment.failed|refund.created|refund.settled|payout.paid|dispute.opened|dispute.won|dispute.lost|subscription.renewed|subscription.cancelled
N2645,641,payment.authorized|payment.captured|payment.failed|refund.created|refund.settled|payout.paid|dispute.opened|dispute.won|dispute.lost|subscription.renewed|subscription.cancelled
N2646,641,payment.authorized|payment.captured|payment.failed|refund.created|refund.settled|payout.paid|dispute.opened|dispute.won|dispute.lost|subscription.renewed|subscription.cancelled
N2647,641,payment.authorized|payment.captured|payment.failed|refund.created|refund.settled|payout.paid|dispute.opened|dispute.won|dispute.lost|subscription.renewed|subscription.cancelled
N2648,641,payment.authorized|payment.captured|payment.failed|refund.created|refund.settled|payout.paid|dispute.opened|dispute.won|dispute.lost|subscription.renewed|subscription.cancelled
N2649,641,payment.authorized|payment.captured|payment.failed|refund.created|refund.settled|payout.paid|dispute.opened|dispute.won|dispute.lost|subscription.renewed|subscription.cancelled
N2650,641,payment.authorized|payment.captured|payment.failed|refund.created|refund.settled|payout.paid|dispute.opened|dispute.won|dispute.lost|subscription.renewed|subscription.cancelled
N2651,641,payment.authorized|payment.captured|payment.failed|refund.created|refund.settled|payout.paid|dispute.opened|dispute.won|dispute.lost|subscription.renewed|subscription.cancelled
N2652,641,payment.authorized|payment.captured|payment.failed|refund.created|refund.settled|payout.paid|dispute.opened|dispute.won|dispute.lost|subscription.renewed|subscription.cancelled
N2653,641,payment.authorized|payment.captured|payment.failed|refund.created|refund.settled|payout.paid|dispute.opened|dispute.won|dispute.lost|subscription.renewed|subscription.cancelled
N2654,641,payment.authorized|payment.captured|payment.failed|refund.created|refund.settled|payout.paid|dispute.opened|dispute.won|dispute.lost|subscription.renewed|subscription.cancelled
N2655,641,payment.authorized|payment.captured|payment.failed|refund.created|refund.settled|payout.paid|dispute.opened|dispute.won|dispute.lost|subscription.renewed|subscription.cancelled
N2656,641,payment.authorized|payment.captured|payment.failed|refund.created|refund.settled|payout.paid|dispute.opened|dispute.won|dispute.lost|subscription.renewed|subscription.cancelled
N2657,641,payment.authorized|payment.captured|payment.failed|refund.created|refund.settled|payout.paid|dispute.opened|dispute.won|dispute.lost|subscription.renewed|subscription.cancelled
N2658,641,payment.authorized|payment.captured|payment.failed|refund.created|refund.settled|payout.paid|dispute.opened|dispute.won|dispute.lost|subscription.renewed|subscription.cancelled
N2659,641,payment.authorized|payment.captured|payment.failed|refund.created|refund.settled|payout.paid|dispute.opened|dispute.won|dispute.lost|subscription.renewed|subscription.cancelled
N2660,641,payment.authorized|payment.captured|payment.failed|refund.created|refund.settled|payout.paid|dispute.opened|dispute.won|dispute.lost|subscription.renewed|subscription.cancelled
N2661,641,payment.authorized|payment.captured|payment.failed|refund.created|refund.settled|payout.paid|dispute.opened|dispute.won|dispute.lost|subscription.renewed|subscription.cancelled
N2662,641,payment.authorized|payment.captured|payment.failed|refund.created|refund.settled|payout.paid|dispute.opened|dispute.won|dispute.lost|subscription.renewed|subscription.cancelled
N2663,641,payment.authorized|payment.captured|payment.failed|refund.created|refund.settled|payout.paid|dispute.opened|dispute.won|dispute.lost|subscription.renewed|subscription.cancelled
N2664,641,payment.authorized|payment.captured|payment.failed|refund.created|refund.settled|payout.paid|dispute.opened|dispute.won|dispute.lost|subscription.renewed|subscription.cancelled
N2665,641,payment.authorized|payment.captured|payment.failed|refund.created|refund.settled|payout.paid|dispute.opened|dispute.won|dispute.lost|subscription.renewed|subscription.cancelled
N2666,641,payment.authorized|payment.captured|payment.failed|refund.created|refund.settled|payout.paid|dispute.opened|dispute.won|dispute.lost|subscription.renewed|subscription.cancelled
N2667,641,payment.authorized|payment.captured|payment.failed|refund.created|refund.settled|payout.paid|dispute.opened|dispute.won|dispute.lost|subscription.renewed|subscription.cancelled
N2668,641,payment.authorized|payment.captured|payment.failed|refund.created|refund.settled|payout.paid|dispute.opened|dispute.won|dispute.lost|subscription.renewed|subscription.cancelled
N2669,641,payment.authorized|payment.captured|payment.failed|refund.created|refund.settled|payout.paid|dispute.opened|dispute.won|dispute.lost|subscription.renewed|subscription.cancelled
N2670,641,payment.authorized|payment.captured|payment.failed|refund.created|refund.settled|payout.paid|dispute.opened|dispute.won|dispute.lost|subscription.renewed|subscription.cancelled
N2671,641,payment.authorized|payment.captured|payment.failed|refund.created|refund.settled|payout.paid|dispute.opened|dispute.won|dispute.lost|subscription.renewed|subscription.cancelled
N2672,641,payment.authorized|payment.captured|payment.failed|refund.created|refund.settled|payout.paid|dispute.opened|dispute.won|dispute.lost|subscription.renewed|subscription.cancelled
N2673,641,payment.authorized|payment.captured|payment.failed|refund.created|refund.settled|payout.paid|dispute.opened|dispute.won|dispute.lost|subscription.renewed|subscription.cancelled
N2674,641,payment.authorized|payment.captured|payment.failed|refund.created|refund.settled|payout.paid|dispute.opened|dispute.won|dispute.lost|subscription.renewed|subscription.cancelled
N2675,640,payment.authorized|dispute.opened
N2675,641,payment.authorized|payment.captured|payment.failed|refund.created|refund.settled|payout.paid|dispute.opened|dispute.won|dispute.lost|subscription.renewed|subscription.cancelled
N2676,641,payment.authorized|payment.captured|payment.failed|refund.created|refund.settled|payout.paid|dispute.opened|dispute.won|dispute.lost|subscription.renewed|subscription.cancelled
N2677,641,payment.authorized|payment.captured|payment.failed|refund.created|refund.settled|payout.paid|dispute.opened|dispute.won|dispute.lost|subscription.renewed|subscription.cancelled
N2678,641,payment.authorized|payment.captured|payment.failed|refund.created|refund.settled|payout.paid|dispute.opened|dispute.won|dispute.lost|subscription.renewed|subscription.cancelled
N2679,641,payment.authorized|payment.captured|payment.failed|refund.created|refund.settled|payout.paid|dispute.opened|dispute.won|dispute.lost|subscription.renewed|subscription.cancelled
N2680,641,payment.authorized|payment.captured|payment.failed|refund.created|refund.settled|payout.paid|dispute.opened|dispute.won|dispute.lost|subscription.renewed|subscription.cancelled
N2681,641,payment.authorized|payment.captured|payment.failed|refund.created|refund.settled|payout.paid|dispute.opened|dispute.won|dispute.lost|subscription.renewed|subscription.cancelled
N2682,641,payment.authorized|payment.captured|payment.failed|refund.created|refund.settled|payout.paid|dispute.opened|dispute.won|dispute.lost|subscription.renewed|subscription.cancelled
N2683,641,payment.authorized|payment.captured|payment.failed|refund.created|refund.settled|payout.paid|dispute.opened|dispute.won|dispute.lost|subscription.renewed|subscription.cancelled
N2684,641,payment.authorized|payment.captured|payment.failed|refund.created|refund.settled|payout.paid|dispute.opened|dispute.won|dispute.lost|subscription.renewed|subscription.cancelled
N2685,641,payment.authorized|payment.captured|payment.failed|refund.created|refund.settled|payout.paid|dispute.opened|dispute.won|dispute.lost|subscription.renewed|subscription.cancelled
N2686,641,payment.authorized|payment.captured|payment.failed|refund.created|refund.settled|payout.paid|dispute.opened|dispute.won|dispute.lost|subscription.renewed|subscription.cancelled
N2687,641,payment.authorized|payment.captured|payment.failed|refund.created|refund.settled|payout.paid|dispute.opened|dispute.won|dispute.lost|subscription.renewed|subscription.cancelled
N2688,641,payment.authorized|payment.captured|payment.failed|refund.created|refund.settled|payout.paid|dispute.opened|dispute.won|dispute.lost|subscription.renewed|subscription.cancelled
N2689,641,payment.authorized|payment.captured|payment.failed|refund.created|refund.settled|payout.paid|dispute.opened|dispute.won|dispute.lost|subscription.renewed|subscription.cancelled
N2690,641,payment.authorized|payment.captured|payment.failed|refund.created|refund.settled|payout.paid|dispute.opened|dispute.won|dispute.lost|subscription.renewed|subscription.cancelled
N2691,641,payment.authorized|payment.captured|payment.failed|refund.created|refund.settled|payout.paid|dispute.opened|dispute.won|dispute.lost|subscription.renewed|subscription.cancelled
N2692,641,payment.authorized|payment.captured|payment.failed|refund.created|refund.settled|payout.paid|dispute.opened|dispute.won|dispute.lost|subscription.renewed|subscription.cancelled
N2693,641,payment.authorized|payment.captured|payment.failed|refund.created|refund.settled|payout.paid|dispute.opened|dispute.won|dispute.lost|subscription.renewed|subscription.cancelled
N2694,641,payment.authorized|payment.captured|payment.failed|refund.created|refund.settled|payout.paid|dispute.opened|dispute.won|dispute.lost|subscription.renewed|subscription.cancelled
N2695,640,payment.authorized|dispute.opened
N2695,641,payment.authorized|payment.captured|payment.failed|refund.created|refund.settled|payout.paid|dispute.opened|dispute.won|dispute.lost|subscription.renewed|subscription.cancelled
N2696,641,payment.authorized|payment.captured|payment.failed|refund.created|refund.settled|payout.paid|dispute.opened|dispute.won|dispute.lost|subscription.renewed|subscription.cancelled
N2697,641,payment.authorized|payment.captured|payment.failed|refund.created|refund.settled|payout.paid|dispute.opened|dispute.won|dispute.lost|subscription.renewed|subscription.cancelled
N2698,641,payment.authorized|payment.captured|payment.failed|refund.created|refund.settled|payout.paid|dispute.opened|dispute.won|dispute.lost|subscription.renewed|subscription.cancelled
N2699,641,payment.authorized|payment.captured|payment.failed|refund.created|refund.settled|payout.paid|dispute.opened|dispute.won|dispute.lost|subscription.renewed|subscription.cancelled
N2700,641,payment.authorized|payment.captured|payment.failed|refund.created|refund.settled|payout.paid|dispute.opened|dispute.won|dispute.lost|subscription.renewed|subscription.cancelled
N2701,641,payment.authorized|payment.captured|payment.failed|refund.created|refund.settled|payout.paid|dispute.opened|dispute.won|dispute.lost|subscription.renewed|subscription.cancelled
N2702,641,payment.authorized|payment.captured|payment.failed|refund.created|refund.settled|payout.paid|dispute.opened|dispute.won|dispute.lost|subscription.renewed|subscription.cancelled
N2703,641,payment.authorized|payment.captured|payment.failed|refund.created|refund.settled|payout.paid|dispute.opened|dispute.won|dispute.lost|subscription.renewed|subscription.cancelled
N2704,641,payment.authorized|payment.captured|payment.failed|refund.created|refund.settled|payout.paid|dispute.opened|dispute.won|dispute.lost|subscription.renewed|subscription.cancelled
N2705,641,payment.authorized|payment.captured|payment.failed|refund.created|refund.settled|payout.paid|dispute.opened|dispute.won|dispute.lost|subscription.renewed|subscription.cancelled
N2706,641,payment.authorized|payment.captured|payment.failed|refund.created|refund.settled|payout.paid|dispute.opened|dispute.won|dispute.lost|subscription.renewed|subscription.cancelled
N2707,641,payment.authorized|payment.captured|payment.failed|refund.created|refund.settled|payout.paid|dispute.opened|dispute.won|dispute.lost|subscription.renewed|subscription.cancelled
N2708,641,payment.authorized|payment.captured|payment.failed|refund.created|refund.settled|payout.paid|dispute.opened|dispute.won|dispute.lost|subscription.renewed|subscription.cancelled
N2709,641,payment.authorized|payment.captured|payment.failed|refund.created|refund.settled|payout.paid|dispute.opened|dispute.won|dispute.lost|subscription.renewed|subscription.cancelled
N2710,641,payment.authorized|payment.captured|payment.failed|refund.created|refund.settled|payout.paid|dispute.opened|dispute.won|dispute.lost|subscription.renewed|subscription.cancelled
N2711,641,payment.authorized|payment.captured|payment.failed|refund.created|refund.settled|payout.paid|dispute.opened|dispute.won|dispute.lost|subscription.renewed|subscription.cancelled
N2712,641,payment.authorized|payment.captured|payment.failed|refund.created|refund.settled|payout.paid|dispute.opened|dispute.won|dispute.lost|subscription.renewed|subscription.cancelled
N2713,641,payment.authorized|payment.captured|payment.failed|refund.created|refund.settled|payout.paid|dispute.opened|dispute.won|dispute.lost|subscription.renewed|subscription.cancelled
N2714,641,payment.authorized|payment.captured|payment.failed|refund.created|refund.settled|payout.paid|dispute.opened|dispute.won|dispute.lost|subscription.renewed|subscription.cancelled
N2715,641,payment.authorized|payment.captured|payment.failed|refund.created|refund.settled|payout.paid|dispute.opened|dispute.won|dispute.lost|subscription.renewed|subscription.cancelled
N2716,641,payment.authorized|payment.captured|payment.failed|refund.created|refund.settled|payout.paid|dispute.opened|dispute.won|dispute.lost|subscription.renewed|subscription.cancelled
N2717,641,payment.authorized|payment.captured|payment.failed|refund.created|refund.settled|payout.paid|dispute.opened|dispute.won|dispute.lost|subscription.renewed|subscription.cancelled
N2718,641,payment.authorized|payment.captured|payment.failed|refund.created|refund.settled|payout.paid|dispute.opened|dispute.won|dispute.lost|subscription.renewed|subscription.cancelled
N2719,641,payment.authorized|payment.captured|payment.failed|refund.created|refund.settled|payout.paid|dispute.opened|dispute.won|dispute.lost|subscription.renewed|subscription.cancelled
N2720,641,payment.authorized|payment.captured|payment.failed|refund.created|refund.settled|payout.paid|dispute.opened|dispute.won|dispute.lost|subscription.renewed|subscription.cancelled
N2721,641,payment.authorized|payment.captured|payment.failed|refund.created|refund.settled|payout.paid|dispute.opened|dispute.won|dispute.lost|subscription.renewed|subscription.cancelled
N2722,641,payment.authorized|payment.captured|payment.failed|refund.created|refund.settled|payout.paid|dispute.opened|dispute.won|dispute.lost|subscription.renewed|subscription.cancelled
N2723,641,payment.authorized|payment.captured|payment.failed|refund.created|refund.settled|payout.paid|dispute.opened|dispute.won|dispute.lost|subscription.renewed|subscription.cancelled
N2724,641,payment.authorized|payment.captured|payment.failed|refund.created|refund.settled|payout.paid|dispute.opened|dispute.won|dispute.lost|subscription.renewed|subscription.cancelled
N2725,641,payment.authorized|payment.captured|payment.failed|refund.created|refund.settled|payout.paid|dispute.opened|dispute.won|dispute.lost|subscription.renewed|subscription.cancelled
N2726,641,payment.authorized|payment.captured|payment.failed|refund.created|refund.settled|payout.paid|dispute.opened|dispute.won|dispute.lost|subscription.renewed|subscription.cancelled
N2727,641,payment.authorized|payment.captured|payment.failed|refund.created|refund.settled|payout.paid|dispute.opened|dispute.won|dispute.lost|subscription.renewed|subscription.cancelled
N2728,640,payment.authorized|dispute.opened
N2728,641,payment.authorized|payment.captured|payment.failed|refund.created|refund.settled|payout.paid|dispute.opened|dispute.won|dispute.lost|subscription.renewed|subscription.cancelled
N2729,641,payment.authorized|payment.captured|payment.failed|refund.created|refund.settled|payout.paid|dispute.opened|dispute.won|dispute.lost|subscription.renewed|subscription.cancelled
N2730,641,payment.authorized|payment.captured|payment.failed|refund.created|refund.settled|payout.paid|dispute.opened|dispute.won|dispute.lost|subscription.renewed|subscription.cancelled
N2731,641,payment.authorized|payment.captured|payment.failed|refund.created|refund.settled|payout.paid|dispute.opened|dispute.won|dispute.lost|subscription.renewed|subscription.cancelled
N2732,641,payment.authorized|payment.captured|payment.failed|refund.created|refund.settled|payout.paid|dispute.opened|dispute.won|dispute.lost|subscription.renewed|subscription.cancelled
N2733,641,payment.authorized|payment.captured|payment.failed|refund.created|refund.settled|payout.paid|dispute.opened|dispute.won|dispute.lost|subscription.renewed|subscription.cancelled
N2734,641,payment.authorized|payment.captured|payment.failed|refund.created|refund.settled|payout.paid|dispute.opened|dispute.won|dispute.lost|subscription.renewed|subscription.cancelled
N2735,641,payment.authorized|payment.captured|payment.failed|refund.created|refund.settled|payout.paid|dispute.opened|dispute.won|dispute.lost|subscription.renewed|subscription.cancelled
N2736,641,payment.authorized|payment.captured|payment.failed|refund.created|refund.settled|payout.paid|dispute.opened|dispute.won|dispute.lost|subscription.renewed|subscription.cancelled
N2737,641,payment.authorized|payment.captured|payment.failed|refund.created|refund.settled|payout.paid|dispute.opened|dispute.won|dispute.lost|subscription.renewed|subscription.cancelled
N2738,641,payment.authorized|payment.captured|payment.failed|refund.created|refund.settled|payout.paid|dispute.opened|dispute.won|dispute.lost|subscription.renewed|subscription.cancelled
N2739,641,payment.authorized|payment.captured|payment.failed|refund.created|refund.settled|payout.paid|dispute.opened|dispute.won|dispute.lost|subscription.renewed|subscription.cancelled
N2740,641,payment.authorized|payment.captured|payment.failed|refund.created|refund.settled|payout.paid|dispute.opened|dispute.won|dispute.lost|subscription.renewed|subscription.cancelled
N2741,641,payment.authorized|payment.captured|payment.failed|refund.created|refund.settled|payout.paid|dispute.opened|dispute.won|dispute.lost|subscription.renewed|subscription.cancelled
N2742,641,payment.authorized|payment.captured|payment.failed|refund.created|refund.settled|payout.paid|dispute.opened|dispute.won|dispute.lost|subscription.renewed|subscription.cancelled
N2743,641,payment.authorized|payment.captured|payment.failed|refund.created|refund.settled|payout.paid|dispute.opened|dispute.won|dispute.lost|subscription.renewed|subscription.cancelled
N2744,641,payment.authorized|payment.captured|payment.failed|refund.created|refund.settled|payout.paid|dispute.opened|dispute.won|dispute.lost|subscription.renewed|subscription.cancelled
N2745,641,payment.authorized|payment.captured|payment.failed|refund.created|refund.settled|payout.paid|dispute.opened|dispute.won|dispute.lost|subscription.renewed|subscription.cancelled
N2746,641,payment.authorized|payment.captured|payment.failed|refund.created|refund.settled|payout.paid|dispute.opened|dispute.won|dispute.lost|subscription.renewed|subscription.cancelled
N2747,641,payment.authorized|payment.captured|payment.failed|refund.created|refund.settled|payout.paid|dispute.opened|dispute.won|dispute.lost|subscription.renewed|subscription.cancelled
N2748,641,payment.authorized|payment.captured|payment.failed|refund.created|refund.settled|payout.paid|dispute.opened|dispute.won|dispute.lost|subscription.renewed|subscription.cancelled
N2749,641,payment.authorized|payment.captured|payment.failed|refund.created|refund.settled|payout.paid|dispute.opened|dispute.won|dispute.lost|subscription.renewed|subscription.cancelled
N2750,641,payment.authorized|payment.captured|payment.failed|refund.created|refund.settled|payout.paid|dispute.opened|dispute.won|dispute.lost|subscription.renewed|subscription.cancelled
N2751,641,payment.authorized|payment.captured|payment.failed|refund.created|refund.settled|payout.paid|dispute.opened|dispute.won|dispute.lost|subscription.renewed|subscription.cancelled
N2752,641,payment.authorized|payment.captured|payment.failed|refund.created|refund.settled|payout.paid|dispute.opened|dispute.won|dispute.lost|subscription.renewed|subscription.cancelled
N2753,641,payment.authorized|payment.captured|payment.failed|refund.created|refund.settled|payout.paid|dispute.opened|dispute.won|dispute.lost|subscription.renewed|subscription.cancelled
N2754,641,payment.authorized|payment.captured|payment.failed|refund.created|refund.settled|payout.paid|dispute.opened|dispute.won|dispute.lost|subscription.renewed|subscription.cancelled
N2755,641,payment.authorized|payment.captured|payment.failed|refund.created|refund.settled|payout.paid|dispute.opened|dispute.won|dispute.lost|subscription.renewed|subscription.cancelled
N2756,641,payment.authorized|payment.captured|payment.failed|refund.created|refund.settled|payout.paid|dispute.opened|dispute.won|dispute.lost|subscription.renewed|subscription.cancelled
N2757,641,payment.authorized|payment.captured|payment.failed|refund.created|refund.settled|payout.paid|dispute.opened|dispute.won|dispute.lost|subscription.renewed|subscription.cancelled
N2758,641,payment.authorized|payment.captured|payment.failed|refund.created|refund.settled|payout.paid|dispute.opened|dispute.won|dispute.lost|subscription.renewed|subscription.cancelled
N2759,641,payment.authorized|payment.captured|payment.failed|refund.created|refund.settled|payout.paid|dispute.opened|dispute.won|dispute.lost|subscription.renewed|subscription.cancelled
N2760,641,payment.authorized|payment.captured|payment.failed|refund.created|refund.settled|payout.paid|dispute.opened|dispute.won|dispute.lost|subscription.renewed|subscription.cancelled
N2761,641,payment.authorized|payment.captured|payment.failed|refund.created|refund.settled|payout.paid|dispute.opened|dispute.won|dispute.lost|subscription.renewed|subscription.cancelled
N2762,641,payment.authorized|payment.captured|payment.failed|refund.created|refund.settled|payout.paid|dispute.opened|dispute.won|dispute.lost|subscription.renewed|subscription.cancelled
N2763,641,payment.authorized|payment.captured|payment.failed|refund.created|refund.settled|payout.paid|dispute.opened|dispute.won|dispute.lost|subscription.renewed|subscription.cancelled
N2764,641,payment.authorized|payment.captured|payment.failed|refund.created|refund.settled|payout.paid|dispute.opened|dispute.won|dispute.lost|subscription.renewed|subscription.cancelled
N2765,641,payment.authorized|payment.captured|payment.failed|refund.created|refund.settled|payout.paid|dispute.opened|dispute.won|dispute.lost|subscription.renewed|subscription.cancelled
N2766,641,payment.authorized|payment.captured|payment.failed|refund.created|refund.settled|payout.paid|dispute.opened|dispute.won|dispute.lost|subscription.renewed|subscription.cancelled
N2767,641,payment.authorized|payment.captured|payment.failed|refund.created|refund.settled|payout.paid|dispute.opened|dispute.won|dispute.lost|subscription.renewed|subscription.cancelled
N2768,641,payment.authorized|payment.captured|payment.failed|refund.created|refund.settled|payout.paid|dispute.opened|dispute.won|dispute.lost|subscription.renewed|subscription.cancelled
N2769,641,payment.authorized|payment.captured|payment.failed|refund.created|refund.settled|payout.paid|dispute.opened|dispute.won|dispute.lost|subscription.renewed|subscription.cancelled
N2770,641,payment.authorized|payment.captured|payment.failed|refund.created|refund.settled|payout.paid|dispute.opened|dispute.won|dispute.lost|subscription.renewed|subscription.cancelled
N2771,641,payment.authorized|payment.captured|payment.failed|refund.created|refund.settled|payout.paid|dispute.opened|dispute.won|dispute.lost|subscription.renewed|subscription.cancelled
N2772,641,payment.authorized|payment.captured|payment.failed|refund.created|refund.settled|payout.paid|dispute.opened|dispute.won|dispute.lost|subscription.renewed|subscription.cancelled
N2773,641,payment.authorized|payment.captured|payment.failed|refund.created|refund.settled|payout.paid|dispute.opened|dispute.won|dispute.lost|subscription.renewed|subscription.cancelled
N2774,641,payment.authorized|payment.captured|payment.failed|refund.created|refund.settled|payout.paid|dispute.opened|dispute.won|dispute.lost|subscription.renewed|subscription.cancelled
N2775,641,payment.authorized|payment.captured|payment.failed|refund.created|refund.settled|payout.paid|dispute.opened|dispute.won|dispute.lost|subscription.renewed|subscription.cancelled
N2776,641,payment.authorized|payment.captured|payment.failed|refund.created|refund.settled|payout.paid|dispute.opened|dispute.won|dispute.lost|subscription.renewed|subscription.cancelled
N2777,641,payment.authorized|payment.captured|payment.failed|refund.created|refund.settled|payout.paid|dispute.opened|dispute.won|dispute.lost|subscription.renewed|subscription.cancelled
N2778,641,payment.authorized|payment.captured|payment.failed|refund.created|refund.settled|payout.paid|dispute.opened|dispute.won|dispute.lost|subscription.renewed|subscription.cancelled
N2779,641,payment.authorized|payment.captured|payment.failed|refund.created|refund.settled|payout.paid|dispute.opened|dispute.won|dispute.lost|subscription.renewed|subscription.cancelled
N2780,641,payment.authorized|payment.captured|payment.failed|refund.created|refund.settled|payout.paid|dispute.opened|dispute.won|dispute.lost|subscription.renewed|subscription.cancelled
N2781,641,payment.authorized|payment.captured|payment.failed|refund.created|refund.settled|payout.paid|dispute.opened|dispute.won|dispute.lost|subscription.renewed|subscription.cancelled
N2782,641,payment.authorized|payment.captured|payment.failed|refund.created|refund.settled|payout.paid|dispute.opened|dispute.won|dispute.lost|subscription.renewed|subscription.cancelled
N2783,641,payment.authorized|payment.captured|payment.failed|refund.created|refund.settled|payout.paid|dispute.opened|dispute.won|dispute.lost|subscription.renewed|subscription.cancelled
N2784,641,payment.authorized|payment.captured|payment.failed|refund.created|refund.settled|payout.paid|dispute.opened|dispute.won|dispute.lost|subscription.renewed|subscription.cancelled
N2785,641,payment.authorized|payment.captured|payment.failed|refund.created|refund.settled|payout.paid|dispute.opened|dispute.won|dispute.lost|subscription.renewed|subscription.cancelled
N2786,641,payment.authorized|payment.captured|payment.failed|refund.created|refund.settled|payout.paid|dispute.opened|dispute.won|dispute.lost|subscription.renewed|subscription.cancelled
N2787,641,payment.authorized|payment.captured|payment.failed|refund.created|refund.settled|payout.paid|dispute.opened|dispute.won|dispute.lost|subscription.renewed|subscription.cancelled
N2788,641,payment.authorized|payment.captured|payment.failed|refund.created|refund.settled|payout.paid|dispute.opened|dispute.won|dispute.lost|subscription.renewed|subscription.cancelled
N2789,641,payment.authorized|payment.captured|payment.failed|refund.created|refund.settled|payout.paid|dispute.opened|dispute.won|dispute.lost|subscription.renewed|subscription.cancelled
N2790,641,payment.authorized|payment.captured|payment.failed|refund.created|refund.settled|payout.paid|dispute.opened|dispute.won|dispute.lost|subscription.renewed|subscription.cancelled
N2791,641,payment.authorized|payment.captured|payment.failed|refund.created|refund.settled|payout.paid|dispute.opened|dispute.won|dispute.lost|subscription.renewed|subscription.cancelled
N2792,641,payment.authorized|payment.captured|payment.failed|refund.created|refund.settled|payout.paid|dispute.opened|dispute.won|dispute.lost|subscription.renewed|subscription.cancelled
N2793,641,payment.authorized|payment.captured|payment.failed|refund.created|refund.settled|payout.paid|dispute.opened|dispute.won|dispute.lost|subscription.renewed|subscription.cancelled
N2794,641,payment.authorized|payment.captured|payment.failed|refund.created|refund.settled|payout.paid|dispute.opened|dispute.won|dispute.lost|subscription.renewed|subscription.cancelled
N2795,641,payment.authorized|payment.captured|payment.failed|refund.created|refund.settled|payout.paid|dispute.opened|dispute.won|dispute.lost|subscription.renewed|subscription.cancelled
N2796,640,payment.authorized|dispute.opened
N2796,641,payment.authorized|payment.captured|payment.failed|refund.created|refund.settled|payout.paid|dispute.opened|dispute.won|dispute.lost|subscription.renewed|subscription.cancelled
N2797,641,payment.authorized|payment.captured|payment.failed|refund.created|refund.settled|payout.paid|dispute.opened|dispute.won|dispute.lost|subscription.renewed|subscription.cancelled
N2798,641,payment.authorized|payment.captured|payment.failed|refund.created|refund.settled|payout.paid|dispute.opened|dispute.won|dispute.lost|subscription.renewed|subscription.cancelled
N2799,641,payment.authorized|payment.captured|payment.failed|refund.created|refund.settled|payout.paid|dispute.opened|dispute.won|dispute.lost|subscription.renewed|subscription.cancelled
N2800,641,payment.authorized|payment.captured|payment.failed|refund.created|refund.settled|payout.paid|dispute.opened|dispute.won|dispute.lost|subscription.renewed|subscription.cancelled
N2801,641,payment.authorized|payment.captured|payment.failed|refund.created|refund.settled|payout.paid|dispute.opened|dispute.won|dispute.lost|subscription.renewed|subscription.cancelled
N2802,641,payment.authorized|payment.captured|payment.failed|refund.created|refund.settled|payout.paid|dispute.opened|dispute.won|dispute.lost|subscription.renewed|subscription.cancelled
N2803,641,payment.authorized|payment.captured|payment.failed|refund.created|refund.settled|payout.paid|dispute.opened|dispute.won|dispute.lost|subscription.renewed|subscription.cancelled
N2804,641,payment.authorized|payment.captured|payment.failed|refund.created|refund.settled|payout.paid|dispute.opened|dispute.won|dispute.lost|subscription.renewed|subscription.cancelled
N2805,641,payment.authorized|payment.captured|payment.failed|refund.created|refund.settled|payout.paid|dispute.opened|dispute.won|dispute.lost|subscription.renewed|subscription.cancelled
N2806,641,payment.authorized|payment.captured|payment.failed|refund.created|refund.settled|payout.paid|dispute.opened|dispute.won|dispute.lost|subscription.renewed|subscription.cancelled
N2807,641,payment.authorized|payment.captured|payment.failed|refund.created|refund.settled|payout.paid|dispute.opened|dispute.won|dispute.lost|subscription.renewed|subscription.cancelled
N2808,641,payment.authorized|payment.captured|payment.failed|refund.created|refund.settled|payout.paid|dispute.opened|dispute.won|dispute.lost|subscription.renewed|subscription.cancelled
N2809,641,payment.authorized|payment.captured|payment.failed|refund.created|refund.settled|payout.paid|dispute.opened|dispute.won|dispute.lost|subscription.renewed|subscription.cancelled
N2810,641,payment.authorized|payment.captured|payment.failed|refund.created|refund.settled|payout.paid|dispute.opened|dispute.won|dispute.lost|subscription.renewed|subscription.cancelled
N2811,641,payment.authorized|payment.captured|payment.failed|refund.created|refund.settled|payout.paid|dispute.opened|dispute.won|dispute.lost|subscription.renewed|subscription.cancelled
N2812,641,payment.authorized|payment.captured|payment.failed|refund.created|refund.settled|payout.paid|dispute.opened|dispute.won|dispute.lost|subscription.renewed|subscription.cancelled
N2813,640,payment.authorized|dispute.opened
N2813,641,payment.authorized|payment.captured|payment.failed|refund.created|refund.settled|payout.paid|dispute.opened|dispute.won|dispute.lost|subscription.renewed|subscription.cancelled
N2814,641,payment.authorized|payment.captured|payment.failed|refund.created|refund.settled|payout.paid|dispute.opened|dispute.won|dispute.lost|subscription.renewed|subscription.cancelled
N2815,641,payment.authorized|payment.captured|payment.failed|refund.created|refund.settled|payout.paid|dispute.opened|dispute.won|dispute.lost|subscription.renewed|subscription.cancelled
N2816,641,payment.authorized|payment.captured|payment.failed|refund.created|refund.settled|payout.paid|dispute.opened|dispute.won|dispute.lost|subscription.renewed|subscription.cancelled
N2817,641,payment.authorized|payment.captured|payment.failed|refund.created|refund.settled|payout.paid|dispute.opened|dispute.won|dispute.lost|subscription.renewed|subscription.cancelled
N2818,641,payment.authorized|payment.captured|payment.failed|refund.created|refund.settled|payout.paid|dispute.opened|dispute.won|dispute.lost|subscription.renewed|subscription.cancelled
N2819,641,payment.authorized|payment.captured|payment.failed|refund.created|refund.settled|payout.paid|dispute.opened|dispute.won|dispute.lost|subscription.renewed|subscription.cancelled
N2820,641,payment.authorized|payment.captured|payment.failed|refund.created|refund.settled|payout.paid|dispute.opened|dispute.won|dispute.lost|subscription.renewed|subscription.cancelled
N2821,641,payment.authorized|payment.captured|payment.failed|refund.created|refund.settled|payout.paid|dispute.opened|dispute.won|dispute.lost|subscription.renewed|subscription.cancelled
N2822,641,payment.authorized|payment.captured|payment.failed|refund.created|refund.settled|payout.paid|dispute.opened|dispute.won|dispute.lost|subscription.renewed|subscription.cancelled
N2823,641,payment.authorized|payment.captured|payment.failed|refund.created|refund.settled|payout.paid|dispute.opened|dispute.won|dispute.lost|subscription.renewed|subscription.cancelled
N2824,641,payment.authorized|payment.captured|payment.failed|refund.created|refund.settled|payout.paid|dispute.opened|dispute.won|dispute.lost|subscription.renewed|subscription.cancelled
N2825,641,payment.authorized|payment.captured|payment.failed|refund.created|refund.settled|payout.paid|dispute.opened|dispute.won|dispute.lost|subscription.renewed|subscription.cancelled
N2826,641,payment.authorized|payment.captured|payment.failed|refund.created|refund.settled|payout.paid|dispute.opened|dispute.won|dispute.lost|subscription.renewed|subscription.cancelled
N2827,641,payment.authorized|payment.captured|payment.failed|refund.created|refund.settled|payout.paid|dispute.opened|dispute.won|dispute.lost|subscription.renewed|subscription.cancelled
N2828,641,payment.authorized|payment.captured|payment.failed|refund.created|refund.settled|payout.paid|dispute.opened|dispute.won|dispute.lost|subscription.renewed|subscription.cancelled
N2829,641,payment.authorized|payment.captured|payment.failed|refund.created|refund.settled|payout.paid|dispute.opened|dispute.won|dispute.lost|subscription.renewed|subscription.cancelled
N2830,641,payment.authorized|payment.captured|payment.failed|refund.created|refund.settled|payout.paid|dispute.opened|dispute.won|dispute.lost|subscription.renewed|subscription.cancelled
N2831,641,payment.authorized|payment.captured|payment.failed|refund.created|refund.settled|payout.paid|dispute.opened|dispute.won|dispute.lost|subscription.renewed|subscription.cancelled
N2832,641,payment.authorized|payment.captured|payment.failed|refund.created|refund.settled|payout.paid|dispute.opened|dispute.won|dispute.lost|subscription.renewed|subscription.cancelled
N2833,641,payment.authorized|payment.captured|payment.failed|refund.created|refund.settled|payout.paid|dispute.opened|dispute.won|dispute.lost|subscription.renewed|subscription.cancelled
N2834,641,payment.authorized|payment.captured|payment.failed|refund.created|refund.settled|payout.paid|dispute.opened|dispute.won|dispute.lost|subscription.renewed|subscription.cancelled
N2835,641,payment.authorized|payment.captured|payment.failed|refund.created|refund.settled|payout.paid|dispute.opened|dispute.won|dispute.lost|subscription.renewed|subscription.cancelled
N2836,641,payment.authorized|payment.captured|payment.failed|refund.created|refund.settled|payout.paid|dispute.opened|dispute.won|dispute.lost|subscription.renewed|subscription.cancelled
N2837,641,payment.authorized|payment.captured|payment.failed|refund.created|refund.settled|payout.paid|dispute.opened|dispute.won|dispute.lost|subscription.renewed|subscription.cancelled
N2838,641,payment.authorized|payment.captured|payment.failed|refund.created|refund.settled|payout.paid|dispute.opened|dispute.won|dispute.lost|subscription.renewed|subscription.cancelled
N2839,641,payment.authorized|payment.captured|payment.failed|refund.created|refund.settled|payout.paid|dispute.opened|dispute.won|dispute.lost|subscription.renewed|subscription.cancelled
N2840,641,payment.authorized|payment.captured|payment.failed|refund.created|refund.settled|payout.paid|dispute.opened|dispute.won|dispute.lost|subscription.renewed|subscription.cancelled
N2841,641,payment.authorized|payment.captured|payment.failed|refund.created|refund.settled|payout.paid|dispute.opened|dispute.won|dispute.lost|subscription.renewed|subscription.cancelled
N2842,641,payment.authorized|payment.captured|payment.failed|refund.created|refund.settled|payout.paid|dispute.opened|dispute.won|dispute.lost|subscription.renewed|subscription.cancelled
N2843,641,payment.authorized|payment.captured|payment.failed|refund.created|refund.settled|payout.paid|dispute.opened|dispute.won|dispute.lost|subscription.renewed|subscription.cancelled
N2844,641,payment.authorized|payment.captured|payment.failed|refund.created|refund.settled|payout.paid|dispute.opened|dispute.won|dispute.lost|subscription.renewed|subscription.cancelled
N2845,641,payment.authorized|payment.captured|payment.failed|refund.created|refund.settled|payout.paid|dispute.opened|dispute.won|dispute.lost|subscription.renewed|subscription.cancelled
N2846,641,payment.authorized|payment.captured|payment.failed|refund.created|refund.settled|payout.paid|dispute.opened|dispute.won|dispute.lost|subscription.renewed|subscription.cancelled
N2847,641,payment.authorized|payment.captured|payment.failed|refund.created|refund.settled|payout.paid|dispute.opened|dispute.won|dispute.lost|subscription.renewed|subscription.cancelled
N2848,641,payment.authorized|payment.captured|payment.failed|refund.created|refund.settled|payout.paid|dispute.opened|dispute.won|dispute.lost|subscription.renewed|subscription.cancelled
N2849,641,payment.authorized|payment.captured|payment.failed|refund.created|refund.settled|payout.paid|dispute.opened|dispute.won|dispute.lost|subscription.renewed|subscription.cancelled
N2850,641,payment.authorized|payment.captured|payment.failed|refund.created|refund.settled|payout.paid|dispute.opened|dispute.won|dispute.lost|subscription.renewed|subscription.cancelled
N2851,641,payment.authorized|payment.captured|payment.failed|refund.created|refund.settled|payout.paid|dispute.opened|dispute.won|dispute.lost|subscription.renewed|subscription.cancelled
N2852,641,payment.authorized|payment.captured|payment.failed|refund.created|refund.settled|payout.paid|dispute.opened|dispute.won|dispute.lost|subscription.renewed|subscription.cancelled
N2853,641,payment.authorized|payment.captured|payment.failed|refund.created|refund.settled|payout.paid|dispute.opened|dispute.won|dispute.lost|subscription.renewed|subscription.cancelled
N2854,641,payment.authorized|payment.captured|payment.failed|refund.created|refund.settled|payout.paid|dispute.opened|dispute.won|dispute.lost|subscription.renewed|subscription.cancelled
N2855,641,payment.authorized|payment.captured|payment.failed|refund.created|refund.settled|payout.paid|dispute.opened|dispute.won|dispute.lost|subscription.renewed|subscription.cancelled
N2856,641,payment.authorized|payment.captured|payment.failed|refund.created|refund.settled|payout.paid|dispute.opened|dispute.won|dispute.lost|subscription.renewed|subscription.cancelled
N2857,641,payment.authorized|payment.captured|payment.failed|refund.created|refund.settled|payout.paid|dispute.opened|dispute.won|dispute.lost|subscription.renewed|subscription.cancelled
N2858,641,payment.authorized|payment.captured|payment.failed|refund.created|refund.settled|payout.paid|dispute.opened|dispute.won|dispute.lost|subscription.renewed|subscription.cancelled
N2859,641,payment.authorized|payment.captured|payment.failed|refund.created|refund.settled|payout.paid|dispute.opened|dispute.won|dispute.lost|subscription.renewed|subscription.cancelled
N2860,641,payment.authorized|payment.captured|payment.failed|refund.created|refund.settled|payout.paid|dispute.opened|dispute.won|dispute.lost|subscription.renewed|subscription.cancelled
N2861,641,payment.authorized|payment.captured|payment.failed|refund.created|refund.settled|payout.paid|dispute.opened|dispute.won|dispute.lost|subscription.renewed|subscription.cancelled
N2862,641,payment.authorized|payment.captured|payment.failed|refund.created|refund.settled|payout.paid|dispute.opened|dispute.won|dispute.lost|subscription.renewed|subscription.cancelled
N2863,641,payment.authorized|payment.captured|payment.failed|refund.created|refund.settled|payout.paid|dispute.opened|dispute.won|dispute.lost|subscription.renewed|subscription.cancelled
N2864,641,payment.authorized|payment.captured|payment.failed|refund.created|refund.settled|payout.paid|dispute.opened|dispute.won|dispute.lost|subscription.renewed|subscription.cancelled
N2865,641,payment.authorized|payment.captured|payment.failed|refund.created|refund.settled|payout.paid|dispute.opened|dispute.won|dispute.lost|subscription.renewed|subscription.cancelled
N2866,641,payment.authorized|payment.captured|payment.failed|refund.created|refund.settled|payout.paid|dispute.opened|dispute.won|dispute.lost|subscription.renewed|subscription.cancelled
N2867,641,payment.authorized|payment.captured|payment.failed|refund.created|refund.settled|payout.paid|dispute.opened|dispute.won|dispute.lost|subscription.renewed|subscription.cancelled
N2868,641,payment.authorized|payment.captured|payment.failed|refund.created|refund.settled|payout.paid|dispute.opened|dispute.won|dispute.lost|subscription.renewed|subscription.cancelled
N2869,641,payment.authorized|payment.captured|payment.failed|refund.created|refund.settled|payout.paid|dispute.opened|dispute.won|dispute.lost|subscription.renewed|subscription.cancelled
N2870,641,payment.authorized|payment.captured|payment.failed|refund.created|refund.settled|payout.paid|dispute.opened|dispute.won|dispute.lost|subscription.renewed|subscription.cancelled
N2871,641,payment.authorized|payment.captured|payment.failed|refund.created|refund.settled|payout.paid|dispute.opened|dispute.won|dispute.lost|subscription.renewed|subscription.cancelled
N2872,641,payment.authorized|payment.captured|payment.failed|refund.created|refund.settled|payout.paid|dispute.opened|dispute.won|dispute.lost|subscription.renewed|subscription.cancelled
N2873,641,payment.authorized|payment.captured|payment.failed|refund.created|refund.settled|payout.paid|dispute.opened|dispute.won|dispute.lost|subscription.renewed|subscription.cancelled
N2874,641,payment.authorized|payment.captured|payment.failed|refund.created|refund.settled|payout.paid|dispute.opened|dispute.won|dispute.lost|subscription.renewed|subscription.cancelled
N2875,641,payment.authorized|payment.captured|payment.failed|refund.created|refund.settled|payout.paid|dispute.opened|dispute.won|dispute.lost|subscription.renewed|subscription.cancelled
N2876,641,payment.authorized|payment.captured|payment.failed|refund.created|refund.settled|payout.paid|dispute.opened|dispute.won|dispute.lost|subscription.renewed|subscription.cancelled
N2877,641,payment.authorized|payment.captured|payment.failed|refund.created|refund.settled|payout.paid|dispute.opened|dispute.won|dispute.lost|subscription.renewed|subscription.cancelled
N2878,640,payment.authorized|dispute.opened
N2878,641,payment.authorized|payment.captured|payment.failed|refund.created|refund.settled|payout.paid|dispute.opened|dispute.won|dispute.lost|subscription.renewed|subscription.cancelled
N2879,641,payment.authorized|payment.captured|payment.failed|refund.created|refund.settled|payout.paid|dispute.opened|dispute.won|dispute.lost|subscription.renewed|subscription.cancelled
N2880,641,payment.authorized|payment.captured|payment.failed|refund.created|refund.settled|payout.paid|dispute.opened|dispute.won|dispute.lost|subscription.renewed|subscription.cancelled
N2881,641,payment.authorized|payment.captured|payment.failed|refund.created|refund.settled|payout.paid|dispute.opened|dispute.won|dispute.lost|subscription.renewed|subscription.cancelled
N2882,641,payment.authorized|payment.captured|payment.failed|refund.created|refund.settled|payout.paid|dispute.opened|dispute.won|dispute.lost|subscription.renewed|subscription.cancelled
N2883,641,payment.authorized|payment.captured|payment.failed|refund.created|refund.settled|payout.paid|dispute.opened|dispute.won|dispute.lost|subscription.renewed|subscription.cancelled
N2884,641,payment.authorized|payment.captured|payment.failed|refund.created|refund.settled|payout.paid|dispute.opened|dispute.won|dispute.lost|subscription.renewed|subscription.cancelled
N2885,641,payment.authorized|payment.captured|payment.failed|refund.created|refund.settled|payout.paid|dispute.opened|dispute.won|dispute.lost|subscription.renewed|subscription.cancelled
N2886,641,payment.authorized|payment.captured|payment.failed|refund.created|refund.settled|payout.paid|dispute.opened|dispute.won|dispute.lost|subscription.renewed|subscription.cancelled
N2887,641,payment.authorized|payment.captured|payment.failed|refund.created|refund.settled|payout.paid|dispute.opened|dispute.won|dispute.lost|subscription.renewed|subscription.cancelled
N2888,641,payment.authorized|payment.captured|payment.failed|refund.created|refund.settled|payout.paid|dispute.opened|dispute.won|dispute.lost|subscription.renewed|subscription.cancelled
N2889,641,payment.authorized|payment.captured|payment.failed|refund.created|refund.settled|payout.paid|dispute.opened|dispute.won|dispute.lost|subscription.renewed|subscription.cancelled
N2890,641,payment.authorized|payment.captured|payment.failed|refund.created|refund.settled|payout.paid|dispute.opened|dispute.won|dispute.lost|subscription.renewed|subscription.cancelled
N2891,641,payment.authorized|payment.captured|payment.failed|refund.created|refund.settled|payout.paid|dispute.opened|dispute.won|dispute.lost|subscription.renewed|subscription.cancelled
N2892,641,payment.authorized|payment.captured|payment.failed|refund.created|refund.settled|payout.paid|dispute.opened|dispute.won|dispute.lost|subscription.renewed|subscription.cancelled
N2893,641,payment.authorized|payment.captured|payment.failed|refund.created|refund.settled|payout.paid|dispute.opened|dispute.won|dispute.lost|subscription.renewed|subscription.cancelled
N2894,641,payment.authorized|payment.captured|payment.failed|refund.created|refund.settled|payout.paid|dispute.opened|dispute.won|dispute.lost|subscription.renewed|subscription.cancelled
N2895,641,payment.authorized|payment.captured|payment.failed|refund.created|refund.settled|payout.paid|dispute.opened|dispute.won|dispute.lost|subscription.renewed|subscription.cancelled
N2896,641,payment.authorized|payment.captured|payment.failed|refund.created|refund.settled|payout.paid|dispute.opened|dispute.won|dispute.lost|subscription.renewed|subscription.cancelled
N2897,641,payment.authorized|payment.captured|payment.failed|refund.created|refund.settled|payout.paid|dispute.opened|dispute.won|dispute.lost|subscription.renewed|subscription.cancelled
N2898,641,payment.authorized|payment.captured|payment.failed|refund.created|refund.settled|payout.paid|dispute.opened|dispute.won|dispute.lost|subscription.renewed|subscription.cancelled
N2899,641,payment.authorized|payment.captured|payment.failed|refund.created|refund.settled|payout.paid|dispute.opened|dispute.won|dispute.lost|subscription.renewed|subscription.cancelled
N2900,641,payment.authorized|payment.captured|payment.failed|refund.created|refund.settled|payout.paid|dispute.opened|dispute.won|dispute.lost|subscription.renewed|subscription.cancelled
N2901,641,payment.authorized|payment.captured|payment.failed|refund.created|refund.settled|payout.paid|dispute.opened|dispute.won|dispute.lost|subscription.renewed|subscription.cancelled
N2902,641,payment.authorized|payment.captured|payment.failed|refund.created|refund.settled|payout.paid|dispute.opened|dispute.won|dispute.lost|subscription.renewed|subscription.cancelled
N2903,641,payment.authorized|payment.captured|payment.failed|refund.created|refund.settled|payout.paid|dispute.opened|dispute.won|dispute.lost|subscription.renewed|subscription.cancelled
N2904,641,payment.authorized|payment.captured|payment.failed|refund.created|refund.settled|payout.paid|dispute.opened|dispute.won|dispute.lost|subscription.renewed|subscription.cancelled
N2905,641,payment.authorized|payment.captured|payment.failed|refund.created|refund.settled|payout.paid|dispute.opened|dispute.won|dispute.lost|subscription.renewed|subscription.cancelled
N2906,641,payment.authorized|payment.captured|payment.failed|refund.created|refund.settled|payout.paid|dispute.opened|dispute.won|dispute.lost|subscription.renewed|subscription.cancelled
N2907,641,payment.authorized|payment.captured|payment.failed|refund.created|refund.settled|payout.paid|dispute.opened|dispute.won|dispute.lost|subscription.renewed|subscription.cancelled
N2908,641,payment.authorized|payment.captured|payment.failed|refund.created|refund.settled|payout.paid|dispute.opened|dispute.won|dispute.lost|subscription.renewed|subscription.cancelled
N2909,641,payment.authorized|payment.captured|payment.failed|refund.created|refund.settled|payout.paid|dispute.opened|dispute.won|dispute.lost|subscription.renewed|subscription.cancelled
N2910,641,payment.authorized|payment.captured|payment.failed|refund.created|refund.settled|payout.paid|dispute.opened|dispute.won|dispute.lost|subscription.renewed|subscription.cancelled
N2911,641,payment.authorized|payment.captured|payment.failed|refund.created|refund.settled|payout.paid|dispute.opened|dispute.won|dispute.lost|subscription.renewed|subscription.cancelled
N2912,641,payment.authorized|payment.captured|payment.failed|refund.created|refund.settled|payout.paid|dispute.opened|dispute.won|dispute.lost|subscription.renewed|subscription.cancelled
N2913,641,payment.authorized|payment.captured|payment.failed|refund.created|refund.settled|payout.paid|dispute.opened|dispute.won|dispute.lost|subscription.renewed|subscription.cancelled
N2914,641,payment.authorized|payment.captured|payment.failed|refund.created|refund.settled|payout.paid|dispute.opened|dispute.won|dispute.lost|subscription.renewed|subscription.cancelled
N2915,641,payment.authorized|payment.captured|payment.failed|refund.created|refund.settled|payout.paid|dispute.opened|dispute.won|dispute.lost|subscription.renewed|subscription.cancelled
N2916,641,payment.authorized|payment.captured|payment.failed|refund.created|refund.settled|payout.paid|dispute.opened|dispute.won|dispute.lost|subscription.renewed|subscription.cancelled
N2917,641,payment.authorized|payment.captured|payment.failed|refund.created|refund.settled|payout.paid|dispute.opened|dispute.won|dispute.lost|subscription.renewed|subscription.cancelled
N2918,641,payment.authorized|payment.captured|payment.failed|refund.created|refund.settled|payout.paid|dispute.opened|dispute.won|dispute.lost|subscription.renewed|subscription.cancelled
N2919,641,payment.authorized|payment.captured|payment.failed|refund.created|refund.settled|payout.paid|dispute.opened|dispute.won|dispute.lost|subscription.renewed|subscription.cancelled
N2920,641,payment.authorized|payment.captured|payment.failed|refund.created|refund.settled|payout.paid|dispute.opened|dispute.won|dispute.lost|subscription.renewed|subscription.cancelled
N2921,641,payment.authorized|payment.captured|payment.failed|refund.created|refund.settled|payout.paid|dispute.opened|dispute.won|dispute.lost|subscription.renewed|subscription.cancelled
N2922,640,payment.authorized|dispute.opened
N2922,641,payment.authorized|payment.captured|payment.failed|refund.created|refund.settled|payout.paid|dispute.opened|dispute.won|dispute.lost|subscription.renewed|subscription.cancelled
N2923,641,payment.authorized|payment.captured|payment.failed|refund.created|refund.settled|payout.paid|dispute.opened|dispute.won|dispute.lost|subscription.renewed|subscription.cancelled
N2924,641,payment.authorized|payment.captured|payment.failed|refund.created|refund.settled|payout.paid|dispute.opened|dispute.won|dispute.lost|subscription.renewed|subscription.cancelled
N2925,641,payment.authorized|payment.captured|payment.failed|refund.created|refund.settled|payout.paid|dispute.opened|dispute.won|dispute.lost|subscription.renewed|subscription.cancelled
N2926,641,payment.authorized|payment.captured|payment.failed|refund.created|refund.settled|payout.paid|dispute.opened|dispute.won|dispute.lost|subscription.renewed|subscription.cancelled
N2927,641,payment.authorized|payment.captured|payment.failed|refund.created|refund.settled|payout.paid|dispute.opened|dispute.won|dispute.lost|subscription.renewed|subscription.cancelled
N2928,641,payment.authorized|payment.captured|payment.failed|refund.created|refund.settled|payout.paid|dispute.opened|dispute.won|dispute.lost|subscription.renewed|subscription.cancelled
N2929,641,payment.authorized|payment.captured|payment.failed|refund.created|refund.settled|payout.paid|dispute.opened|dispute.won|dispute.lost|subscription.renewed|subscription.cancelled
N2930,641,payment.authorized|payment.captured|payment.failed|refund.created|refund.settled|payout.paid|dispute.opened|dispute.won|dispute.lost|subscription.renewed|subscription.cancelled
N2931,641,payment.authorized|payment.captured|payment.failed|refund.created|refund.settled|payout.paid|dispute.opened|dispute.won|dispute.lost|subscription.renewed|subscription.cancelled
N2932,641,payment.authorized|payment.captured|payment.failed|refund.created|refund.settled|payout.paid|dispute.opened|dispute.won|dispute.lost|subscription.renewed|subscription.cancelled
N2933,641,payment.authorized|payment.captured|payment.failed|refund.created|refund.settled|payout.paid|dispute.opened|dispute.won|dispute.lost|subscription.renewed|subscription.cancelled
N2934,641,payment.authorized|payment.captured|payment.failed|refund.created|refund.settled|payout.paid|dispute.opened|dispute.won|dispute.lost|subscription.renewed|subscription.cancelled
N2935,641,payment.authorized|payment.captured|payment.failed|refund.created|refund.settled|payout.paid|dispute.opened|dispute.won|dispute.lost|subscription.renewed|subscription.cancelled
N2936,641,payment.authorized|payment.captured|payment.failed|refund.created|refund.settled|payout.paid|dispute.opened|dispute.won|dispute.lost|subscription.renewed|subscription.cancelled
N2937,641,payment.authorized|payment.captured|payment.failed|refund.created|refund.settled|payout.paid|dispute.opened|dispute.won|dispute.lost|subscription.renewed|subscription.cancelled
N2938,641,payment.authorized|payment.captured|payment.failed|refund.created|refund.settled|payout.paid|dispute.opened|dispute.won|dispute.lost|subscription.renewed|subscription.cancelled
N2939,640,payment.authorized|dispute.opened
N2939,641,payment.authorized|payment.captured|payment.failed|refund.created|refund.settled|payout.paid|dispute.opened|dispute.won|dispute.lost|subscription.renewed|subscription.cancelled
N2940,641,payment.authorized|payment.captured|payment.failed|refund.created|refund.settled|payout.paid|dispute.opened|dispute.won|dispute.lost|subscription.renewed|subscription.cancelled
N2941,641,payment.authorized|payment.captured|payment.failed|refund.created|refund.settled|payout.paid|dispute.opened|dispute.won|dispute.lost|subscription.renewed|subscription.cancelled
N2942,641,payment.authorized|payment.captured|payment.failed|refund.created|refund.settled|payout.paid|dispute.opened|dispute.won|dispute.lost|subscription.renewed|subscription.cancelled
N2943,641,payment.authorized|payment.captured|payment.failed|refund.created|refund.settled|payout.paid|dispute.opened|dispute.won|dispute.lost|subscription.renewed|subscription.cancelled
N2944,641,payment.authorized|payment.captured|payment.failed|refund.created|refund.settled|payout.paid|dispute.opened|dispute.won|dispute.lost|subscription.renewed|subscription.cancelled
N2945,641,payment.authorized|payment.captured|payment.failed|refund.created|refund.settled|payout.paid|dispute.opened|dispute.won|dispute.lost|subscription.renewed|subscription.cancelled
N2946,641,payment.authorized|payment.captured|payment.failed|refund.created|refund.settled|payout.paid|dispute.opened|dispute.won|dispute.lost|subscription.renewed|subscription.cancelled
N2947,641,payment.authorized|payment.captured|payment.failed|refund.created|refund.settled|payout.paid|dispute.opened|dispute.won|dispute.lost|subscription.renewed|subscription.cancelled
N2948,640,payment.authorized|dispute.opened
N2948,641,payment.authorized|payment.captured|payment.failed|refund.created|refund.settled|payout.paid|dispute.opened|dispute.won|dispute.lost|subscription.renewed|subscription.cancelled
N2949,641,payment.authorized|payment.captured|payment.failed|refund.created|refund.settled|payout.paid|dispute.opened|dispute.won|dispute.lost|subscription.renewed|subscription.cancelled
N2950,641,payment.authorized|payment.captured|payment.failed|refund.created|refund.settled|payout.paid|dispute.opened|dispute.won|dispute.lost|subscription.renewed|subscription.cancelled
N2951,641,payment.authorized|payment.captured|payment.failed|refund.created|refund.settled|payout.paid|dispute.opened|dispute.won|dispute.lost|subscription.renewed|subscription.cancelled
N2952,641,payment.authorized|payment.captured|payment.failed|refund.created|refund.settled|payout.paid|dispute.opened|dispute.won|dispute.lost|subscription.renewed|subscription.cancelled
N2953,641,payment.authorized|payment.captured|payment.failed|refund.created|refund.settled|payout.paid|dispute.opened|dispute.won|dispute.lost|subscription.renewed|subscription.cancelled
N2954,641,payment.authorized|payment.captured|payment.failed|refund.created|refund.settled|payout.paid|dispute.opened|dispute.won|dispute.lost|subscription.renewed|subscription.cancelled
N2955,641,payment.authorized|payment.captured|payment.failed|refund.created|refund.settled|payout.paid|dispute.opened|dispute.won|dispute.lost|subscription.renewed|subscription.cancelled
N2956,641,payment.authorized|payment.captured|payment.failed|refund.created|refund.settled|payout.paid|dispute.opened|dispute.won|dispute.lost|subscription.renewed|subscription.cancelled
N2957,641,payment.authorized|payment.captured|payment.failed|refund.created|refund.settled|payout.paid|dispute.opened|dispute.won|dispute.lost|subscription.renewed|subscription.cancelled
N2958,641,payment.authorized|payment.captured|payment.failed|refund.created|refund.settled|payout.paid|dispute.opened|dispute.won|dispute.lost|subscription.renewed|subscription.cancelled
N2959,640,payment.authorized|dispute.opened
N2959,641,payment.authorized|payment.captured|payment.failed|refund.created|refund.settled|payout.paid|dispute.opened|dispute.won|dispute.lost|subscription.renewed|subscription.cancelled
N2960,641,payment.authorized|payment.captured|payment.failed|refund.created|refund.settled|payout.paid|dispute.opened|dispute.won|dispute.lost|subscription.renewed|subscription.cancelled
N2961,641,payment.authorized|payment.captured|payment.failed|refund.created|refund.settled|payout.paid|dispute.opened|dispute.won|dispute.lost|subscription.renewed|subscription.cancelled
N2962,641,payment.authorized|payment.captured|payment.failed|refund.created|refund.settled|payout.paid|dispute.opened|dispute.won|dispute.lost|subscription.renewed|subscription.cancelled
N2963,641,payment.authorized|payment.captured|payment.failed|refund.created|refund.settled|payout.paid|dispute.opened|dispute.won|dispute.lost|subscription.renewed|subscription.cancelled
N2964,641,payment.authorized|payment.captured|payment.failed|refund.created|refund.settled|payout.paid|dispute.opened|dispute.won|dispute.lost|subscription.renewed|subscription.cancelled
N2965,641,payment.authorized|payment.captured|payment.failed|refund.created|refund.settled|payout.paid|dispute.opened|dispute.won|dispute.lost|subscription.renewed|subscription.cancelled
N2966,641,payment.authorized|payment.captured|payment.failed|refund.created|refund.settled|payout.paid|dispute.opened|dispute.won|dispute.lost|subscription.renewed|subscription.cancelled
N2967,641,payment.authorized|payment.captured|payment.failed|refund.created|refund.settled|payout.paid|dispute.opened|dispute.won|dispute.lost|subscription.renewed|subscription.cancelled
N2968,641,payment.authorized|payment.captured|payment.failed|refund.created|refund.settled|payout.paid|dispute.opened|dispute.won|dispute.lost|subscription.renewed|subscription.cancelled
N2969,641,payment.authorized|payment.captured|payment.failed|refund.created|refund.settled|payout.paid|dispute.opened|dispute.won|dispute.lost|subscription.renewed|subscription.cancelled
N2970,641,payment.authorized|payment.captured|payment.failed|refund.created|refund.settled|payout.paid|dispute.opened|dispute.won|dispute.lost|subscription.renewed|subscription.cancelled
N2971,641,payment.authorized|payment.captured|payment.failed|refund.created|refund.settled|payout.paid|dispute.opened|dispute.won|dispute.lost|subscription.renewed|subscription.cancelled
N2972,640,payment.authorized|dispute.opened
N2972,641,payment.authorized|payment.captured|payment.failed|refund.created|refund.settled|payout.paid|dispute.opened|dispute.won|dispute.lost|subscription.renewed|subscription.cancelled
N2973,641,payment.authorized|payment.captured|payment.failed|refund.created|refund.settled|payout.paid|dispute.opened|dispute.won|dispute.lost|subscription.renewed|subscription.cancelled
N2974,641,payment.authorized|payment.captured|payment.failed|refund.created|refund.settled|payout.paid|dispute.opened|dispute.won|dispute.lost|subscription.renewed|subscription.cancelled
N2975,641,payment.authorized|payment.captured|payment.failed|refund.created|refund.settled|payout.paid|dispute.opened|dispute.won|dispute.lost|subscription.renewed|subscription.cancelled
N2976,641,payment.authorized|payment.captured|payment.failed|refund.created|refund.settled|payout.paid|dispute.opened|dispute.won|dispute.lost|subscription.renewed|subscription.cancelled
N2977,641,payment.authorized|payment.captured|payment.failed|refund.created|refund.settled|payout.paid|dispute.opened|dispute.won|dispute.lost|subscription.renewed|subscription.cancelled
N2978,641,payment.authorized|payment.captured|payment.failed|refund.created|refund.settled|payout.paid|dispute.opened|dispute.won|dispute.lost|subscription.renewed|subscription.cancelled
N2979,641,payment.authorized|payment.captured|payment.failed|refund.created|refund.settled|payout.paid|dispute.opened|dispute.won|dispute.lost|subscription.renewed|subscription.cancelled
N2980,641,payment.authorized|payment.captured|payment.failed|refund.created|refund.settled|payout.paid|dispute.opened|dispute.won|dispute.lost|subscription.renewed|subscription.cancelled
N2981,641,payment.authorized|payment.captured|payment.failed|refund.created|refund.settled|payout.paid|dispute.opened|dispute.won|dispute.lost|subscription.renewed|subscription.cancelled
N2982,641,payment.authorized|payment.captured|payment.failed|refund.created|refund.settled|payout.paid|dispute.opened|dispute.won|dispute.lost|subscription.renewed|subscription.cancelled
N2983,641,payment.authorized|payment.captured|payment.failed|refund.created|refund.settled|payout.paid|dispute.opened|dispute.won|dispute.lost|subscription.renewed|subscription.cancelled
N2984,640,payment.authorized|dispute.opened
N2984,641,payment.authorized|payment.captured|payment.failed|refund.created|refund.settled|payout.paid|dispute.opened|dispute.won|dispute.lost|subscription.renewed|subscription.cancelled
N2985,641,payment.authorized|payment.captured|payment.failed|refund.created|refund.settled|payout.paid|dispute.opened|dispute.won|dispute.lost|subscription.renewed|subscription.cancelled
N2986,641,payment.authorized|payment.captured|payment.failed|refund.created|refund.settled|payout.paid|dispute.opened|dispute.won|dispute.lost|subscription.renewed|subscription.cancelled
N2987,641,payment.authorized|payment.captured|payment.failed|refund.created|refund.settled|payout.paid|dispute.opened|dispute.won|dispute.lost|subscription.renewed|subscription.cancelled
N2988,641,payment.authorized|payment.captured|payment.failed|refund.created|refund.settled|payout.paid|dispute.opened|dispute.won|dispute.lost|subscription.renewed|subscription.cancelled
N2989,641,payment.authorized|payment.captured|payment.failed|refund.created|refund.settled|payout.paid|dispute.opened|dispute.won|dispute.lost|subscription.renewed|subscription.cancelled
N2990,641,payment.authorized|payment.captured|payment.failed|refund.created|refund.settled|payout.paid|dispute.opened|dispute.won|dispute.lost|subscription.renewed|subscription.cancelled
N2991,641,payment.authorized|payment.captured|payment.failed|refund.created|refund.settled|payout.paid|dispute.opened|dispute.won|dispute.lost|subscription.renewed|subscription.cancelled
N2992,641,payment.authorized|payment.captured|payment.failed|refund.created|refund.settled|payout.paid|dispute.opened|dispute.won|dispute.lost|subscription.renewed|subscription.cancelled
N2993,641,payment.authorized|payment.captured|payment.failed|refund.created|refund.settled|payout.paid|dispute.opened|dispute.won|dispute.lost|subscription.renewed|subscription.cancelled
N2994,641,payment.authorized|payment.captured|payment.failed|refund.created|refund.settled|payout.paid|dispute.opened|dispute.won|dispute.lost|subscription.renewed|subscription.cancelled
N2995,641,payment.authorized|payment.captured|payment.failed|refund.created|refund.settled|payout.paid|dispute.opened|dispute.won|dispute.lost|subscription.renewed|subscription.cancelled
N2996,641,payment.authorized|payment.captured|payment.failed|refund.created|refund.settled|payout.paid|dispute.opened|dispute.won|dispute.lost|subscription.renewed|subscription.cancelled
N2997,641,payment.authorized|payment.captured|payment.failed|refund.created|refund.settled|payout.paid|dispute.opened|dispute.won|dispute.lost|subscription.renewed|subscription.cancelled
N2998,641,payment.authorized|payment.captured|payment.failed|refund.created|refund.settled|payout.paid|dispute.opened|dispute.won|dispute.lost|subscription.renewed|subscription.cancelled
N2999,641,payment.authorized|payment.captured|payment.failed|refund.created|refund.settled|payout.paid|dispute.opened|dispute.won|dispute.lost|subscription.renewed|subscription.cancelled
